hour,price
2024-12-31T22:00:00.000Z,0.401
2024-12-31T23:00:00.000Z,0.485
2025-01-01T00:00:00.000Z,0.395
2025-01-01T01:00:00.000Z,0.380
2025-01-01T02:00:00.000Z,0.346
2025-01-01T03:00:00.000Z,0.344
2025-01-01T04:00:00.000Z,0.388
2025-01-01T05:00:00.000Z,2.088
2025-01-01T06:00:00.000Z,3.655
2025-01-01T07:00:00.000Z,4.179
2025-01-01T08:00:00.000Z,5.201
2025-01-01T09:00:00.000Z,7.500
2025-01-01T10:00:00.000Z,7.999
2025-01-01T11:00:00.000Z,7.702
2025-01-01T12:00:00.000Z,8.000
2025-01-01T13:00:00.000Z,8.517
2025-01-01T14:00:00.000Z,9.319
2025-01-01T15:00:00.000Z,10.172
2025-01-01T16:00:00.000Z,9.989
2025-01-01T17:00:00.000Z,10.171
2025-01-01T18:00:00.000Z,9.243
2025-01-01T19:00:00.000Z,8.999
2025-01-01T20:00:00.000Z,10.622
2025-01-01T21:00:00.000Z,10.622
2025-01-01T22:00:00.000Z,9.060
2025-01-01T23:00:00.000Z,5.132
2025-01-02T00:00:00.000Z,4.201
2025-01-02T01:00:00.000Z,4.074
2025-01-02T02:00:00.000Z,3.703
2025-01-02T03:00:00.000Z,4.290
2025-01-02T04:00:00.000Z,7.490
2025-01-02T05:00:00.000Z,8.276
2025-01-02T06:00:00.000Z,9.493
2025-01-02T07:00:00.000Z,11.862
2025-01-02T08:00:00.000Z,12.570
2025-01-02T09:00:00.000Z,12.332
2025-01-02T10:00:00.000Z,11.047
2025-01-02T11:00:00.000Z,10.139
2025-01-02T12:00:00.000Z,10.688
2025-01-02T13:00:00.000Z,11.355
2025-01-02T14:00:00.000Z,12.915
2025-01-02T15:00:00.000Z,13.528
2025-01-02T16:00:00.000Z,15.022
2025-01-02T17:00:00.000Z,14.843
2025-01-02T18:00:00.000Z,10.951
2025-01-02T19:00:00.000Z,10.467
2025-01-02T20:00:00.000Z,7.765
2025-01-02T21:00:00.000Z,6.687
2025-01-02T22:00:00.000Z,5.807
2025-01-02T23:00:00.000Z,4.343
2025-01-03T00:00:00.000Z,5.066
2025-01-03T01:00:00.000Z,3.742
2025-01-03T02:00:00.000Z,3.343
2025-01-03T03:00:00.000Z,3.992
2025-01-03T04:00:00.000Z,6.799
2025-01-03T05:00:00.000Z,8.301
2025-01-03T06:00:00.000Z,12.389
2025-01-03T07:00:00.000Z,12.582
2025-01-03T08:00:00.000Z,12.705
2025-01-03T09:00:00.000Z,10.000
2025-01-03T10:00:00.000Z,10.595
2025-01-03T11:00:00.000Z,8.918
2025-01-03T12:00:00.000Z,9.299
2025-01-03T13:00:00.000Z,9.402
2025-01-03T14:00:00.000Z,10.103
2025-01-03T15:00:00.000Z,12.389
2025-01-03T16:00:00.000Z,11.991
2025-01-03T17:00:00.000Z,11.990
2025-01-03T18:00:00.000Z,10.844
2025-01-03T19:00:00.000Z,8.819
2025-01-03T20:00:00.000Z,9.120
2025-01-03T21:00:00.000Z,9.119
2025-01-03T22:00:00.000Z,7.706
2025-01-03T23:00:00.000Z,5.181
2025-01-04T00:00:00.000Z,4.864
2025-01-04T01:00:00.000Z,4.845
2025-01-04T02:00:00.000Z,5.501
2025-01-04T03:00:00.000Z,4.797
2025-01-04T04:00:00.000Z,5.850
2025-01-04T05:00:00.000Z,5.967
2025-01-04T06:00:00.000Z,8.517
2025-01-04T07:00:00.000Z,10.110
2025-01-04T08:00:00.000Z,10.683
2025-01-04T09:00:00.000Z,10.745
2025-01-04T10:00:00.000Z,10.648
2025-01-04T11:00:00.000Z,10.420
2025-01-04T12:00:00.000Z,7.886
2025-01-04T13:00:00.000Z,11.379
2025-01-04T14:00:00.000Z,13.839
2025-01-04T15:00:00.000Z,14.999
2025-01-04T16:00:00.000Z,15.017
2025-01-04T17:00:00.000Z,14.733
2025-01-04T18:00:00.000Z,14.010
2025-01-04T19:00:00.000Z,12.320
2025-01-04T20:00:00.000Z,12.050
2025-01-04T21:00:00.000Z,7.721
2025-01-04T22:00:00.000Z,6.441
2025-01-04T23:00:00.000Z,5.681
2025-01-05T00:00:00.000Z,5.759
2025-01-05T01:00:00.000Z,5.858
2025-01-05T02:00:00.000Z,6.059
2025-01-05T03:00:00.000Z,6.956
2025-01-05T04:00:00.000Z,7.134
2025-01-05T05:00:00.000Z,8.568
2025-01-05T06:00:00.000Z,8.541
2025-01-05T07:00:00.000Z,8.930
2025-01-05T08:00:00.000Z,9.882
2025-01-05T09:00:00.000Z,10.602
2025-01-05T10:00:00.000Z,9.997
2025-01-05T11:00:00.000Z,9.350
2025-01-05T12:00:00.000Z,9.129
2025-01-05T13:00:00.000Z,10.603
2025-01-05T14:00:00.000Z,9.997
2025-01-05T15:00:00.000Z,7.621
2025-01-05T16:00:00.000Z,7.006
2025-01-05T17:00:00.000Z,6.734
2025-01-05T18:00:00.000Z,5.285
2025-01-05T19:00:00.000Z,3.720
2025-01-05T20:00:00.000Z,3.874
2025-01-05T21:00:00.000Z,3.575
2025-01-05T22:00:00.000Z,2.716
2025-01-05T23:00:00.000Z,5.501
2025-01-06T00:00:00.000Z,4.419
2025-01-06T01:00:00.000Z,3.999
2025-01-06T02:00:00.000Z,4.495
2025-01-06T03:00:00.000Z,5.500
2025-01-06T04:00:00.000Z,7.501
2025-01-06T05:00:00.000Z,8.809
2025-01-06T06:00:00.000Z,10.323
2025-01-06T07:00:00.000Z,9.783
2025-01-06T08:00:00.000Z,9.994
2025-01-06T09:00:00.000Z,11.999
2025-01-06T10:00:00.000Z,9.350
2025-01-06T11:00:00.000Z,9.349
2025-01-06T12:00:00.000Z,9.349
2025-01-06T13:00:00.000Z,10.602
2025-01-06T14:00:00.000Z,11.999
2025-01-06T15:00:00.000Z,10.603
2025-01-06T16:00:00.000Z,10.602
2025-01-06T17:00:00.000Z,10.603
2025-01-06T18:00:00.000Z,9.349
2025-01-06T19:00:00.000Z,5.541
2025-01-06T20:00:00.000Z,5.501
2025-01-06T21:00:00.000Z,3.078
2025-01-06T22:00:00.000Z,1.902
2025-01-06T23:00:00.000Z,2.019
2025-01-07T00:00:00.000Z,0.697
2025-01-07T01:00:00.000Z,0.570
2025-01-07T02:00:00.000Z,0.496
2025-01-07T03:00:00.000Z,0.535
2025-01-07T04:00:00.000Z,0.582
2025-01-07T05:00:00.000Z,2.746
2025-01-07T06:00:00.000Z,3.614
2025-01-07T07:00:00.000Z,3.745
2025-01-07T08:00:00.000Z,3.497
2025-01-07T09:00:00.000Z,3.424
2025-01-07T10:00:00.000Z,3.463
2025-01-07T11:00:00.000Z,3.321
2025-01-07T12:00:00.000Z,3.326
2025-01-07T13:00:00.000Z,2.961
2025-01-07T14:00:00.000Z,3.154
2025-01-07T15:00:00.000Z,2.232
2025-01-07T16:00:00.000Z,2.200
2025-01-07T17:00:00.000Z,1.784
2025-01-07T18:00:00.000Z,0.722
2025-01-07T19:00:00.000Z,0.595
2025-01-07T20:00:00.000Z,0.594
2025-01-07T21:00:00.000Z,0.513
2025-01-07T22:00:00.000Z,0.433
2025-01-07T23:00:00.000Z,0.382
2025-01-08T00:00:00.000Z,0.391
2025-01-08T01:00:00.000Z,0.660
2025-01-08T02:00:00.000Z,0.648
2025-01-08T03:00:00.000Z,0.520
2025-01-08T04:00:00.000Z,1.259
2025-01-08T05:00:00.000Z,1.181
2025-01-08T06:00:00.000Z,3.629
2025-01-08T07:00:00.000Z,5.180
2025-01-08T08:00:00.000Z,5.972
2025-01-08T09:00:00.000Z,6.392
2025-01-08T10:00:00.000Z,7.121
2025-01-08T11:00:00.000Z,7.101
2025-01-08T12:00:00.000Z,7.615
2025-01-08T13:00:00.000Z,8.330
2025-01-08T14:00:00.000Z,10.854
2025-01-08T15:00:00.000Z,13.634
2025-01-08T16:00:00.000Z,14.422
2025-01-08T17:00:00.000Z,13.240
2025-01-08T18:00:00.000Z,13.369
2025-01-08T19:00:00.000Z,9.992
2025-01-08T20:00:00.000Z,9.129
2025-01-08T21:00:00.000Z,7.572
2025-01-08T22:00:00.000Z,4.696
2025-01-08T23:00:00.000Z,3.134
2025-01-09T00:00:00.000Z,2.907
2025-01-09T01:00:00.000Z,2.829
2025-01-09T02:00:00.000Z,2.894
2025-01-09T03:00:00.000Z,3.099
2025-01-09T04:00:00.000Z,4.341
2025-01-09T05:00:00.000Z,7.009
2025-01-09T06:00:00.000Z,15.337
2025-01-09T07:00:00.000Z,16.343
2025-01-09T08:00:00.000Z,15.546
2025-01-09T09:00:00.000Z,14.629
2025-01-09T10:00:00.000Z,14.635
2025-01-09T11:00:00.000Z,13.350
2025-01-09T12:00:00.000Z,12.615
2025-01-09T13:00:00.000Z,12.909
2025-01-09T14:00:00.000Z,13.473
2025-01-09T15:00:00.000Z,13.630
2025-01-09T16:00:00.000Z,13.824
2025-01-09T17:00:00.000Z,14.143
2025-01-09T18:00:00.000Z,13.053
2025-01-09T19:00:00.000Z,12.093
2025-01-09T20:00:00.000Z,10.251
2025-01-09T21:00:00.000Z,9.980
2025-01-09T22:00:00.000Z,6.951
2025-01-09T23:00:00.000Z,6.875
2025-01-10T00:00:00.000Z,5.849
2025-01-10T01:00:00.000Z,5.495
2025-01-10T02:00:00.000Z,5.094
2025-01-10T03:00:00.000Z,5.286
2025-01-10T04:00:00.000Z,6.285
2025-01-10T05:00:00.000Z,10.121
2025-01-10T06:00:00.000Z,12.563
2025-01-10T07:00:00.000Z,14.130
2025-01-10T08:00:00.000Z,13.730
2025-01-10T09:00:00.000Z,12.476
2025-01-10T10:00:00.000Z,11.515
2025-01-10T11:00:00.000Z,11.032
2025-01-10T12:00:00.000Z,10.501
2025-01-10T13:00:00.000Z,11.001
2025-01-10T14:00:00.000Z,12.566
2025-01-10T15:00:00.000Z,12.991
2025-01-10T16:00:00.000Z,13.825
2025-01-10T17:00:00.000Z,13.595
2025-01-10T18:00:00.000Z,9.603
2025-01-10T19:00:00.000Z,5.509
2025-01-10T20:00:00.000Z,4.682
2025-01-10T21:00:00.000Z,4.047
2025-01-10T22:00:00.000Z,3.206
2025-01-10T23:00:00.000Z,2.679
2025-01-11T00:00:00.000Z,2.201
2025-01-11T01:00:00.000Z,1.758
2025-01-11T02:00:00.000Z,1.574
2025-01-11T03:00:00.000Z,2.023
2025-01-11T04:00:00.000Z,2.527
2025-01-11T05:00:00.000Z,2.747
2025-01-11T06:00:00.000Z,3.544
2025-01-11T07:00:00.000Z,3.883
2025-01-11T08:00:00.000Z,4.111
2025-01-11T09:00:00.000Z,4.270
2025-01-11T10:00:00.000Z,4.281
2025-01-11T11:00:00.000Z,4.226
2025-01-11T12:00:00.000Z,4.485
2025-01-11T13:00:00.000Z,4.474
2025-01-11T14:00:00.000Z,4.534
2025-01-11T15:00:00.000Z,4.788
2025-01-11T16:00:00.000Z,5.156
2025-01-11T17:00:00.000Z,4.825
2025-01-11T18:00:00.000Z,4.558
2025-01-11T19:00:00.000Z,4.334
2025-01-11T20:00:00.000Z,4.352
2025-01-11T21:00:00.000Z,4.127
2025-01-11T22:00:00.000Z,3.514
2025-01-11T23:00:00.000Z,3.075
2025-01-12T00:00:00.000Z,2.615
2025-01-12T01:00:00.000Z,2.516
2025-01-12T02:00:00.000Z,3.035
2025-01-12T03:00:00.000Z,3.434
2025-01-12T04:00:00.000Z,3.551
2025-01-12T05:00:00.000Z,3.600
2025-01-12T06:00:00.000Z,3.666
2025-01-12T07:00:00.000Z,3.983
2025-01-12T08:00:00.000Z,5.500
2025-01-12T09:00:00.000Z,7.046
2025-01-12T10:00:00.000Z,8.070
2025-01-12T11:00:00.000Z,7.203
2025-01-12T12:00:00.000Z,6.800
2025-01-12T13:00:00.000Z,8.396
2025-01-12T14:00:00.000Z,10.000
2025-01-12T15:00:00.000Z,9.486
2025-01-12T16:00:00.000Z,9.973
2025-01-12T17:00:00.000Z,10.692
2025-01-12T18:00:00.000Z,9.448
2025-01-12T19:00:00.000Z,7.701
2025-01-12T20:00:00.000Z,9.711
2025-01-12T21:00:00.000Z,7.344
2025-01-12T22:00:00.000Z,4.270
2025-01-12T23:00:00.000Z,2.293
2025-01-13T00:00:00.000Z,2.533
2025-01-13T01:00:00.000Z,2.046
2025-01-13T02:00:00.000Z,1.497
2025-01-13T03:00:00.000Z,1.333
2025-01-13T04:00:00.000Z,2.488
2025-01-13T05:00:00.000Z,3.001
2025-01-13T06:00:00.000Z,3.017
2025-01-13T07:00:00.000Z,2.689
2025-01-13T08:00:00.000Z,1.080
2025-01-13T09:00:00.000Z,1.499
2025-01-13T10:00:00.000Z,1.357
2025-01-13T11:00:00.000Z,1.109
2025-01-13T12:00:00.000Z,0.446
2025-01-13T13:00:00.000Z,0.299
2025-01-13T14:00:00.000Z,0.287
2025-01-13T15:00:00.000Z,0.268
2025-01-13T16:00:00.000Z,0.251
2025-01-13T17:00:00.000Z,0.233
2025-01-13T18:00:00.000Z,0.226
2025-01-13T19:00:00.000Z,0.216
2025-01-13T20:00:00.000Z,0.200
2025-01-13T21:00:00.000Z,0.170
2025-01-13T22:00:00.000Z,0.028
2025-01-13T23:00:00.000Z,0.020
2025-01-14T00:00:00.000Z,0.020
2025-01-14T01:00:00.000Z,0.018
2025-01-14T02:00:00.000Z,0.009
2025-01-14T03:00:00.000Z,0.020
2025-01-14T04:00:00.000Z,0.126
2025-01-14T05:00:00.000Z,0.196
2025-01-14T06:00:00.000Z,0.252
2025-01-14T07:00:00.000Z,0.272
2025-01-14T08:00:00.000Z,0.270
2025-01-14T09:00:00.000Z,0.286
2025-01-14T10:00:00.000Z,0.291
2025-01-14T11:00:00.000Z,0.323
2025-01-14T12:00:00.000Z,0.350
2025-01-14T13:00:00.000Z,0.346
2025-01-14T14:00:00.000Z,0.764
2025-01-14T15:00:00.000Z,0.887
2025-01-14T16:00:00.000Z,0.910
2025-01-14T17:00:00.000Z,1.051
2025-01-14T18:00:00.000Z,1.145
2025-01-14T19:00:00.000Z,0.625
2025-01-14T20:00:00.000Z,1.217
2025-01-14T21:00:00.000Z,2.148
2025-01-14T22:00:00.000Z,1.969
2025-01-14T23:00:00.000Z,2.289
2025-01-15T00:00:00.000Z,1.958
2025-01-15T01:00:00.000Z,2.090
2025-01-15T02:00:00.000Z,3.388
2025-01-15T03:00:00.000Z,3.570
2025-01-15T04:00:00.000Z,8.227
2025-01-15T05:00:00.000Z,13.788
2025-01-15T06:00:00.000Z,20.255
2025-01-15T07:00:00.000Z,30.166
2025-01-15T08:00:00.000Z,10.580
2025-01-15T09:00:00.000Z,3.001
2025-01-15T10:00:00.000Z,1.508
2025-01-15T11:00:00.000Z,0.640
2025-01-15T12:00:00.000Z,0.746
2025-01-15T13:00:00.000Z,0.300
2025-01-15T14:00:00.000Z,0.278
2025-01-15T15:00:00.000Z,0.219
2025-01-15T16:00:00.000Z,0.213
2025-01-15T17:00:00.000Z,0.216
2025-01-15T18:00:00.000Z,0.214
2025-01-15T19:00:00.000Z,0.201
2025-01-15T20:00:00.000Z,0.207
2025-01-15T21:00:00.000Z,0.165
2025-01-15T22:00:00.000Z,0.042
2025-01-15T23:00:00.000Z,0.009
2025-01-16T00:00:00.000Z,0.000
2025-01-16T01:00:00.000Z,0.000
2025-01-16T02:00:00.000Z,0.000
2025-01-16T03:00:00.000Z,0.000
2025-01-16T04:00:00.000Z,0.126
2025-01-16T05:00:00.000Z,0.198
2025-01-16T06:00:00.000Z,0.217
2025-01-16T07:00:00.000Z,0.217
2025-01-16T08:00:00.000Z,0.230
2025-01-16T09:00:00.000Z,0.223
2025-01-16T10:00:00.000Z,0.208
2025-01-16T11:00:00.000Z,0.207
2025-01-16T12:00:00.000Z,0.199
2025-01-16T13:00:00.000Z,0.200
2025-01-16T14:00:00.000Z,0.212
2025-01-16T15:00:00.000Z,0.239
2025-01-16T16:00:00.000Z,0.217
2025-01-16T17:00:00.000Z,0.212
2025-01-16T18:00:00.000Z,0.222
2025-01-16T19:00:00.000Z,0.217
2025-01-16T20:00:00.000Z,0.261
2025-01-16T21:00:00.000Z,0.235
2025-01-16T22:00:00.000Z,0.205
2025-01-16T23:00:00.000Z,0.148
2025-01-17T00:00:00.000Z,0.118
2025-01-17T01:00:00.000Z,0.109
2025-01-17T02:00:00.000Z,0.124
2025-01-17T03:00:00.000Z,0.208
2025-01-17T04:00:00.000Z,0.331
2025-01-17T05:00:00.000Z,0.408
2025-01-17T06:00:00.000Z,0.414
2025-01-17T07:00:00.000Z,0.422
2025-01-17T08:00:00.000Z,0.427
2025-01-17T09:00:00.000Z,0.411
2025-01-17T10:00:00.000Z,0.414
2025-01-17T11:00:00.000Z,0.426
2025-01-17T12:00:00.000Z,0.396
2025-01-17T13:00:00.000Z,0.311
2025-01-17T14:00:00.000Z,0.299
2025-01-17T15:00:00.000Z,0.282
2025-01-17T16:00:00.000Z,0.244
2025-01-17T17:00:00.000Z,0.217
2025-01-17T18:00:00.000Z,0.216
2025-01-17T19:00:00.000Z,0.194
2025-01-17T20:00:00.000Z,0.141
2025-01-17T21:00:00.000Z,0.018
2025-01-17T22:00:00.000Z,0.000
2025-01-17T23:00:00.000Z,0.000
2025-01-18T00:00:00.000Z,0.000
2025-01-18T01:00:00.000Z,0.000
2025-01-18T02:00:00.000Z,0.000
2025-01-18T03:00:00.000Z,0.001
2025-01-18T04:00:00.000Z,0.001
2025-01-18T05:00:00.000Z,0.104
2025-01-18T06:00:00.000Z,0.001
2025-01-18T07:00:00.000Z,0.124
2025-01-18T08:00:00.000Z,0.199
2025-01-18T09:00:00.000Z,0.209
2025-01-18T10:00:00.000Z,0.234
2025-01-18T11:00:00.000Z,0.251
2025-01-18T12:00:00.000Z,0.266
2025-01-18T13:00:00.000Z,0.278
2025-01-18T14:00:00.000Z,0.316
2025-01-18T15:00:00.000Z,0.349
2025-01-18T16:00:00.000Z,0.377
2025-01-18T17:00:00.000Z,0.418
2025-01-18T18:00:00.000Z,0.523
2025-01-18T19:00:00.000Z,0.637
2025-01-18T20:00:00.000Z,1.002
2025-01-18T21:00:00.000Z,2.216
2025-01-18T22:00:00.000Z,0.640
2025-01-18T23:00:00.000Z,2.501
2025-01-19T00:00:00.000Z,0.664
2025-01-19T01:00:00.000Z,0.521
2025-01-19T02:00:00.000Z,0.432
2025-01-19T03:00:00.000Z,0.429
2025-01-19T04:00:00.000Z,0.376
2025-01-19T05:00:00.000Z,0.361
2025-01-19T06:00:00.000Z,0.343
2025-01-19T07:00:00.000Z,0.318
2025-01-19T08:00:00.000Z,0.312
2025-01-19T09:00:00.000Z,0.307
2025-01-19T10:00:00.000Z,0.290
2025-01-19T11:00:00.000Z,0.231
2025-01-19T12:00:00.000Z,0.232
2025-01-19T13:00:00.000Z,0.249
2025-01-19T14:00:00.000Z,0.254
2025-01-19T15:00:00.000Z,0.272
2025-01-19T16:00:00.000Z,0.367
2025-01-19T17:00:00.000Z,0.398
2025-01-19T18:00:00.000Z,0.414
2025-01-19T19:00:00.000Z,0.399
2025-01-19T20:00:00.000Z,0.494
2025-01-19T21:00:00.000Z,0.538
2025-01-19T22:00:00.000Z,0.537
2025-01-19T23:00:00.000Z,1.047
2025-01-20T00:00:00.000Z,1.182
2025-01-20T01:00:00.000Z,1.505
2025-01-20T02:00:00.000Z,1.944
2025-01-20T03:00:00.000Z,2.369
2025-01-20T04:00:00.000Z,4.962
2025-01-20T05:00:00.000Z,8.472
2025-01-20T06:00:00.000Z,24.227
2025-01-20T07:00:00.000Z,35.689
2025-01-20T08:00:00.000Z,26.503
2025-01-20T09:00:00.000Z,22.138
2025-01-20T10:00:00.000Z,17.841
2025-01-20T11:00:00.000Z,16.664
2025-01-20T12:00:00.000Z,16.155
2025-01-20T13:00:00.000Z,18.545
2025-01-20T14:00:00.000Z,27.075
2025-01-20T15:00:00.000Z,30.009
2025-01-20T16:00:00.000Z,25.020
2025-01-20T17:00:00.000Z,16.923
2025-01-20T18:00:00.000Z,15.878
2025-01-20T19:00:00.000Z,7.074
2025-01-20T20:00:00.000Z,8.674
2025-01-20T21:00:00.000Z,5.169
2025-01-20T22:00:00.000Z,3.001
2025-01-20T23:00:00.000Z,2.993
2025-01-21T00:00:00.000Z,3.501
2025-01-21T01:00:00.000Z,3.351
2025-01-21T02:00:00.000Z,3.156
2025-01-21T03:00:00.000Z,3.500
2025-01-21T04:00:00.000Z,4.101
2025-01-21T05:00:00.000Z,4.858
2025-01-21T06:00:00.000Z,10.700
2025-01-21T07:00:00.000Z,12.999
2025-01-21T08:00:00.000Z,9.642
2025-01-21T09:00:00.000Z,9.999
2025-01-21T10:00:00.000Z,6.803
2025-01-21T11:00:00.000Z,6.802
2025-01-21T12:00:00.000Z,5.941
2025-01-21T13:00:00.000Z,5.108
2025-01-21T14:00:00.000Z,5.124
2025-01-21T15:00:00.000Z,4.398
2025-01-21T16:00:00.000Z,3.678
2025-01-21T17:00:00.000Z,2.662
2025-01-21T18:00:00.000Z,1.376
2025-01-21T19:00:00.000Z,1.187
2025-01-21T20:00:00.000Z,1.489
2025-01-21T21:00:00.000Z,1.795
2025-01-21T22:00:00.000Z,1.248
2025-01-21T23:00:00.000Z,2.994
2025-01-22T00:00:00.000Z,2.785
2025-01-22T01:00:00.000Z,2.820
2025-01-22T02:00:00.000Z,2.901
2025-01-22T03:00:00.000Z,2.997
2025-01-22T04:00:00.000Z,3.575
2025-01-22T05:00:00.000Z,6.413
2025-01-22T06:00:00.000Z,13.953
2025-01-22T07:00:00.000Z,14.446
2025-01-22T08:00:00.000Z,17.802
2025-01-22T09:00:00.000Z,17.351
2025-01-22T10:00:00.000Z,16.758
2025-01-22T11:00:00.000Z,16.022
2025-01-22T12:00:00.000Z,16.507
2025-01-22T13:00:00.000Z,17.470
2025-01-22T14:00:00.000Z,18.999
2025-01-22T15:00:00.000Z,19.327
2025-01-22T16:00:00.000Z,20.293
2025-01-22T17:00:00.000Z,17.519
2025-01-22T18:00:00.000Z,16.223
2025-01-22T19:00:00.000Z,12.999
2025-01-22T20:00:00.000Z,12.382
2025-01-22T21:00:00.000Z,10.358
2025-01-22T22:00:00.000Z,5.851
2025-01-22T23:00:00.000Z,6.320
2025-01-23T00:00:00.000Z,6.463
2025-01-23T01:00:00.000Z,5.501
2025-01-23T02:00:00.000Z,5.714
2025-01-23T03:00:00.000Z,7.062
2025-01-23T04:00:00.000Z,10.625
2025-01-23T05:00:00.000Z,13.000
2025-01-23T06:00:00.000Z,15.249
2025-01-23T07:00:00.000Z,15.512
2025-01-23T08:00:00.000Z,13.801
2025-01-23T09:00:00.000Z,12.999
2025-01-23T10:00:00.000Z,10.952
2025-01-23T11:00:00.000Z,9.263
2025-01-23T12:00:00.000Z,12.260
2025-01-23T13:00:00.000Z,11.177
2025-01-23T14:00:00.000Z,7.212
2025-01-23T15:00:00.000Z,8.344
2025-01-23T16:00:00.000Z,8.994
2025-01-23T17:00:00.000Z,8.298
2025-01-23T18:00:00.000Z,7.024
2025-01-23T19:00:00.000Z,5.559
2025-01-23T20:00:00.000Z,3.984
2025-01-23T21:00:00.000Z,2.376
2025-01-23T22:00:00.000Z,2.271
2025-01-23T23:00:00.000Z,2.188
2025-01-24T00:00:00.000Z,2.145
2025-01-24T01:00:00.000Z,2.133
2025-01-24T02:00:00.000Z,2.128
2025-01-24T03:00:00.000Z,2.116
2025-01-24T04:00:00.000Z,2.245
2025-01-24T05:00:00.000Z,2.591
2025-01-24T06:00:00.000Z,5.439
2025-01-24T07:00:00.000Z,6.708
2025-01-24T08:00:00.000Z,5.363
2025-01-24T09:00:00.000Z,4.719
2025-01-24T10:00:00.000Z,4.254
2025-01-24T11:00:00.000Z,4.493
2025-01-24T12:00:00.000Z,3.533
2025-01-24T13:00:00.000Z,3.267
2025-01-24T14:00:00.000Z,2.855
2025-01-24T15:00:00.000Z,2.696
2025-01-24T16:00:00.000Z,2.372
2025-01-24T17:00:00.000Z,2.210
2025-01-24T18:00:00.000Z,2.005
2025-01-24T19:00:00.000Z,1.911
2025-01-24T20:00:00.000Z,1.554
2025-01-24T21:00:00.000Z,0.664
2025-01-24T22:00:00.000Z,0.386
2025-01-24T23:00:00.000Z,0.279
2025-01-25T00:00:00.000Z,0.232
2025-01-25T01:00:00.000Z,0.126
2025-01-25T02:00:00.000Z,0.101
2025-01-25T03:00:00.000Z,0.097
2025-01-25T04:00:00.000Z,0.074
2025-01-25T05:00:00.000Z,0.125
2025-01-25T06:00:00.000Z,0.222
2025-01-25T07:00:00.000Z,0.279
2025-01-25T08:00:00.000Z,0.307
2025-01-25T09:00:00.000Z,0.291
2025-01-25T10:00:00.000Z,0.275
2025-01-25T11:00:00.000Z,0.295
2025-01-25T12:00:00.000Z,0.261
2025-01-25T13:00:00.000Z,0.251
2025-01-25T14:00:00.000Z,0.216
2025-01-25T15:00:00.000Z,0.229
2025-01-25T16:00:00.000Z,0.200
2025-01-25T17:00:00.000Z,0.227
2025-01-25T18:00:00.000Z,0.194
2025-01-25T19:00:00.000Z,0.199
2025-01-25T20:00:00.000Z,0.176
2025-01-25T21:00:00.000Z,0.140
2025-01-25T22:00:00.000Z,0.026
2025-01-25T23:00:00.000Z,0.126
2025-01-26T00:00:00.000Z,0.121
2025-01-26T01:00:00.000Z,0.137
2025-01-26T02:00:00.000Z,0.145
2025-01-26T03:00:00.000Z,0.201
2025-01-26T04:00:00.000Z,0.227
2025-01-26T05:00:00.000Z,0.216
2025-01-26T06:00:00.000Z,0.237
2025-01-26T07:00:00.000Z,0.238
2025-01-26T08:00:00.000Z,0.223
2025-01-26T09:00:00.000Z,0.279
2025-01-26T10:00:00.000Z,0.324
2025-01-26T11:00:00.000Z,0.406
2025-01-26T12:00:00.000Z,0.463
2025-01-26T13:00:00.000Z,0.508
2025-01-26T14:00:00.000Z,1.716
2025-01-26T15:00:00.000Z,2.468
2025-01-26T16:00:00.000Z,3.702
2025-01-26T17:00:00.000Z,4.434
2025-01-26T18:00:00.000Z,4.433
2025-01-26T19:00:00.000Z,3.898
2025-01-26T20:00:00.000Z,4.542
2025-01-26T21:00:00.000Z,3.560
2025-01-26T22:00:00.000Z,2.692
2025-01-26T23:00:00.000Z,3.983
2025-01-27T00:00:00.000Z,3.522
2025-01-27T01:00:00.000Z,2.693
2025-01-27T02:00:00.000Z,1.836
2025-01-27T03:00:00.000Z,3.473
2025-01-27T04:00:00.000Z,5.550
2025-01-27T05:00:00.000Z,7.461
2025-01-27T06:00:00.000Z,11.712
2025-01-27T07:00:00.000Z,12.055
2025-01-27T08:00:00.000Z,10.191
2025-01-27T09:00:00.000Z,7.727
2025-01-27T10:00:00.000Z,6.731
2025-01-27T11:00:00.000Z,6.107
2025-01-27T12:00:00.000Z,6.288
2025-01-27T13:00:00.000Z,7.873
2025-01-27T14:00:00.000Z,7.895
2025-01-27T15:00:00.000Z,6.001
2025-01-27T16:00:00.000Z,4.755
2025-01-27T17:00:00.000Z,4.787
2025-01-27T18:00:00.000Z,4.591
2025-01-27T19:00:00.000Z,3.683
2025-01-27T20:00:00.000Z,3.288
2025-01-27T21:00:00.000Z,2.945
2025-01-27T22:00:00.000Z,2.227
2025-01-27T23:00:00.000Z,1.644
2025-01-28T00:00:00.000Z,1.794
2025-01-28T01:00:00.000Z,1.476
2025-01-28T02:00:00.000Z,1.534
2025-01-28T03:00:00.000Z,1.485
2025-01-28T04:00:00.000Z,1.727
2025-01-28T05:00:00.000Z,2.538
2025-01-28T06:00:00.000Z,2.828
2025-01-28T07:00:00.000Z,3.747
2025-01-28T08:00:00.000Z,5.114
2025-01-28T09:00:00.000Z,6.300
2025-01-28T10:00:00.000Z,8.121
2025-01-28T11:00:00.000Z,7.000
2025-01-28T12:00:00.000Z,8.719
2025-01-28T13:00:00.000Z,10.944
2025-01-28T14:00:00.000Z,10.556
2025-01-28T15:00:00.000Z,12.650
2025-01-28T16:00:00.000Z,12.561
2025-01-28T17:00:00.000Z,11.701
2025-01-28T18:00:00.000Z,10.508
2025-01-28T19:00:00.000Z,8.069
2025-01-28T20:00:00.000Z,6.701
2025-01-28T21:00:00.000Z,5.103
2025-01-28T22:00:00.000Z,4.221
2025-01-28T23:00:00.000Z,4.399
2025-01-29T00:00:00.000Z,4.286
2025-01-29T01:00:00.000Z,4.230
2025-01-29T02:00:00.000Z,4.200
2025-01-29T03:00:00.000Z,4.270
2025-01-29T04:00:00.000Z,4.392
2025-01-29T05:00:00.000Z,6.856
2025-01-29T06:00:00.000Z,13.829
2025-01-29T07:00:00.000Z,14.546
2025-01-29T08:00:00.000Z,13.057
2025-01-29T09:00:00.000Z,10.710
2025-01-29T10:00:00.000Z,9.080
2025-01-29T11:00:00.000Z,8.543
2025-01-29T12:00:00.000Z,8.398
2025-01-29T13:00:00.000Z,4.194
2025-01-29T14:00:00.000Z,3.400
2025-01-29T15:00:00.000Z,2.871
2025-01-29T16:00:00.000Z,2.390
2025-01-29T17:00:00.000Z,1.739
2025-01-29T18:00:00.000Z,0.904
2025-01-29T19:00:00.000Z,0.642
2025-01-29T20:00:00.000Z,0.572
2025-01-29T21:00:00.000Z,0.527
2025-01-29T22:00:00.000Z,0.456
2025-01-29T23:00:00.000Z,0.433
2025-01-30T00:00:00.000Z,0.442
2025-01-30T01:00:00.000Z,0.462
2025-01-30T02:00:00.000Z,0.504
2025-01-30T03:00:00.000Z,0.537
2025-01-30T04:00:00.000Z,0.597
2025-01-30T05:00:00.000Z,1.462
2025-01-30T06:00:00.000Z,3.507
2025-01-30T07:00:00.000Z,3.527
2025-01-30T08:00:00.000Z,3.399
2025-01-30T09:00:00.000Z,3.409
2025-01-30T10:00:00.000Z,3.261
2025-01-30T11:00:00.000Z,2.914
2025-01-30T12:00:00.000Z,2.227
2025-01-30T13:00:00.000Z,2.736
2025-01-30T14:00:00.000Z,4.371
2025-01-30T15:00:00.000Z,5.397
2025-01-30T16:00:00.000Z,6.939
2025-01-30T17:00:00.000Z,5.914
2025-01-30T18:00:00.000Z,6.375
2025-01-30T19:00:00.000Z,3.009
2025-01-30T20:00:00.000Z,0.818
2025-01-30T21:00:00.000Z,0.568
2025-01-30T22:00:00.000Z,0.531
2025-01-30T23:00:00.000Z,0.486
2025-01-31T00:00:00.000Z,0.458
2025-01-31T01:00:00.000Z,0.458
2025-01-31T02:00:00.000Z,0.466
2025-01-31T03:00:00.000Z,0.484
2025-01-31T04:00:00.000Z,0.519
2025-01-31T05:00:00.000Z,1.980
2025-01-31T06:00:00.000Z,5.562
2025-01-31T07:00:00.000Z,7.370
2025-01-31T08:00:00.000Z,8.999
2025-01-31T09:00:00.000Z,9.000
2025-01-31T10:00:00.000Z,8.999
2025-01-31T11:00:00.000Z,8.000
2025-01-31T12:00:00.000Z,7.999
2025-01-31T13:00:00.000Z,6.439
2025-01-31T14:00:00.000Z,8.501
2025-01-31T15:00:00.000Z,9.484
2025-01-31T16:00:00.000Z,9.933
2025-01-31T17:00:00.000Z,9.000
2025-01-31T18:00:00.000Z,9.000
2025-01-31T19:00:00.000Z,4.997
2025-01-31T20:00:00.000Z,6.043
2025-01-31T21:00:00.000Z,2.301
2025-01-31T22:00:00.000Z,0.507
2025-01-31T23:00:00.000Z,0.501
2025-02-01T00:00:00.000Z,0.363
2025-02-01T01:00:00.000Z,0.308
2025-02-01T02:00:00.000Z,0.274
2025-02-01T03:00:00.000Z,0.236
2025-02-01T04:00:00.000Z,0.252
2025-02-01T05:00:00.000Z,0.294
2025-02-01T06:00:00.000Z,0.349
2025-02-01T07:00:00.000Z,0.370
2025-02-01T08:00:00.000Z,0.422
2025-02-01T09:00:00.000Z,0.481
2025-02-01T10:00:00.000Z,0.511
2025-02-01T11:00:00.000Z,0.685
2025-02-01T12:00:00.000Z,1.276
2025-02-01T13:00:00.000Z,0.538
2025-02-01T14:00:00.000Z,0.640
2025-02-01T15:00:00.000Z,2.000
2025-02-01T16:00:00.000Z,3.169
2025-02-01T17:00:00.000Z,3.678
2025-02-01T18:00:00.000Z,2.042
2025-02-01T19:00:00.000Z,0.664
2025-02-01T20:00:00.000Z,1.738
2025-02-01T21:00:00.000Z,1.892
2025-02-01T22:00:00.000Z,1.566
2025-02-01T23:00:00.000Z,1.055
2025-02-02T00:00:00.000Z,0.681
2025-02-02T01:00:00.000Z,0.687
2025-02-02T02:00:00.000Z,0.665
2025-02-02T03:00:00.000Z,0.652
2025-02-02T04:00:00.000Z,0.681
2025-02-02T05:00:00.000Z,0.701
2025-02-02T06:00:00.000Z,0.873
2025-02-02T07:00:00.000Z,0.862
2025-02-02T08:00:00.000Z,1.133
2025-02-02T09:00:00.000Z,1.341
2025-02-02T10:00:00.000Z,1.712
2025-02-02T11:00:00.000Z,1.768
2025-02-02T12:00:00.000Z,1.742
2025-02-02T13:00:00.000Z,1.706
2025-02-02T14:00:00.000Z,1.581
2025-02-02T15:00:00.000Z,1.610
2025-02-02T16:00:00.000Z,2.117
2025-02-02T17:00:00.000Z,2.149
2025-02-02T18:00:00.000Z,3.084
2025-02-02T19:00:00.000Z,2.174
2025-02-02T20:00:00.000Z,2.998
2025-02-02T21:00:00.000Z,3.327
2025-02-02T22:00:00.000Z,3.094
2025-02-02T23:00:00.000Z,2.032
2025-02-03T00:00:00.000Z,2.070
2025-02-03T01:00:00.000Z,2.109
2025-02-03T02:00:00.000Z,2.131
2025-02-03T03:00:00.000Z,2.752
2025-02-03T04:00:00.000Z,4.663
2025-02-03T05:00:00.000Z,4.932
2025-02-03T06:00:00.000Z,9.347
2025-02-03T07:00:00.000Z,9.001
2025-02-03T08:00:00.000Z,12.330
2025-02-03T09:00:00.000Z,14.995
2025-02-03T10:00:00.000Z,12.673
2025-02-03T11:00:00.000Z,11.772
2025-02-03T12:00:00.000Z,11.553
2025-02-03T13:00:00.000Z,12.469
2025-02-03T14:00:00.000Z,14.722
2025-02-03T15:00:00.000Z,16.947
2025-02-03T16:00:00.000Z,21.398
2025-02-03T17:00:00.000Z,20.271
2025-02-03T18:00:00.000Z,20.110
2025-02-03T19:00:00.000Z,16.496
2025-02-03T20:00:00.000Z,15.301
2025-02-03T21:00:00.000Z,10.885
2025-02-03T22:00:00.000Z,8.506
2025-02-03T23:00:00.000Z,8.004
2025-02-04T00:00:00.000Z,7.561
2025-02-04T01:00:00.000Z,7.005
2025-02-04T02:00:00.000Z,7.460
2025-02-04T03:00:00.000Z,8.504
2025-02-04T04:00:00.000Z,12.763
2025-02-04T05:00:00.000Z,15.541
2025-02-04T06:00:00.000Z,23.000
2025-02-04T07:00:00.000Z,29.728
2025-02-04T08:00:00.000Z,24.009
2025-02-04T09:00:00.000Z,13.494
2025-02-04T10:00:00.000Z,10.738
2025-02-04T11:00:00.000Z,10.191
2025-02-04T12:00:00.000Z,7.311
2025-02-04T13:00:00.000Z,5.700
2025-02-04T14:00:00.000Z,5.665
2025-02-04T15:00:00.000Z,2.117
2025-02-04T16:00:00.000Z,0.634
2025-02-04T17:00:00.000Z,0.590
2025-02-04T18:00:00.000Z,0.541
2025-02-04T19:00:00.000Z,0.453
2025-02-04T20:00:00.000Z,0.434
2025-02-04T21:00:00.000Z,0.380
2025-02-04T22:00:00.000Z,0.288
2025-02-04T23:00:00.000Z,0.260
2025-02-05T00:00:00.000Z,0.209
2025-02-05T01:00:00.000Z,0.199
2025-02-05T02:00:00.000Z,0.200
2025-02-05T03:00:00.000Z,0.296
2025-02-05T04:00:00.000Z,0.401
2025-02-05T05:00:00.000Z,0.416
2025-02-05T06:00:00.000Z,0.472
2025-02-05T07:00:00.000Z,0.522
2025-02-05T08:00:00.000Z,0.529
2025-02-05T09:00:00.000Z,0.544
2025-02-05T10:00:00.000Z,0.529
2025-02-05T11:00:00.000Z,0.515
2025-02-05T12:00:00.000Z,0.497
2025-02-05T13:00:00.000Z,0.492
2025-02-05T14:00:00.000Z,0.495
2025-02-05T15:00:00.000Z,0.494
2025-02-05T16:00:00.000Z,0.514
2025-02-05T17:00:00.000Z,0.535
2025-02-05T18:00:00.000Z,1.899
2025-02-05T19:00:00.000Z,1.755
2025-02-05T20:00:00.000Z,2.406
2025-02-05T21:00:00.000Z,1.939
2025-02-05T22:00:00.000Z,0.758
2025-02-05T23:00:00.000Z,0.326
2025-02-06T00:00:00.000Z,0.335
2025-02-06T01:00:00.000Z,0.342
2025-02-06T02:00:00.000Z,0.362
2025-02-06T03:00:00.000Z,1.788
2025-02-06T04:00:00.000Z,4.813
2025-02-06T05:00:00.000Z,5.999
2025-02-06T06:00:00.000Z,14.006
2025-02-06T07:00:00.000Z,20.168
2025-02-06T08:00:00.000Z,17.916
2025-02-06T09:00:00.000Z,15.940
2025-02-06T10:00:00.000Z,12.364
2025-02-06T11:00:00.000Z,9.637
2025-02-06T12:00:00.000Z,8.142
2025-02-06T13:00:00.000Z,6.347
2025-02-06T14:00:00.000Z,3.499
2025-02-06T15:00:00.000Z,3.500
2025-02-06T16:00:00.000Z,3.602
2025-02-06T17:00:00.000Z,2.918
2025-02-06T18:00:00.000Z,0.986
2025-02-06T19:00:00.000Z,0.322
2025-02-06T20:00:00.000Z,0.332
2025-02-06T21:00:00.000Z,0.331
2025-02-06T22:00:00.000Z,0.302
2025-02-06T23:00:00.000Z,0.337
2025-02-07T00:00:00.000Z,0.299
2025-02-07T01:00:00.000Z,0.299
2025-02-07T02:00:00.000Z,0.328
2025-02-07T03:00:00.000Z,0.347
2025-02-07T04:00:00.000Z,0.422
2025-02-07T05:00:00.000Z,0.541
2025-02-07T06:00:00.000Z,0.639
2025-02-07T07:00:00.000Z,0.782
2025-02-07T08:00:00.000Z,1.000
2025-02-07T09:00:00.000Z,0.870
2025-02-07T10:00:00.000Z,0.877
2025-02-07T11:00:00.000Z,1.127
2025-02-07T12:00:00.000Z,1.240
2025-02-07T13:00:00.000Z,1.233
2025-02-07T14:00:00.000Z,1.243
2025-02-07T15:00:00.000Z,1.235
2025-02-07T16:00:00.000Z,1.316
2025-02-07T17:00:00.000Z,2.278
2025-02-07T18:00:00.000Z,2.376
2025-02-07T19:00:00.000Z,1.922
2025-02-07T20:00:00.000Z,0.999
2025-02-07T21:00:00.000Z,0.792
2025-02-07T22:00:00.000Z,0.594
2025-02-07T23:00:00.000Z,0.519
2025-02-08T00:00:00.000Z,0.482
2025-02-08T01:00:00.000Z,0.475
2025-02-08T02:00:00.000Z,0.464
2025-02-08T03:00:00.000Z,0.492
2025-02-08T04:00:00.000Z,0.551
2025-02-08T05:00:00.000Z,0.618
2025-02-08T06:00:00.000Z,1.574
2025-02-08T07:00:00.000Z,1.977
2025-02-08T08:00:00.000Z,2.837
2025-02-08T09:00:00.000Z,5.557
2025-02-08T10:00:00.000Z,5.554
2025-02-08T11:00:00.000Z,5.734
2025-02-08T12:00:00.000Z,5.670
2025-02-08T13:00:00.000Z,5.539
2025-02-08T14:00:00.000Z,5.705
2025-02-08T15:00:00.000Z,7.616
2025-02-08T16:00:00.000Z,9.654
2025-02-08T17:00:00.000Z,5.992
2025-02-08T18:00:00.000Z,5.537
2025-02-08T19:00:00.000Z,3.423
2025-02-08T20:00:00.000Z,4.417
2025-02-08T21:00:00.000Z,4.160
2025-02-08T22:00:00.000Z,3.405
2025-02-08T23:00:00.000Z,2.499
2025-02-09T00:00:00.000Z,2.145
2025-02-09T01:00:00.000Z,1.064
2025-02-09T02:00:00.000Z,1.051
2025-02-09T03:00:00.000Z,1.000
2025-02-09T04:00:00.000Z,0.619
2025-02-09T05:00:00.000Z,0.608
2025-02-09T06:00:00.000Z,0.584
2025-02-09T07:00:00.000Z,0.590
2025-02-09T08:00:00.000Z,1.000
2025-02-09T09:00:00.000Z,2.117
2025-02-09T10:00:00.000Z,1.736
2025-02-09T11:00:00.000Z,1.000
2025-02-09T12:00:00.000Z,1.212
2025-02-09T13:00:00.000Z,0.566
2025-02-09T14:00:00.000Z,0.454
2025-02-09T15:00:00.000Z,0.400
2025-02-09T16:00:00.000Z,0.639
2025-02-09T17:00:00.000Z,0.408
2025-02-09T18:00:00.000Z,0.354
2025-02-09T19:00:00.000Z,0.317
2025-02-09T20:00:00.000Z,0.300
2025-02-09T21:00:00.000Z,0.281
2025-02-09T22:00:00.000Z,0.245
2025-02-09T23:00:00.000Z,0.328
2025-02-10T00:00:00.000Z,0.300
2025-02-10T01:00:00.000Z,0.357
2025-02-10T02:00:00.000Z,0.405
2025-02-10T03:00:00.000Z,0.507
2025-02-10T04:00:00.000Z,1.194
2025-02-10T05:00:00.000Z,3.348
2025-02-10T06:00:00.000Z,9.057
2025-02-10T07:00:00.000Z,12.501
2025-02-10T08:00:00.000Z,12.477
2025-02-10T09:00:00.000Z,10.903
2025-02-10T10:00:00.000Z,11.125
2025-02-10T11:00:00.000Z,11.067
2025-02-10T12:00:00.000Z,12.900
2025-02-10T13:00:00.000Z,12.001
2025-02-10T14:00:00.000Z,12.960
2025-02-10T15:00:00.000Z,11.067
2025-02-10T16:00:00.000Z,15.101
2025-02-10T17:00:00.000Z,11.067
2025-02-10T18:00:00.000Z,8.700
2025-02-10T19:00:00.000Z,6.923
2025-02-10T20:00:00.000Z,5.619
2025-02-10T21:00:00.000Z,2.836
2025-02-10T22:00:00.000Z,1.186
2025-02-10T23:00:00.000Z,3.067
2025-02-11T00:00:00.000Z,2.530
2025-02-11T01:00:00.000Z,1.514
2025-02-11T02:00:00.000Z,1.052
2025-02-11T03:00:00.000Z,1.267
2025-02-11T04:00:00.000Z,2.990
2025-02-11T05:00:00.000Z,4.750
2025-02-11T06:00:00.000Z,7.459
2025-02-11T07:00:00.000Z,9.249
2025-02-11T08:00:00.000Z,7.926
2025-02-11T09:00:00.000Z,7.431
2025-02-11T10:00:00.000Z,7.599
2025-02-11T11:00:00.000Z,7.023
2025-02-11T12:00:00.000Z,6.793
2025-02-11T13:00:00.000Z,5.422
2025-02-11T14:00:00.000Z,3.504
2025-02-11T15:00:00.000Z,3.691
2025-02-11T16:00:00.000Z,4.750
2025-02-11T17:00:00.000Z,4.038
2025-02-11T18:00:00.000Z,2.954
2025-02-11T19:00:00.000Z,1.705
2025-02-11T20:00:00.000Z,1.775
2025-02-11T21:00:00.000Z,0.627
2025-02-11T22:00:00.000Z,0.429
2025-02-11T23:00:00.000Z,0.349
2025-02-12T00:00:00.000Z,0.347
2025-02-12T01:00:00.000Z,0.347
2025-02-12T02:00:00.000Z,0.502
2025-02-12T03:00:00.000Z,0.594
2025-02-12T04:00:00.000Z,3.547
2025-02-12T05:00:00.000Z,7.011
2025-02-12T06:00:00.000Z,11.591
2025-02-12T07:00:00.000Z,16.500
2025-02-12T08:00:00.000Z,13.803
2025-02-12T09:00:00.000Z,13.458
2025-02-12T10:00:00.000Z,11.996
2025-02-12T11:00:00.000Z,13.601
2025-02-12T12:00:00.000Z,11.525
2025-02-12T13:00:00.000Z,11.501
2025-02-12T14:00:00.000Z,10.366
2025-02-12T15:00:00.000Z,8.160
2025-02-12T16:00:00.000Z,8.505
2025-02-12T17:00:00.000Z,8.841
2025-02-12T18:00:00.000Z,6.446
2025-02-12T19:00:00.000Z,5.153
2025-02-12T20:00:00.000Z,4.214
2025-02-12T21:00:00.000Z,3.001
2025-02-12T22:00:00.000Z,1.606
2025-02-12T23:00:00.000Z,1.892
2025-02-13T00:00:00.000Z,1.644
2025-02-13T01:00:00.000Z,1.582
2025-02-13T02:00:00.000Z,1.489
2025-02-13T03:00:00.000Z,1.500
2025-02-13T04:00:00.000Z,1.835
2025-02-13T05:00:00.000Z,5.000
2025-02-13T06:00:00.000Z,7.170
2025-02-13T07:00:00.000Z,10.000
2025-02-13T08:00:00.000Z,11.030
2025-02-13T09:00:00.000Z,9.992
2025-02-13T10:00:00.000Z,10.000
2025-02-13T11:00:00.000Z,10.830
2025-02-13T12:00:00.000Z,8.758
2025-02-13T13:00:00.000Z,8.828
2025-02-13T14:00:00.000Z,8.532
2025-02-13T15:00:00.000Z,11.500
2025-02-13T16:00:00.000Z,12.350
2025-02-13T17:00:00.000Z,11.872
2025-02-13T18:00:00.000Z,12.558
2025-02-13T19:00:00.000Z,12.005
2025-02-13T20:00:00.000Z,12.120
2025-02-13T21:00:00.000Z,9.999
2025-02-13T22:00:00.000Z,9.414
2025-02-13T23:00:00.000Z,10.500
2025-02-14T00:00:00.000Z,11.147
2025-02-14T01:00:00.000Z,9.508
2025-02-14T02:00:00.000Z,7.769
2025-02-14T03:00:00.000Z,10.666
2025-02-14T04:00:00.000Z,13.408
2025-02-14T05:00:00.000Z,16.530
2025-02-14T06:00:00.000Z,23.620
2025-02-14T07:00:00.000Z,27.057
2025-02-14T08:00:00.000Z,21.549
2025-02-14T09:00:00.000Z,18.211
2025-02-14T10:00:00.000Z,16.500
2025-02-14T11:00:00.000Z,16.001
2025-02-14T12:00:00.000Z,13.262
2025-02-14T13:00:00.000Z,12.841
2025-02-14T14:00:00.000Z,12.857
2025-02-14T15:00:00.000Z,20.274
2025-02-14T16:00:00.000Z,29.516
2025-02-14T17:00:00.000Z,27.755
2025-02-14T18:00:00.000Z,22.305
2025-02-14T19:00:00.000Z,12.200
2025-02-14T20:00:00.000Z,11.396
2025-02-14T21:00:00.000Z,8.061
2025-02-14T22:00:00.000Z,3.538
2025-02-14T23:00:00.000Z,4.365
2025-02-15T00:00:00.000Z,3.557
2025-02-15T01:00:00.000Z,3.119
2025-02-15T02:00:00.000Z,2.473
2025-02-15T03:00:00.000Z,2.227
2025-02-15T04:00:00.000Z,1.709
2025-02-15T05:00:00.000Z,1.000
2025-02-15T06:00:00.000Z,0.647
2025-02-15T07:00:00.000Z,1.840
2025-02-15T08:00:00.000Z,3.170
2025-02-15T09:00:00.000Z,3.998
2025-02-15T10:00:00.000Z,5.498
2025-02-15T11:00:00.000Z,4.296
2025-02-15T12:00:00.000Z,5.996
2025-02-15T13:00:00.000Z,5.597
2025-02-15T14:00:00.000Z,9.779
2025-02-15T15:00:00.000Z,11.477
2025-02-15T16:00:00.000Z,10.721
2025-02-15T17:00:00.000Z,10.530
2025-02-15T18:00:00.000Z,9.999
2025-02-15T19:00:00.000Z,10.444
2025-02-15T20:00:00.000Z,11.999
2025-02-15T21:00:00.000Z,9.881
2025-02-15T22:00:00.000Z,10.088
2025-02-15T23:00:00.000Z,13.378
2025-02-16T00:00:00.000Z,13.198
2025-02-16T01:00:00.000Z,12.736
2025-02-16T02:00:00.000Z,12.000
2025-02-16T03:00:00.000Z,11.999
2025-02-16T04:00:00.000Z,11.999
2025-02-16T05:00:00.000Z,12.000
2025-02-16T06:00:00.000Z,11.054
2025-02-16T07:00:00.000Z,11.068
2025-02-16T08:00:00.000Z,13.000
2025-02-16T09:00:00.000Z,12.239
2025-02-16T10:00:00.000Z,11.637
2025-02-16T11:00:00.000Z,11.999
2025-02-16T12:00:00.000Z,10.011
2025-02-16T13:00:00.000Z,10.881
2025-02-16T14:00:00.000Z,10.784
2025-02-16T15:00:00.000Z,12.565
2025-02-16T16:00:00.000Z,14.010
2025-02-16T17:00:00.000Z,15.000
2025-02-16T18:00:00.000Z,12.999
2025-02-16T19:00:00.000Z,11.404
2025-02-16T20:00:00.000Z,11.602
2025-02-16T21:00:00.000Z,11.461
2025-02-16T22:00:00.000Z,9.479
2025-02-16T23:00:00.000Z,11.399
2025-02-17T00:00:00.000Z,10.258
2025-02-17T01:00:00.000Z,10.000
2025-02-17T02:00:00.000Z,9.479
2025-02-17T03:00:00.000Z,10.000
2025-02-17T04:00:00.000Z,12.494
2025-02-17T05:00:00.000Z,13.979
2025-02-17T06:00:00.000Z,20.907
2025-02-17T07:00:00.000Z,22.214
2025-02-17T08:00:00.000Z,17.135
2025-02-17T09:00:00.000Z,14.650
2025-02-17T10:00:00.000Z,12.466
2025-02-17T11:00:00.000Z,12.000
2025-02-17T12:00:00.000Z,10.680
2025-02-17T13:00:00.000Z,11.191
2025-02-17T14:00:00.000Z,12.585
2025-02-17T15:00:00.000Z,13.669
2025-02-17T16:00:00.000Z,17.326
2025-02-17T17:00:00.000Z,16.001
2025-02-17T18:00:00.000Z,11.955
2025-02-17T19:00:00.000Z,9.607
2025-02-17T20:00:00.000Z,8.245
2025-02-17T21:00:00.000Z,7.223
2025-02-17T22:00:00.000Z,5.094
2025-02-17T23:00:00.000Z,1.952
2025-02-18T00:00:00.000Z,0.523
2025-02-18T01:00:00.000Z,0.432
2025-02-18T02:00:00.000Z,0.383
2025-02-18T03:00:00.000Z,0.330
2025-02-18T04:00:00.000Z,0.350
2025-02-18T05:00:00.000Z,1.953
2025-02-18T06:00:00.000Z,2.605
2025-02-18T07:00:00.000Z,2.951
2025-02-18T08:00:00.000Z,2.812
2025-02-18T09:00:00.000Z,2.543
2025-02-18T10:00:00.000Z,2.732
2025-02-18T11:00:00.000Z,2.849
2025-02-18T12:00:00.000Z,2.514
2025-02-18T13:00:00.000Z,1.952
2025-02-18T14:00:00.000Z,1.749
2025-02-18T15:00:00.000Z,1.952
2025-02-18T16:00:00.000Z,3.408
2025-02-18T17:00:00.000Z,4.136
2025-02-18T18:00:00.000Z,3.240
2025-02-18T19:00:00.000Z,2.103
2025-02-18T20:00:00.000Z,3.085
2025-02-18T21:00:00.000Z,2.549
2025-02-18T22:00:00.000Z,2.959
2025-02-18T23:00:00.000Z,4.491
2025-02-19T00:00:00.000Z,4.203
2025-02-19T01:00:00.000Z,3.500
2025-02-19T02:00:00.000Z,3.998
2025-02-19T03:00:00.000Z,4.626
2025-02-19T04:00:00.000Z,12.400
2025-02-19T05:00:00.000Z,18.910
2025-02-19T06:00:00.000Z,14.241
2025-02-19T07:00:00.000Z,15.816
2025-02-19T08:00:00.000Z,12.999
2025-02-19T09:00:00.000Z,10.435
2025-02-19T10:00:00.000Z,13.690
2025-02-19T11:00:00.000Z,12.494
2025-02-19T12:00:00.000Z,11.417
2025-02-19T13:00:00.000Z,6.841
2025-02-19T14:00:00.000Z,5.714
2025-02-19T15:00:00.000Z,6.001
2025-02-19T16:00:00.000Z,6.000
2025-02-19T17:00:00.000Z,4.499
2025-02-19T18:00:00.000Z,3.999
2025-02-19T19:00:00.000Z,2.337
2025-02-19T20:00:00.000Z,1.995
2025-02-19T21:00:00.000Z,0.563
2025-02-19T22:00:00.000Z,0.444
2025-02-19T23:00:00.000Z,0.497
2025-02-20T00:00:00.000Z,0.498
2025-02-20T01:00:00.000Z,0.515
2025-02-20T02:00:00.000Z,0.588
2025-02-20T03:00:00.000Z,0.778
2025-02-20T04:00:00.000Z,1.297
2025-02-20T05:00:00.000Z,3.817
2025-02-20T06:00:00.000Z,5.448
2025-02-20T07:00:00.000Z,6.677
2025-02-20T08:00:00.000Z,5.001
2025-02-20T09:00:00.000Z,4.980
2025-02-20T10:00:00.000Z,3.861
2025-02-20T11:00:00.000Z,3.663
2025-02-20T12:00:00.000Z,2.704
2025-02-20T13:00:00.000Z,2.132
2025-02-20T14:00:00.000Z,0.914
2025-02-20T15:00:00.000Z,0.415
2025-02-20T16:00:00.000Z,0.396
2025-02-20T17:00:00.000Z,0.347
2025-02-20T18:00:00.000Z,0.327
2025-02-20T19:00:00.000Z,0.301
2025-02-20T20:00:00.000Z,0.305
2025-02-20T21:00:00.000Z,0.260
2025-02-20T22:00:00.000Z,0.204
2025-02-20T23:00:00.000Z,0.081
2025-02-21T00:00:00.000Z,0.020
2025-02-21T01:00:00.000Z,0.001
2025-02-21T02:00:00.000Z,0.001
2025-02-21T03:00:00.000Z,0.001
2025-02-21T04:00:00.000Z,0.093
2025-02-21T05:00:00.000Z,0.136
2025-02-21T06:00:00.000Z,0.200
2025-02-21T07:00:00.000Z,0.284
2025-02-21T08:00:00.000Z,0.304
2025-02-21T09:00:00.000Z,0.304
2025-02-21T10:00:00.000Z,0.323
2025-02-21T11:00:00.000Z,0.300
2025-02-21T12:00:00.000Z,0.337
2025-02-21T13:00:00.000Z,0.305
2025-02-21T14:00:00.000Z,0.360
2025-02-21T15:00:00.000Z,0.319
2025-02-21T16:00:00.000Z,0.309
2025-02-21T17:00:00.000Z,0.252
2025-02-21T18:00:00.000Z,0.261
2025-02-21T19:00:00.000Z,0.262
2025-02-21T20:00:00.000Z,0.289
2025-02-21T21:00:00.000Z,0.253
2025-02-21T22:00:00.000Z,0.212
2025-02-21T23:00:00.000Z,0.193
2025-02-22T00:00:00.000Z,0.170
2025-02-22T01:00:00.000Z,0.151
2025-02-22T02:00:00.000Z,0.151
2025-02-22T03:00:00.000Z,0.158
2025-02-22T04:00:00.000Z,0.139
2025-02-22T05:00:00.000Z,0.151
2025-02-22T06:00:00.000Z,0.153
2025-02-22T07:00:00.000Z,0.144
2025-02-22T08:00:00.000Z,0.134
2025-02-22T09:00:00.000Z,0.174
2025-02-22T10:00:00.000Z,0.242
2025-02-22T11:00:00.000Z,0.227
2025-02-22T12:00:00.000Z,0.199
2025-02-22T13:00:00.000Z,0.135
2025-02-22T14:00:00.000Z,0.144
2025-02-22T15:00:00.000Z,0.156
2025-02-22T16:00:00.000Z,0.227
2025-02-22T17:00:00.000Z,0.231
2025-02-22T18:00:00.000Z,0.200
2025-02-22T19:00:00.000Z,0.135
2025-02-22T20:00:00.000Z,0.160
2025-02-22T21:00:00.000Z,0.124
2025-02-22T22:00:00.000Z,0.051
2025-02-22T23:00:00.000Z,0.000
2025-02-23T00:00:00.000Z,-0.001
2025-02-23T01:00:00.000Z,-0.001
2025-02-23T02:00:00.000Z,-0.001
2025-02-23T03:00:00.000Z,0.000
2025-02-23T04:00:00.000Z,0.000
2025-02-23T05:00:00.000Z,0.001
2025-02-23T06:00:00.000Z,0.125
2025-02-23T07:00:00.000Z,0.132
2025-02-23T08:00:00.000Z,0.205
2025-02-23T09:00:00.000Z,0.288
2025-02-23T10:00:00.000Z,0.310
2025-02-23T11:00:00.000Z,0.385
2025-02-23T12:00:00.000Z,0.400
2025-02-23T13:00:00.000Z,0.401
2025-02-23T14:00:00.000Z,0.321
2025-02-23T15:00:00.000Z,0.421
2025-02-23T16:00:00.000Z,0.486
2025-02-23T17:00:00.000Z,0.483
2025-02-23T18:00:00.000Z,0.458
2025-02-23T19:00:00.000Z,0.423
2025-02-23T20:00:00.000Z,0.389
2025-02-23T21:00:00.000Z,0.385
2025-02-23T22:00:00.000Z,0.387
2025-02-23T23:00:00.000Z,0.325
2025-02-24T00:00:00.000Z,0.287
2025-02-24T01:00:00.000Z,0.222
2025-02-24T02:00:00.000Z,0.168
2025-02-24T03:00:00.000Z,0.192
2025-02-24T04:00:00.000Z,0.243
2025-02-24T05:00:00.000Z,0.292
2025-02-24T06:00:00.000Z,0.278
2025-02-24T07:00:00.000Z,0.292
2025-02-24T08:00:00.000Z,0.299
2025-02-24T09:00:00.000Z,0.296
2025-02-24T10:00:00.000Z,0.306
2025-02-24T11:00:00.000Z,0.265
2025-02-24T12:00:00.000Z,0.238
2025-02-24T13:00:00.000Z,0.224
2025-02-24T14:00:00.000Z,0.200
2025-02-24T15:00:00.000Z,0.208
2025-02-24T16:00:00.000Z,0.191
2025-02-24T17:00:00.000Z,0.220
2025-02-24T18:00:00.000Z,0.188
2025-02-24T19:00:00.000Z,0.190
2025-02-24T20:00:00.000Z,0.194
2025-02-24T21:00:00.000Z,0.199
2025-02-24T22:00:00.000Z,0.179
2025-02-24T23:00:00.000Z,0.126
2025-02-25T00:00:00.000Z,0.112
2025-02-25T01:00:00.000Z,0.126
2025-02-25T02:00:00.000Z,0.126
2025-02-25T03:00:00.000Z,0.200
2025-02-25T04:00:00.000Z,0.302
2025-02-25T05:00:00.000Z,0.293
2025-02-25T06:00:00.000Z,0.488
2025-02-25T07:00:00.000Z,0.523
2025-02-25T08:00:00.000Z,0.547
2025-02-25T09:00:00.000Z,0.579
2025-02-25T10:00:00.000Z,0.585
2025-02-25T11:00:00.000Z,0.586
2025-02-25T12:00:00.000Z,0.573
2025-02-25T13:00:00.000Z,0.552
2025-02-25T14:00:00.000Z,0.564
2025-02-25T15:00:00.000Z,0.543
2025-02-25T16:00:00.000Z,0.587
2025-02-25T17:00:00.000Z,0.642
2025-02-25T18:00:00.000Z,0.644
2025-02-25T19:00:00.000Z,0.761
2025-02-25T20:00:00.000Z,1.022
2025-02-25T21:00:00.000Z,0.672
2025-02-25T22:00:00.000Z,0.604
2025-02-25T23:00:00.000Z,1.063
2025-02-26T00:00:00.000Z,1.026
2025-02-26T01:00:00.000Z,1.019
2025-02-26T02:00:00.000Z,1.042
2025-02-26T03:00:00.000Z,1.104
2025-02-26T04:00:00.000Z,2.048
2025-02-26T05:00:00.000Z,5.000
2025-02-26T06:00:00.000Z,7.360
2025-02-26T07:00:00.000Z,9.412
2025-02-26T08:00:00.000Z,7.969
2025-02-26T09:00:00.000Z,4.499
2025-02-26T10:00:00.000Z,3.831
2025-02-26T11:00:00.000Z,4.280
2025-02-26T12:00:00.000Z,3.735
2025-02-26T13:00:00.000Z,3.273
2025-02-26T14:00:00.000Z,2.783
2025-02-26T15:00:00.000Z,2.848
2025-02-26T16:00:00.000Z,3.125
2025-02-26T17:00:00.000Z,3.086
2025-02-26T18:00:00.000Z,2.300
2025-02-26T19:00:00.000Z,1.029
2025-02-26T20:00:00.000Z,1.024
2025-02-26T21:00:00.000Z,0.898
2025-02-26T22:00:00.000Z,0.639
2025-02-26T23:00:00.000Z,0.639
2025-02-27T00:00:00.000Z,0.639
2025-02-27T01:00:00.000Z,0.777
2025-02-27T02:00:00.000Z,0.957
2025-02-27T03:00:00.000Z,1.027
2025-02-27T04:00:00.000Z,1.391
2025-02-27T05:00:00.000Z,2.301
2025-02-27T06:00:00.000Z,3.504
2025-02-27T07:00:00.000Z,4.643
2025-02-27T08:00:00.000Z,11.008
2025-02-27T09:00:00.000Z,3.939
2025-02-27T10:00:00.000Z,3.911
2025-02-27T11:00:00.000Z,5.000
2025-02-27T12:00:00.000Z,3.919
2025-02-27T13:00:00.000Z,4.119
2025-02-27T14:00:00.000Z,3.662
2025-02-27T15:00:00.000Z,3.557
2025-02-27T16:00:00.000Z,4.477
2025-02-27T17:00:00.000Z,4.456
2025-02-27T18:00:00.000Z,4.477
2025-02-27T19:00:00.000Z,3.287
2025-02-27T20:00:00.000Z,4.279
2025-02-27T21:00:00.000Z,4.000
2025-02-27T22:00:00.000Z,2.914
2025-02-27T23:00:00.000Z,0.475
2025-02-28T00:00:00.000Z,0.456
2025-02-28T01:00:00.000Z,0.438
2025-02-28T02:00:00.000Z,0.441
2025-02-28T03:00:00.000Z,0.457
2025-02-28T04:00:00.000Z,2.214
2025-02-28T05:00:00.000Z,4.000
2025-02-28T06:00:00.000Z,8.505
2025-02-28T07:00:00.000Z,15.447
2025-02-28T08:00:00.000Z,15.231
2025-02-28T09:00:00.000Z,13.038
2025-02-28T10:00:00.000Z,7.825
2025-02-28T11:00:00.000Z,10.299
2025-02-28T12:00:00.000Z,4.497
2025-02-28T13:00:00.000Z,4.378
2025-02-28T14:00:00.000Z,3.500
2025-02-28T15:00:00.000Z,4.722
2025-02-28T16:00:00.000Z,15.805
2025-02-28T17:00:00.000Z,15.901
2025-02-28T18:00:00.000Z,6.741
2025-02-28T19:00:00.000Z,5.956
2025-02-28T20:00:00.000Z,4.998
2025-02-28T21:00:00.000Z,4.000
2025-02-28T22:00:00.000Z,3.360
2025-02-28T23:00:00.000Z,4.000
2025-03-01T00:00:00.000Z,3.481
2025-03-01T01:00:00.000Z,4.427
2025-03-01T02:00:00.000Z,3.256
2025-03-01T03:00:00.000Z,3.385
2025-03-01T04:00:00.000Z,5.001
2025-03-01T05:00:00.000Z,7.174
2025-03-01T06:00:00.000Z,13.623
2025-03-01T07:00:00.000Z,13.913
2025-03-01T08:00:00.000Z,15.007
2025-03-01T09:00:00.000Z,14.196
2025-03-01T10:00:00.000Z,16.000
2025-03-01T11:00:00.000Z,14.196
2025-03-01T12:00:00.000Z,10.500
2025-03-01T13:00:00.000Z,11.470
2025-03-01T14:00:00.000Z,10.500
2025-03-01T15:00:00.000Z,13.704
2025-03-01T16:00:00.000Z,12.500
2025-03-01T17:00:00.000Z,5.972
2025-03-01T18:00:00.000Z,3.499
2025-03-01T19:00:00.000Z,0.779
2025-03-01T20:00:00.000Z,1.011
2025-03-01T21:00:00.000Z,0.419
2025-03-01T22:00:00.000Z,0.342
2025-03-01T23:00:00.000Z,0.239
2025-03-02T00:00:00.000Z,0.228
2025-03-02T01:00:00.000Z,0.196
2025-03-02T02:00:00.000Z,0.152
2025-03-02T03:00:00.000Z,0.159
2025-03-02T04:00:00.000Z,0.158
2025-03-02T05:00:00.000Z,0.170
2025-03-02T06:00:00.000Z,0.190
2025-03-02T07:00:00.000Z,0.195
2025-03-02T08:00:00.000Z,0.200
2025-03-02T09:00:00.000Z,0.163
2025-03-02T10:00:00.000Z,0.130
2025-03-02T11:00:00.000Z,0.093
2025-03-02T12:00:00.000Z,0.111
2025-03-02T13:00:00.000Z,0.130
2025-03-02T14:00:00.000Z,0.203
2025-03-02T15:00:00.000Z,0.254
2025-03-02T16:00:00.000Z,0.406
2025-03-02T17:00:00.000Z,0.366
2025-03-02T18:00:00.000Z,0.402
2025-03-02T19:00:00.000Z,0.371
2025-03-02T20:00:00.000Z,0.334
2025-03-02T21:00:00.000Z,0.293
2025-03-02T22:00:00.000Z,0.211
2025-03-02T23:00:00.000Z,1.772
2025-03-03T00:00:00.000Z,1.220
2025-03-03T01:00:00.000Z,0.301
2025-03-03T02:00:00.000Z,0.127
2025-03-03T03:00:00.000Z,0.127
2025-03-03T04:00:00.000Z,0.233
2025-03-03T05:00:00.000Z,0.301
2025-03-03T06:00:00.000Z,0.432
2025-03-03T07:00:00.000Z,1.837
2025-03-03T08:00:00.000Z,1.400
2025-03-03T09:00:00.000Z,0.396
2025-03-03T10:00:00.000Z,0.349
2025-03-03T11:00:00.000Z,0.235
2025-03-03T12:00:00.000Z,0.173
2025-03-03T13:00:00.000Z,0.202
2025-03-03T14:00:00.000Z,0.199
2025-03-03T15:00:00.000Z,0.216
2025-03-03T16:00:00.000Z,0.226
2025-03-03T17:00:00.000Z,0.208
2025-03-03T18:00:00.000Z,0.208
2025-03-03T19:00:00.000Z,0.199
2025-03-03T20:00:00.000Z,0.123
2025-03-03T21:00:00.000Z,0.043
2025-03-03T22:00:00.000Z,-0.001
2025-03-03T23:00:00.000Z,-0.010
2025-03-04T00:00:00.000Z,-0.011
2025-03-04T01:00:00.000Z,-0.011
2025-03-04T02:00:00.000Z,-0.010
2025-03-04T03:00:00.000Z,0.000
2025-03-04T04:00:00.000Z,0.105
2025-03-04T05:00:00.000Z,0.222
2025-03-04T06:00:00.000Z,0.264
2025-03-04T07:00:00.000Z,0.312
2025-03-04T08:00:00.000Z,0.366
2025-03-04T09:00:00.000Z,0.384
2025-03-04T10:00:00.000Z,0.366
2025-03-04T11:00:00.000Z,0.374
2025-03-04T12:00:00.000Z,0.397
2025-03-04T13:00:00.000Z,0.639
2025-03-04T14:00:00.000Z,1.046
2025-03-04T15:00:00.000Z,1.461
2025-03-04T16:00:00.000Z,1.725
2025-03-04T17:00:00.000Z,1.698
2025-03-04T18:00:00.000Z,1.698
2025-03-04T19:00:00.000Z,0.554
2025-03-04T20:00:00.000Z,0.927
2025-03-04T21:00:00.000Z,0.510
2025-03-04T22:00:00.000Z,0.143
2025-03-04T23:00:00.000Z,0.000
2025-03-05T00:00:00.000Z,-0.008
2025-03-05T01:00:00.000Z,-0.020
2025-03-05T02:00:00.000Z,-0.021
2025-03-05T03:00:00.000Z,-0.014
2025-03-05T04:00:00.000Z,-0.002
2025-03-05T05:00:00.000Z,0.115
2025-03-05T06:00:00.000Z,0.249
2025-03-05T07:00:00.000Z,0.299
2025-03-05T08:00:00.000Z,0.243
2025-03-05T09:00:00.000Z,0.117
2025-03-05T10:00:00.000Z,0.001
2025-03-05T11:00:00.000Z,-0.021
2025-03-05T12:00:00.000Z,-0.001
2025-03-05T13:00:00.000Z,0.112
2025-03-05T14:00:00.000Z,0.215
2025-03-05T15:00:00.000Z,0.317
2025-03-05T16:00:00.000Z,0.323
2025-03-05T17:00:00.000Z,0.326
2025-03-05T18:00:00.000Z,0.317
2025-03-05T19:00:00.000Z,0.321
2025-03-05T20:00:00.000Z,0.353
2025-03-05T21:00:00.000Z,0.293
2025-03-05T22:00:00.000Z,0.223
2025-03-05T23:00:00.000Z,0.292
2025-03-06T00:00:00.000Z,0.252
2025-03-06T01:00:00.000Z,0.510
2025-03-06T02:00:00.000Z,1.689
2025-03-06T03:00:00.000Z,2.620
2025-03-06T04:00:00.000Z,4.614
2025-03-06T05:00:00.000Z,4.939
2025-03-06T06:00:00.000Z,3.665
2025-03-06T07:00:00.000Z,3.075
2025-03-06T08:00:00.000Z,2.126
2025-03-06T09:00:00.000Z,0.529
2025-03-06T10:00:00.000Z,0.346
2025-03-06T11:00:00.000Z,0.168
2025-03-06T12:00:00.000Z,0.112
2025-03-06T13:00:00.000Z,0.268
2025-03-06T14:00:00.000Z,0.199
2025-03-06T15:00:00.000Z,0.124
2025-03-06T16:00:00.000Z,0.282
2025-03-06T17:00:00.000Z,0.315
2025-03-06T18:00:00.000Z,0.328
2025-03-06T19:00:00.000Z,0.298
2025-03-06T20:00:00.000Z,0.372
2025-03-06T21:00:00.000Z,0.389
2025-03-06T22:00:00.000Z,0.500
2025-03-06T23:00:00.000Z,0.640
2025-03-07T00:00:00.000Z,0.670
2025-03-07T01:00:00.000Z,0.986
2025-03-07T02:00:00.000Z,1.412
2025-03-07T03:00:00.000Z,2.132
2025-03-07T04:00:00.000Z,8.420
2025-03-07T05:00:00.000Z,15.303
2025-03-07T06:00:00.000Z,17.803
2025-03-07T07:00:00.000Z,13.302
2025-03-07T08:00:00.000Z,8.312
2025-03-07T09:00:00.000Z,7.207
2025-03-07T10:00:00.000Z,5.106
2025-03-07T11:00:00.000Z,5.617
2025-03-07T12:00:00.000Z,6.000
2025-03-07T13:00:00.000Z,6.000
2025-03-07T14:00:00.000Z,5.797
2025-03-07T15:00:00.000Z,3.947
2025-03-07T16:00:00.000Z,3.965
2025-03-07T17:00:00.000Z,2.361
2025-03-07T18:00:00.000Z,0.453
2025-03-07T19:00:00.000Z,0.322
2025-03-07T20:00:00.000Z,0.334
2025-03-07T21:00:00.000Z,0.299
2025-03-07T22:00:00.000Z,0.231
2025-03-07T23:00:00.000Z,0.019
2025-03-08T00:00:00.000Z,0.001
2025-03-08T01:00:00.000Z,-0.001
2025-03-08T02:00:00.000Z,-0.003
2025-03-08T03:00:00.000Z,-0.001
2025-03-08T04:00:00.000Z,-0.001
2025-03-08T05:00:00.000Z,-0.002
2025-03-08T06:00:00.000Z,-0.001
2025-03-08T07:00:00.000Z,-0.001
2025-03-08T08:00:00.000Z,0.000
2025-03-08T09:00:00.000Z,0.058
2025-03-08T10:00:00.000Z,0.001
2025-03-08T11:00:00.000Z,0.000
2025-03-08T12:00:00.000Z,0.001
2025-03-08T13:00:00.000Z,0.001
2025-03-08T14:00:00.000Z,-0.001
2025-03-08T15:00:00.000Z,0.000
2025-03-08T16:00:00.000Z,0.040
2025-03-08T17:00:00.000Z,0.054
2025-03-08T18:00:00.000Z,0.001
2025-03-08T19:00:00.000Z,0.000
2025-03-08T20:00:00.000Z,0.001
2025-03-08T21:00:00.000Z,0.101
2025-03-08T22:00:00.000Z,0.082
2025-03-08T23:00:00.000Z,0.151
2025-03-09T00:00:00.000Z,0.203
2025-03-09T01:00:00.000Z,0.259
2025-03-09T02:00:00.000Z,0.378
2025-03-09T03:00:00.000Z,0.489
2025-03-09T04:00:00.000Z,0.588
2025-03-09T05:00:00.000Z,0.640
2025-03-09T06:00:00.000Z,1.196
2025-03-09T07:00:00.000Z,3.867
2025-03-09T08:00:00.000Z,5.070
2025-03-09T09:00:00.000Z,5.483
2025-03-09T10:00:00.000Z,5.075
2025-03-09T11:00:00.000Z,4.956
2025-03-09T12:00:00.000Z,5.561
2025-03-09T13:00:00.000Z,15.701
2025-03-09T14:00:00.000Z,10.096
2025-03-09T15:00:00.000Z,14.164
2025-03-09T16:00:00.000Z,24.999
2025-03-09T17:00:00.000Z,21.827
2025-03-09T18:00:00.000Z,15.401
2025-03-09T19:00:00.000Z,12.907
2025-03-09T20:00:00.000Z,12.191
2025-03-09T21:00:00.000Z,11.297
2025-03-09T22:00:00.000Z,8.013
2025-03-09T23:00:00.000Z,8.420
2025-03-10T00:00:00.000Z,4.000
2025-03-10T01:00:00.000Z,3.500
2025-03-10T02:00:00.000Z,3.500
2025-03-10T03:00:00.000Z,5.992
2025-03-10T04:00:00.000Z,12.000
2025-03-10T05:00:00.000Z,17.349
2025-03-10T06:00:00.000Z,18.686
2025-03-10T07:00:00.000Z,15.305
2025-03-10T08:00:00.000Z,13.646
2025-03-10T09:00:00.000Z,9.437
2025-03-10T10:00:00.000Z,13.990
2025-03-10T11:00:00.000Z,10.777
2025-03-10T12:00:00.000Z,10.714
2025-03-10T13:00:00.000Z,8.827
2025-03-10T14:00:00.000Z,9.999
2025-03-10T15:00:00.000Z,11.713
2025-03-10T16:00:00.000Z,13.627
2025-03-10T17:00:00.000Z,15.283
2025-03-10T18:00:00.000Z,13.570
2025-03-10T19:00:00.000Z,8.253
2025-03-10T20:00:00.000Z,6.264
2025-03-10T21:00:00.000Z,3.394
2025-03-10T22:00:00.000Z,2.000
2025-03-10T23:00:00.000Z,3.590
2025-03-11T00:00:00.000Z,3.107
2025-03-11T01:00:00.000Z,2.894
2025-03-11T02:00:00.000Z,2.524
2025-03-11T03:00:00.000Z,2.862
2025-03-11T04:00:00.000Z,4.824
2025-03-11T05:00:00.000Z,12.450
2025-03-11T06:00:00.000Z,14.448
2025-03-11T07:00:00.000Z,14.873
2025-03-11T08:00:00.000Z,12.815
2025-03-11T09:00:00.000Z,10.199
2025-03-11T10:00:00.000Z,9.326
2025-03-11T11:00:00.000Z,10.293
2025-03-11T12:00:00.000Z,10.239
2025-03-11T13:00:00.000Z,9.760
2025-03-11T14:00:00.000Z,10.641
2025-03-11T15:00:00.000Z,12.664
2025-03-11T16:00:00.000Z,15.339
2025-03-11T17:00:00.000Z,17.844
2025-03-11T18:00:00.000Z,15.041
2025-03-11T19:00:00.000Z,10.939
2025-03-11T20:00:00.000Z,13.001
2025-03-11T21:00:00.000Z,12.451
2025-03-11T22:00:00.000Z,12.109
2025-03-11T23:00:00.000Z,8.820
2025-03-12T00:00:00.000Z,7.699
2025-03-12T01:00:00.000Z,8.509
2025-03-12T02:00:00.000Z,9.149
2025-03-12T03:00:00.000Z,10.235
2025-03-12T04:00:00.000Z,18.832
2025-03-12T05:00:00.000Z,18.015
2025-03-12T06:00:00.000Z,17.399
2025-03-12T07:00:00.000Z,18.716
2025-03-12T08:00:00.000Z,21.480
2025-03-12T09:00:00.000Z,18.743
2025-03-12T10:00:00.000Z,13.000
2025-03-12T11:00:00.000Z,12.999
2025-03-12T12:00:00.000Z,12.999
2025-03-12T13:00:00.000Z,12.999
2025-03-12T14:00:00.000Z,15.361
2025-03-12T15:00:00.000Z,18.998
2025-03-12T16:00:00.000Z,20.178
2025-03-12T17:00:00.000Z,23.625
2025-03-12T18:00:00.000Z,18.178
2025-03-12T19:00:00.000Z,14.567
2025-03-12T20:00:00.000Z,13.365
2025-03-12T21:00:00.000Z,11.360
2025-03-12T22:00:00.000Z,10.160
2025-03-12T23:00:00.000Z,10.824
2025-03-13T00:00:00.000Z,9.861
2025-03-13T01:00:00.000Z,9.239
2025-03-13T02:00:00.000Z,9.123
2025-03-13T03:00:00.000Z,9.573
2025-03-13T04:00:00.000Z,13.000
2025-03-13T05:00:00.000Z,16.439
2025-03-13T06:00:00.000Z,22.371
2025-03-13T07:00:00.000Z,22.370
2025-03-13T08:00:00.000Z,25.000
2025-03-13T09:00:00.000Z,22.368
2025-03-13T10:00:00.000Z,22.372
2025-03-13T11:00:00.000Z,23.064
2025-03-13T12:00:00.000Z,23.799
2025-03-13T13:00:00.000Z,22.736
2025-03-13T14:00:00.000Z,19.849
2025-03-13T15:00:00.000Z,20.568
2025-03-13T16:00:00.000Z,23.941
2025-03-13T17:00:00.000Z,24.909
2025-03-13T18:00:00.000Z,19.597
2025-03-13T19:00:00.000Z,12.386
2025-03-13T20:00:00.000Z,13.567
2025-03-13T21:00:00.000Z,9.875
2025-03-13T22:00:00.000Z,7.137
2025-03-13T23:00:00.000Z,10.907
2025-03-14T00:00:00.000Z,9.126
2025-03-14T01:00:00.000Z,8.814
2025-03-14T02:00:00.000Z,8.420
2025-03-14T03:00:00.000Z,8.547
2025-03-14T04:00:00.000Z,9.899
2025-03-14T05:00:00.000Z,12.921
2025-03-14T06:00:00.000Z,13.532
2025-03-14T07:00:00.000Z,13.000
2025-03-14T08:00:00.000Z,9.890
2025-03-14T09:00:00.000Z,8.189
2025-03-14T10:00:00.000Z,7.804
2025-03-14T11:00:00.000Z,5.280
2025-03-14T12:00:00.000Z,4.516
2025-03-14T13:00:00.000Z,4.654
2025-03-14T14:00:00.000Z,5.001
2025-03-14T15:00:00.000Z,9.996
2025-03-14T16:00:00.000Z,13.296
2025-03-14T17:00:00.000Z,14.150
2025-03-14T18:00:00.000Z,13.049
2025-03-14T19:00:00.000Z,9.660
2025-03-14T20:00:00.000Z,5.859
2025-03-14T21:00:00.000Z,2.243
2025-03-14T22:00:00.000Z,0.640
2025-03-14T23:00:00.000Z,0.000
2025-03-15T00:00:00.000Z,0.000
2025-03-15T01:00:00.000Z,-0.001
2025-03-15T02:00:00.000Z,-0.002
2025-03-15T03:00:00.000Z,-0.001
2025-03-15T04:00:00.000Z,0.000
2025-03-15T05:00:00.000Z,0.000
2025-03-15T06:00:00.000Z,0.001
2025-03-15T07:00:00.000Z,0.002
2025-03-15T08:00:00.000Z,0.000
2025-03-15T09:00:00.000Z,0.000
2025-03-15T10:00:00.000Z,0.000
2025-03-15T11:00:00.000Z,0.000
2025-03-15T12:00:00.000Z,0.000
2025-03-15T13:00:00.000Z,0.035
2025-03-15T14:00:00.000Z,0.186
2025-03-15T15:00:00.000Z,0.570
2025-03-15T16:00:00.000Z,1.077
2025-03-15T17:00:00.000Z,1.121
2025-03-15T18:00:00.000Z,1.101
2025-03-15T19:00:00.000Z,1.055
2025-03-15T20:00:00.000Z,1.009
2025-03-15T21:00:00.000Z,0.896
2025-03-15T22:00:00.000Z,0.816
2025-03-15T23:00:00.000Z,0.001
2025-03-16T00:00:00.000Z,0.140
2025-03-16T01:00:00.000Z,0.125
2025-03-16T02:00:00.000Z,0.126
2025-03-16T03:00:00.000Z,0.588
2025-03-16T04:00:00.000Z,0.716
2025-03-16T05:00:00.000Z,0.823
2025-03-16T06:00:00.000Z,0.887
2025-03-16T07:00:00.000Z,0.932
2025-03-16T08:00:00.000Z,0.862
2025-03-16T09:00:00.000Z,0.678
2025-03-16T10:00:00.000Z,0.093
2025-03-16T11:00:00.000Z,0.065
2025-03-16T12:00:00.000Z,0.071
2025-03-16T13:00:00.000Z,0.122
2025-03-16T14:00:00.000Z,0.792
2025-03-16T15:00:00.000Z,0.975
2025-03-16T16:00:00.000Z,2.043
2025-03-16T17:00:00.000Z,2.778
2025-03-16T18:00:00.000Z,2.337
2025-03-16T19:00:00.000Z,1.202
2025-03-16T20:00:00.000Z,1.163
2025-03-16T21:00:00.000Z,1.121
2025-03-16T22:00:00.000Z,1.092
2025-03-16T23:00:00.000Z,1.077
2025-03-17T00:00:00.000Z,1.075
2025-03-17T01:00:00.000Z,1.065
2025-03-17T02:00:00.000Z,2.475
2025-03-17T03:00:00.000Z,3.301
2025-03-17T04:00:00.000Z,8.041
2025-03-17T05:00:00.000Z,11.910
2025-03-17T06:00:00.000Z,13.447
2025-03-17T07:00:00.000Z,11.893
2025-03-17T08:00:00.000Z,7.827
2025-03-17T09:00:00.000Z,2.459
2025-03-17T10:00:00.000Z,2.600
2025-03-17T11:00:00.000Z,2.189
2025-03-17T12:00:00.000Z,2.290
2025-03-17T13:00:00.000Z,3.522
2025-03-17T14:00:00.000Z,5.141
2025-03-17T15:00:00.000Z,8.006
2025-03-17T16:00:00.000Z,11.922
2025-03-17T17:00:00.000Z,14.586
2025-03-17T18:00:00.000Z,13.539
2025-03-17T19:00:00.000Z,11.203
2025-03-17T20:00:00.000Z,7.773
2025-03-17T21:00:00.000Z,4.874
2025-03-17T22:00:00.000Z,3.496
2025-03-17T23:00:00.000Z,3.186
2025-03-18T00:00:00.000Z,2.346
2025-03-18T01:00:00.000Z,3.978
2025-03-18T02:00:00.000Z,4.546
2025-03-18T03:00:00.000Z,7.209
2025-03-18T04:00:00.000Z,11.183
2025-03-18T05:00:00.000Z,11.978
2025-03-18T06:00:00.000Z,10.803
2025-03-18T07:00:00.000Z,7.989
2025-03-18T08:00:00.000Z,3.944
2025-03-18T09:00:00.000Z,0.856
2025-03-18T10:00:00.000Z,0.030
2025-03-18T11:00:00.000Z,0.001
2025-03-18T12:00:00.000Z,0.124
2025-03-18T13:00:00.000Z,0.175
2025-03-18T14:00:00.000Z,0.299
2025-03-18T15:00:00.000Z,0.199
2025-03-18T16:00:00.000Z,0.443
2025-03-18T17:00:00.000Z,0.640
2025-03-18T18:00:00.000Z,0.300
2025-03-18T19:00:00.000Z,0.101
2025-03-18T20:00:00.000Z,0.053
2025-03-18T21:00:00.000Z,0.079
2025-03-18T22:00:00.000Z,0.001
2025-03-18T23:00:00.000Z,0.000
2025-03-19T00:00:00.000Z,0.000
2025-03-19T01:00:00.000Z,0.000
2025-03-19T02:00:00.000Z,0.000
2025-03-19T03:00:00.000Z,0.000
2025-03-19T04:00:00.000Z,0.225
2025-03-19T05:00:00.000Z,0.568
2025-03-19T06:00:00.000Z,0.978
2025-03-19T07:00:00.000Z,0.892
2025-03-19T08:00:00.000Z,0.539
2025-03-19T09:00:00.000Z,0.382
2025-03-19T10:00:00.000Z,0.221
2025-03-19T11:00:00.000Z,0.099
2025-03-19T12:00:00.000Z,0.106
2025-03-19T13:00:00.000Z,0.417
2025-03-19T14:00:00.000Z,1.070
2025-03-19T15:00:00.000Z,4.500
2025-03-19T16:00:00.000Z,10.305
2025-03-19T17:00:00.000Z,9.773
2025-03-19T18:00:00.000Z,6.684
2025-03-19T19:00:00.000Z,4.004
2025-03-19T20:00:00.000Z,5.319
2025-03-19T21:00:00.000Z,4.001
2025-03-19T22:00:00.000Z,2.670
2025-03-19T23:00:00.000Z,1.224
2025-03-20T00:00:00.000Z,1.902
2025-03-20T01:00:00.000Z,1.626
2025-03-20T02:00:00.000Z,2.021
2025-03-20T03:00:00.000Z,2.905
2025-03-20T04:00:00.000Z,9.498
2025-03-20T05:00:00.000Z,11.561
2025-03-20T06:00:00.000Z,11.545
2025-03-20T07:00:00.000Z,10.708
2025-03-20T08:00:00.000Z,9.046
2025-03-20T09:00:00.000Z,10.472
2025-03-20T10:00:00.000Z,13.083
2025-03-20T11:00:00.000Z,10.401
2025-03-20T12:00:00.000Z,6.210
2025-03-20T13:00:00.000Z,5.000
2025-03-20T14:00:00.000Z,7.000
2025-03-20T15:00:00.000Z,12.687
2025-03-20T16:00:00.000Z,17.248
2025-03-20T17:00:00.000Z,22.433
2025-03-20T18:00:00.000Z,17.527
2025-03-20T19:00:00.000Z,11.099
2025-03-20T20:00:00.000Z,11.244
2025-03-20T21:00:00.000Z,10.171
2025-03-20T22:00:00.000Z,7.309
2025-03-20T23:00:00.000Z,7.875
2025-03-21T00:00:00.000Z,9.156
2025-03-21T01:00:00.000Z,9.236
2025-03-21T02:00:00.000Z,8.868
2025-03-21T03:00:00.000Z,9.365
2025-03-21T04:00:00.000Z,11.892
2025-03-21T05:00:00.000Z,20.588
2025-03-21T06:00:00.000Z,19.184
2025-03-21T07:00:00.000Z,12.999
2025-03-21T08:00:00.000Z,12.718
2025-03-21T09:00:00.000Z,8.513
2025-03-21T10:00:00.000Z,7.999
2025-03-21T11:00:00.000Z,7.999
2025-03-21T12:00:00.000Z,8.419
2025-03-21T13:00:00.000Z,7.693
2025-03-21T14:00:00.000Z,9.952
2025-03-21T15:00:00.000Z,13.000
2025-03-21T16:00:00.000Z,21.164
2025-03-21T17:00:00.000Z,15.505
2025-03-21T18:00:00.000Z,5.861
2025-03-21T19:00:00.000Z,2.297
2025-03-21T20:00:00.000Z,2.246
2025-03-21T21:00:00.000Z,1.335
2025-03-21T22:00:00.000Z,0.200
2025-03-21T23:00:00.000Z,0.203
2025-03-22T00:00:00.000Z,0.200
2025-03-22T01:00:00.000Z,0.124
2025-03-22T02:00:00.000Z,0.124
2025-03-22T03:00:00.000Z,0.124
2025-03-22T04:00:00.000Z,0.150
2025-03-22T05:00:00.000Z,0.125
2025-03-22T06:00:00.000Z,0.130
2025-03-22T07:00:00.000Z,0.021
2025-03-22T08:00:00.000Z,0.006
2025-03-22T09:00:00.000Z,-0.021
2025-03-22T10:00:00.000Z,-0.347
2025-03-22T11:00:00.000Z,-1.001
2025-03-22T12:00:00.000Z,-0.941
2025-03-22T13:00:00.000Z,-0.347
2025-03-22T14:00:00.000Z,-0.010
2025-03-22T15:00:00.000Z,0.123
2025-03-22T16:00:00.000Z,0.766
2025-03-22T17:00:00.000Z,1.026
2025-03-22T18:00:00.000Z,0.639
2025-03-22T19:00:00.000Z,0.151
2025-03-22T20:00:00.000Z,0.126
2025-03-22T21:00:00.000Z,0.126
2025-03-22T22:00:00.000Z,0.001
2025-03-22T23:00:00.000Z,0.091
2025-03-23T00:00:00.000Z,0.106
2025-03-23T01:00:00.000Z,0.101
2025-03-23T02:00:00.000Z,0.103
2025-03-23T03:00:00.000Z,0.123
2025-03-23T04:00:00.000Z,0.127
2025-03-23T05:00:00.000Z,0.150
2025-03-23T06:00:00.000Z,0.183
2025-03-23T07:00:00.000Z,0.220
2025-03-23T08:00:00.000Z,0.224
2025-03-23T09:00:00.000Z,0.230
2025-03-23T10:00:00.000Z,0.231
2025-03-23T11:00:00.000Z,0.192
2025-03-23T12:00:00.000Z,0.169
2025-03-23T13:00:00.000Z,0.221
2025-03-23T14:00:00.000Z,0.283
2025-03-23T15:00:00.000Z,0.629
2025-03-23T16:00:00.000Z,1.345
2025-03-23T17:00:00.000Z,1.388
2025-03-23T18:00:00.000Z,1.951
2025-03-23T19:00:00.000Z,1.343
2025-03-23T20:00:00.000Z,1.316
2025-03-23T21:00:00.000Z,1.292
2025-03-23T22:00:00.000Z,1.282
2025-03-23T23:00:00.000Z,1.133
2025-03-24T00:00:00.000Z,1.129
2025-03-24T01:00:00.000Z,1.174
2025-03-24T02:00:00.000Z,1.219
2025-03-24T03:00:00.000Z,1.293
2025-03-24T04:00:00.000Z,3.270
2025-03-24T05:00:00.000Z,2.099
2025-03-24T06:00:00.000Z,4.000
2025-03-24T07:00:00.000Z,5.032
2025-03-24T08:00:00.000Z,3.500
2025-03-24T09:00:00.000Z,1.947
2025-03-24T10:00:00.000Z,0.655
2025-03-24T11:00:00.000Z,0.567
2025-03-24T12:00:00.000Z,0.537
2025-03-24T13:00:00.000Z,0.571
2025-03-24T14:00:00.000Z,0.511
2025-03-24T15:00:00.000Z,0.488
2025-03-24T16:00:00.000Z,0.540
2025-03-24T17:00:00.000Z,0.582
2025-03-24T18:00:00.000Z,0.393
2025-03-24T19:00:00.000Z,0.299
2025-03-24T20:00:00.000Z,0.037
2025-03-24T21:00:00.000Z,0.126
2025-03-24T22:00:00.000Z,0.001
2025-03-24T23:00:00.000Z,-0.006
2025-03-25T00:00:00.000Z,-0.006
2025-03-25T01:00:00.000Z,-0.006
2025-03-25T02:00:00.000Z,-0.001
2025-03-25T03:00:00.000Z,0.002
2025-03-25T04:00:00.000Z,0.176
2025-03-25T05:00:00.000Z,0.226
2025-03-25T06:00:00.000Z,0.419
2025-03-25T07:00:00.000Z,0.647
2025-03-25T08:00:00.000Z,0.640
2025-03-25T09:00:00.000Z,1.000
2025-03-25T10:00:00.000Z,1.304
2025-03-25T11:00:00.000Z,1.197
2025-03-25T12:00:00.000Z,2.000
2025-03-25T13:00:00.000Z,2.000
2025-03-25T14:00:00.000Z,4.710
2025-03-25T15:00:00.000Z,6.936
2025-03-25T16:00:00.000Z,10.788
2025-03-25T17:00:00.000Z,11.498
2025-03-25T18:00:00.000Z,10.328
2025-03-25T19:00:00.000Z,7.765
2025-03-25T20:00:00.000Z,6.741
2025-03-25T21:00:00.000Z,4.452
2025-03-25T22:00:00.000Z,4.756
2025-03-25T23:00:00.000Z,2.932
2025-03-26T00:00:00.000Z,3.159
2025-03-26T01:00:00.000Z,3.134
2025-03-26T02:00:00.000Z,4.496
2025-03-26T03:00:00.000Z,5.991
2025-03-26T04:00:00.000Z,9.968
2025-03-26T05:00:00.000Z,23.796
2025-03-26T06:00:00.000Z,33.517
2025-03-26T07:00:00.000Z,34.393
2025-03-26T08:00:00.000Z,23.791
2025-03-26T09:00:00.000Z,12.277
2025-03-26T10:00:00.000Z,6.929
2025-03-26T11:00:00.000Z,6.735
2025-03-26T12:00:00.000Z,4.501
2025-03-26T13:00:00.000Z,3.469
2025-03-26T14:00:00.000Z,4.137
2025-03-26T15:00:00.000Z,4.337
2025-03-26T16:00:00.000Z,2.211
2025-03-26T17:00:00.000Z,1.193
2025-03-26T18:00:00.000Z,0.648
2025-03-26T19:00:00.000Z,0.506
2025-03-26T20:00:00.000Z,0.504
2025-03-26T21:00:00.000Z,0.261
2025-03-26T22:00:00.000Z,0.001
2025-03-26T23:00:00.000Z,-0.001
2025-03-27T00:00:00.000Z,-0.001
2025-03-27T01:00:00.000Z,0.001
2025-03-27T02:00:00.000Z,0.000
2025-03-27T03:00:00.000Z,0.058
2025-03-27T04:00:00.000Z,0.125
2025-03-27T05:00:00.000Z,0.125
2025-03-27T06:00:00.000Z,0.302
2025-03-27T07:00:00.000Z,0.316
2025-03-27T08:00:00.000Z,0.336
2025-03-27T09:00:00.000Z,0.420
2025-03-27T10:00:00.000Z,0.380
2025-03-27T11:00:00.000Z,0.305
2025-03-27T12:00:00.000Z,0.230
2025-03-27T13:00:00.000Z,0.300
2025-03-27T14:00:00.000Z,0.372
2025-03-27T15:00:00.000Z,0.381
2025-03-27T16:00:00.000Z,0.246
2025-03-27T17:00:00.000Z,0.539
2025-03-27T18:00:00.000Z,0.701
2025-03-27T19:00:00.000Z,0.640
2025-03-27T20:00:00.000Z,0.640
2025-03-27T21:00:00.000Z,0.362
2025-03-27T22:00:00.000Z,0.340
2025-03-27T23:00:00.000Z,0.299
2025-03-28T00:00:00.000Z,0.223
2025-03-28T01:00:00.000Z,0.129
2025-03-28T02:00:00.000Z,0.128
2025-03-28T03:00:00.000Z,0.487
2025-03-28T04:00:00.000Z,0.931
2025-03-28T05:00:00.000Z,1.117
2025-03-28T06:00:00.000Z,1.214
2025-03-28T07:00:00.000Z,1.265
2025-03-28T08:00:00.000Z,1.141
2025-03-28T09:00:00.000Z,0.689
2025-03-28T10:00:00.000Z,0.130
2025-03-28T11:00:00.000Z,-0.001
2025-03-28T12:00:00.000Z,-0.002
2025-03-28T13:00:00.000Z,-0.001
2025-03-28T14:00:00.000Z,0.001
2025-03-28T15:00:00.000Z,0.066
2025-03-28T16:00:00.000Z,0.123
2025-03-28T17:00:00.000Z,0.125
2025-03-28T18:00:00.000Z,0.041
2025-03-28T19:00:00.000Z,0.000
2025-03-28T20:00:00.000Z,0.001
2025-03-28T21:00:00.000Z,0.000
2025-03-28T22:00:00.000Z,-0.001
2025-03-28T23:00:00.000Z,0.000
2025-03-29T00:00:00.000Z,0.000
2025-03-29T01:00:00.000Z,0.000
2025-03-29T02:00:00.000Z,0.000
2025-03-29T03:00:00.000Z,-0.001
2025-03-29T04:00:00.000Z,0.001
2025-03-29T05:00:00.000Z,0.091
2025-03-29T06:00:00.000Z,0.126
2025-03-29T07:00:00.000Z,0.191
2025-03-29T08:00:00.000Z,0.124
2025-03-29T09:00:00.000Z,0.001
2025-03-29T10:00:00.000Z,0.000
2025-03-29T11:00:00.000Z,0.000
2025-03-29T12:00:00.000Z,-0.002
2025-03-29T13:00:00.000Z,0.073
2025-03-29T14:00:00.000Z,0.259
2025-03-29T15:00:00.000Z,0.303
2025-03-29T16:00:00.000Z,0.339
2025-03-29T17:00:00.000Z,0.390
2025-03-29T18:00:00.000Z,0.382
2025-03-29T19:00:00.000Z,0.384
2025-03-29T20:00:00.000Z,0.400
2025-03-29T21:00:00.000Z,0.420
2025-03-29T22:00:00.000Z,0.479
2025-03-29T23:00:00.000Z,0.596
2025-03-30T00:00:00.000Z,0.692
2025-03-30T01:00:00.000Z,0.479
2025-03-30T02:00:00.000Z,0.390
2025-03-30T03:00:00.000Z,0.390
2025-03-30T04:00:00.000Z,0.384
2025-03-30T05:00:00.000Z,0.393
2025-03-30T06:00:00.000Z,1.017
2025-03-30T07:00:00.000Z,3.500
2025-03-30T08:00:00.000Z,6.137
2025-03-30T09:00:00.000Z,5.969
2025-03-30T10:00:00.000Z,4.330
2025-03-30T11:00:00.000Z,5.516
2025-03-30T12:00:00.000Z,9.996
2025-03-30T13:00:00.000Z,8.703
2025-03-30T14:00:00.000Z,10.675
2025-03-30T15:00:00.000Z,12.977
2025-03-30T16:00:00.000Z,16.796
2025-03-30T17:00:00.000Z,15.812
2025-03-30T18:00:00.000Z,8.642
2025-03-30T19:00:00.000Z,9.166
2025-03-30T20:00:00.000Z,7.104
2025-03-30T21:00:00.000Z,3.499
2025-03-30T22:00:00.000Z,8.419
2025-03-30T23:00:00.000Z,8.208
2025-03-31T00:00:00.000Z,4.300
2025-03-31T01:00:00.000Z,4.155
2025-03-31T02:00:00.000Z,5.999
2025-03-31T03:00:00.000Z,13.229
2025-03-31T04:00:00.000Z,16.791
2025-03-31T05:00:00.000Z,20.000
2025-03-31T06:00:00.000Z,26.898
2025-03-31T07:00:00.000Z,17.874
2025-03-31T08:00:00.000Z,14.482
2025-03-31T09:00:00.000Z,18.340
2025-03-31T10:00:00.000Z,12.816
2025-03-31T11:00:00.000Z,10.185
2025-03-31T12:00:00.000Z,13.535
2025-03-31T13:00:00.000Z,10.123
2025-03-31T14:00:00.000Z,12.366
2025-03-31T15:00:00.000Z,13.252
2025-03-31T16:00:00.000Z,11.089
2025-03-31T17:00:00.000Z,10.759
2025-03-31T18:00:00.000Z,10.061
2025-03-31T19:00:00.000Z,7.825
2025-03-31T20:00:00.000Z,11.009
2025-03-31T21:00:00.000Z,6.105
2025-03-31T22:00:00.000Z,3.500
2025-03-31T23:00:00.000Z,3.722
2025-04-01T00:00:00.000Z,3.503
2025-04-01T01:00:00.000Z,3.499
2025-04-01T02:00:00.000Z,3.000
2025-04-01T03:00:00.000Z,3.488
2025-04-01T04:00:00.000Z,3.291
2025-04-01T05:00:00.000Z,3.852
2025-04-01T06:00:00.000Z,4.491
2025-04-01T07:00:00.000Z,4.290
2025-04-01T08:00:00.000Z,4.308
2025-04-01T09:00:00.000Z,3.106
2025-04-01T10:00:00.000Z,0.957
2025-04-01T11:00:00.000Z,0.844
2025-04-01T12:00:00.000Z,0.631
2025-04-01T13:00:00.000Z,1.112
2025-04-01T14:00:00.000Z,1.351
2025-04-01T15:00:00.000Z,2.000
2025-04-01T16:00:00.000Z,1.302
2025-04-01T17:00:00.000Z,0.260
2025-04-01T18:00:00.000Z,0.192
2025-04-01T19:00:00.000Z,0.008
2025-04-01T20:00:00.000Z,-0.002
2025-04-01T21:00:00.000Z,-0.036
2025-04-01T22:00:00.000Z,-0.193
2025-04-01T23:00:00.000Z,-0.232
2025-04-02T00:00:00.000Z,-0.243
2025-04-02T01:00:00.000Z,-0.206
2025-04-02T02:00:00.000Z,-0.196
2025-04-02T03:00:00.000Z,-0.083
2025-04-02T04:00:00.000Z,-0.002
2025-04-02T05:00:00.000Z,0.016
2025-04-02T06:00:00.000Z,0.157
2025-04-02T07:00:00.000Z,0.209
2025-04-02T08:00:00.000Z,0.289
2025-04-02T09:00:00.000Z,0.117
2025-04-02T10:00:00.000Z,-0.004
2025-04-02T11:00:00.000Z,-0.036
2025-04-02T12:00:00.000Z,-0.030
2025-04-02T13:00:00.000Z,-0.004
2025-04-02T14:00:00.000Z,0.226
2025-04-02T15:00:00.000Z,0.713
2025-04-02T16:00:00.000Z,0.343
2025-04-02T17:00:00.000Z,0.357
2025-04-02T18:00:00.000Z,0.317
2025-04-02T19:00:00.000Z,0.319
2025-04-02T20:00:00.000Z,0.278
2025-04-02T21:00:00.000Z,0.205
2025-04-02T22:00:00.000Z,0.144
2025-04-02T23:00:00.000Z,0.015
2025-04-03T00:00:00.000Z,0.001
2025-04-03T01:00:00.000Z,-0.001
2025-04-03T02:00:00.000Z,-0.001
2025-04-03T03:00:00.000Z,0.000
2025-04-03T04:00:00.000Z,0.045
2025-04-03T05:00:00.000Z,0.072
2025-04-03T06:00:00.000Z,0.005
2025-04-03T07:00:00.000Z,-0.002
2025-04-03T08:00:00.000Z,-0.001
2025-04-03T09:00:00.000Z,-0.105
2025-04-03T10:00:00.000Z,-0.293
2025-04-03T11:00:00.000Z,-0.601
2025-04-03T12:00:00.000Z,-0.404
2025-04-03T13:00:00.000Z,-0.253
2025-04-03T14:00:00.000Z,-0.239
2025-04-03T15:00:00.000Z,-0.297
2025-04-03T16:00:00.000Z,-0.212
2025-04-03T17:00:00.000Z,-0.202
2025-04-03T18:00:00.000Z,-0.203
2025-04-03T19:00:00.000Z,-0.242
2025-04-03T20:00:00.000Z,-0.243
2025-04-03T21:00:00.000Z,-0.178
2025-04-03T22:00:00.000Z,-0.301
2025-04-03T23:00:00.000Z,-0.246
2025-04-04T00:00:00.000Z,-0.500
2025-04-04T01:00:00.000Z,-0.500
2025-04-04T02:00:00.000Z,-0.454
2025-04-04T03:00:00.000Z,-0.246
2025-04-04T04:00:00.000Z,-0.140
2025-04-04T05:00:00.000Z,-0.056
2025-04-04T06:00:00.000Z,-0.020
2025-04-04T07:00:00.000Z,-0.074
2025-04-04T08:00:00.000Z,-0.021
2025-04-04T09:00:00.000Z,-0.011
2025-04-04T10:00:00.000Z,-0.088
2025-04-04T11:00:00.000Z,-0.100
2025-04-04T12:00:00.000Z,-0.105
2025-04-04T13:00:00.000Z,-0.021
2025-04-04T14:00:00.000Z,0.000
2025-04-04T15:00:00.000Z,0.013
2025-04-04T16:00:00.000Z,0.228
2025-04-04T17:00:00.000Z,0.288
2025-04-04T18:00:00.000Z,0.301
2025-04-04T19:00:00.000Z,0.300
2025-04-04T20:00:00.000Z,0.283
2025-04-04T21:00:00.000Z,0.301
2025-04-04T22:00:00.000Z,-0.001
2025-04-04T23:00:00.000Z,0.000
2025-04-05T00:00:00.000Z,0.001
2025-04-05T01:00:00.000Z,0.151
2025-04-05T02:00:00.000Z,0.276
2025-04-05T03:00:00.000Z,0.468
2025-04-05T04:00:00.000Z,0.670
2025-04-05T05:00:00.000Z,0.871
2025-04-05T06:00:00.000Z,1.247
2025-04-05T07:00:00.000Z,0.646
2025-04-05T08:00:00.000Z,0.376
2025-04-05T09:00:00.000Z,0.177
2025-04-05T10:00:00.000Z,-0.002
2025-04-05T11:00:00.000Z,-0.002
2025-04-05T12:00:00.000Z,-0.001
2025-04-05T13:00:00.000Z,0.004
2025-04-05T14:00:00.000Z,0.350
2025-04-05T15:00:00.000Z,1.478
2025-04-05T16:00:00.000Z,5.650
2025-04-05T17:00:00.000Z,7.681
2025-04-05T18:00:00.000Z,5.560
2025-04-05T19:00:00.000Z,6.432
2025-04-05T20:00:00.000Z,5.969
2025-04-05T21:00:00.000Z,3.899
2025-04-05T22:00:00.000Z,6.609
2025-04-05T23:00:00.000Z,5.166
2025-04-06T00:00:00.000Z,5.431
2025-04-06T01:00:00.000Z,3.492
2025-04-06T02:00:00.000Z,2.989
2025-04-06T03:00:00.000Z,3.737
2025-04-06T04:00:00.000Z,3.997
2025-04-06T05:00:00.000Z,8.604
2025-04-06T06:00:00.000Z,5.998
2025-04-06T07:00:00.000Z,4.000
2025-04-06T08:00:00.000Z,4.281
2025-04-06T09:00:00.000Z,4.824
2025-04-06T10:00:00.000Z,4.497
2025-04-06T11:00:00.000Z,2.988
2025-04-06T12:00:00.000Z,1.999
2025-04-06T13:00:00.000Z,1.999
2025-04-06T14:00:00.000Z,1.420
2025-04-06T15:00:00.000Z,3.106
2025-04-06T16:00:00.000Z,8.117
2025-04-06T17:00:00.000Z,12.639
2025-04-06T18:00:00.000Z,7.878
2025-04-06T19:00:00.000Z,8.000
2025-04-06T20:00:00.000Z,6.991
2025-04-06T21:00:00.000Z,2.494
2025-04-06T22:00:00.000Z,0.619
2025-04-06T23:00:00.000Z,0.685
2025-04-07T00:00:00.000Z,0.710
2025-04-07T01:00:00.000Z,0.762
2025-04-07T02:00:00.000Z,0.927
2025-04-07T03:00:00.000Z,3.520
2025-04-07T04:00:00.000Z,4.997
2025-04-07T05:00:00.000Z,18.283
2025-04-07T06:00:00.000Z,15.273
2025-04-07T07:00:00.000Z,10.784
2025-04-07T08:00:00.000Z,6.087
2025-04-07T09:00:00.000Z,5.074
2025-04-07T10:00:00.000Z,4.006
2025-04-07T11:00:00.000Z,1.833
2025-04-07T12:00:00.000Z,3.681
2025-04-07T13:00:00.000Z,4.927
2025-04-07T14:00:00.000Z,5.297
2025-04-07T15:00:00.000Z,9.898
2025-04-07T16:00:00.000Z,12.735
2025-04-07T17:00:00.000Z,16.818
2025-04-07T18:00:00.000Z,16.467
2025-04-07T19:00:00.000Z,13.463
2025-04-07T20:00:00.000Z,11.769
2025-04-07T21:00:00.000Z,6.088
2025-04-07T22:00:00.000Z,8.426
2025-04-07T23:00:00.000Z,6.608
2025-04-08T00:00:00.000Z,6.785
2025-04-08T01:00:00.000Z,6.848
2025-04-08T02:00:00.000Z,6.642
2025-04-08T03:00:00.000Z,11.175
2025-04-08T04:00:00.000Z,14.085
2025-04-08T05:00:00.000Z,18.155
2025-04-08T06:00:00.000Z,13.678
2025-04-08T07:00:00.000Z,6.488
2025-04-08T08:00:00.000Z,3.894
2025-04-08T09:00:00.000Z,1.643
2025-04-08T10:00:00.000Z,1.202
2025-04-08T11:00:00.000Z,0.822
2025-04-08T12:00:00.000Z,1.063
2025-04-08T13:00:00.000Z,1.164
2025-04-08T14:00:00.000Z,0.587
2025-04-08T15:00:00.000Z,0.344
2025-04-08T16:00:00.000Z,0.273
2025-04-08T17:00:00.000Z,0.219
2025-04-08T18:00:00.000Z,0.127
2025-04-08T19:00:00.000Z,0.104
2025-04-08T20:00:00.000Z,-0.003
2025-04-08T21:00:00.000Z,-0.010
2025-04-08T22:00:00.000Z,-0.002
2025-04-08T23:00:00.000Z,-0.001
2025-04-09T00:00:00.000Z,0.000
2025-04-09T01:00:00.000Z,0.000
2025-04-09T02:00:00.000Z,0.000
2025-04-09T03:00:00.000Z,0.000
2025-04-09T04:00:00.000Z,-0.001
2025-04-09T05:00:00.000Z,0.010
2025-04-09T06:00:00.000Z,0.073
2025-04-09T07:00:00.000Z,0.124
2025-04-09T08:00:00.000Z,0.286
2025-04-09T09:00:00.000Z,0.349
2025-04-09T10:00:00.000Z,0.020
2025-04-09T11:00:00.000Z,-0.001
2025-04-09T12:00:00.000Z,0.000
2025-04-09T13:00:00.000Z,0.001
2025-04-09T14:00:00.000Z,0.123
2025-04-09T15:00:00.000Z,0.241
2025-04-09T16:00:00.000Z,0.282
2025-04-09T17:00:00.000Z,0.126
2025-04-09T18:00:00.000Z,0.126
2025-04-09T19:00:00.000Z,0.186
2025-04-09T20:00:00.000Z,0.297
2025-04-09T21:00:00.000Z,0.225
2025-04-09T22:00:00.000Z,0.419
2025-04-09T23:00:00.000Z,0.523
2025-04-10T00:00:00.000Z,0.778
2025-04-10T01:00:00.000Z,0.801
2025-04-10T02:00:00.000Z,1.120
2025-04-10T03:00:00.000Z,4.378
2025-04-10T04:00:00.000Z,12.999
2025-04-10T05:00:00.000Z,18.062
2025-04-10T06:00:00.000Z,14.080
2025-04-10T07:00:00.000Z,12.605
2025-04-10T08:00:00.000Z,8.000
2025-04-10T09:00:00.000Z,5.950
2025-04-10T10:00:00.000Z,4.494
2025-04-10T11:00:00.000Z,1.996
2025-04-10T12:00:00.000Z,0.350
2025-04-10T13:00:00.000Z,0.708
2025-04-10T14:00:00.000Z,0.868
2025-04-10T15:00:00.000Z,1.015
2025-04-10T16:00:00.000Z,1.019
2025-04-10T17:00:00.000Z,1.010
2025-04-10T18:00:00.000Z,0.914
2025-04-10T19:00:00.000Z,0.887
2025-04-10T20:00:00.000Z,0.795
2025-04-10T21:00:00.000Z,0.615
2025-04-10T22:00:00.000Z,0.526
2025-04-10T23:00:00.000Z,0.469
2025-04-11T00:00:00.000Z,0.475
2025-04-11T01:00:00.000Z,0.440
2025-04-11T02:00:00.000Z,0.489
2025-04-11T03:00:00.000Z,0.820
2025-04-11T04:00:00.000Z,1.367
2025-04-11T05:00:00.000Z,4.516
2025-04-11T06:00:00.000Z,4.846
2025-04-11T07:00:00.000Z,4.155
2025-04-11T08:00:00.000Z,3.058
2025-04-11T09:00:00.000Z,2.999
2025-04-11T10:00:00.000Z,1.816
2025-04-11T11:00:00.000Z,1.007
2025-04-11T12:00:00.000Z,0.909
2025-04-11T13:00:00.000Z,1.221
2025-04-11T14:00:00.000Z,3.001
2025-04-11T15:00:00.000Z,7.595
2025-04-11T16:00:00.000Z,12.999
2025-04-11T17:00:00.000Z,18.295
2025-04-11T18:00:00.000Z,17.685
2025-04-11T19:00:00.000Z,14.008
2025-04-11T20:00:00.000Z,7.349
2025-04-11T21:00:00.000Z,0.986
2025-04-11T22:00:00.000Z,0.879
2025-04-11T23:00:00.000Z,0.841
2025-04-12T00:00:00.000Z,0.682
2025-04-12T01:00:00.000Z,0.683
2025-04-12T02:00:00.000Z,0.694
2025-04-12T03:00:00.000Z,0.679
2025-04-12T04:00:00.000Z,0.567
2025-04-12T05:00:00.000Z,0.665
2025-04-12T06:00:00.000Z,0.240
2025-04-12T07:00:00.000Z,0.257
2025-04-12T08:00:00.000Z,0.235
2025-04-12T09:00:00.000Z,0.000
2025-04-12T10:00:00.000Z,-0.021
2025-04-12T11:00:00.000Z,-0.020
2025-04-12T12:00:00.000Z,-0.001
2025-04-12T13:00:00.000Z,0.000
2025-04-12T14:00:00.000Z,0.199
2025-04-12T15:00:00.000Z,0.469
2025-04-12T16:00:00.000Z,0.450
2025-04-12T17:00:00.000Z,0.454
2025-04-12T18:00:00.000Z,0.480
2025-04-12T19:00:00.000Z,0.462
2025-04-12T20:00:00.000Z,0.428
2025-04-12T21:00:00.000Z,0.349
2025-04-12T22:00:00.000Z,0.383
2025-04-12T23:00:00.000Z,0.301
2025-04-13T00:00:00.000Z,0.299
2025-04-13T01:00:00.000Z,0.300
2025-04-13T02:00:00.000Z,0.299
2025-04-13T03:00:00.000Z,0.287
2025-04-13T04:00:00.000Z,0.301
2025-04-13T05:00:00.000Z,0.382
2025-04-13T06:00:00.000Z,0.613
2025-04-13T07:00:00.000Z,0.550
2025-04-13T08:00:00.000Z,0.264
2025-04-13T09:00:00.000Z,0.013
2025-04-13T10:00:00.000Z,-0.137
2025-04-13T11:00:00.000Z,-0.270
2025-04-13T12:00:00.000Z,-0.207
2025-04-13T13:00:00.000Z,-0.020
2025-04-13T14:00:00.000Z,0.246
2025-04-13T15:00:00.000Z,0.587
2025-04-13T16:00:00.000Z,0.391
2025-04-13T17:00:00.000Z,0.300
2025-04-13T18:00:00.000Z,0.205
2025-04-13T19:00:00.000Z,0.174
2025-04-13T20:00:00.000Z,0.123
2025-04-13T21:00:00.000Z,0.000
2025-04-13T22:00:00.000Z,0.168
2025-04-13T23:00:00.000Z,0.125
2025-04-14T00:00:00.000Z,0.091
2025-04-14T01:00:00.000Z,0.125
2025-04-14T02:00:00.000Z,0.150
2025-04-14T03:00:00.000Z,0.237
2025-04-14T04:00:00.000Z,0.295
2025-04-14T05:00:00.000Z,0.440
2025-04-14T06:00:00.000Z,0.891
2025-04-14T07:00:00.000Z,0.403
2025-04-14T08:00:00.000Z,0.367
2025-04-14T09:00:00.000Z,0.357
2025-04-14T10:00:00.000Z,0.307
2025-04-14T11:00:00.000Z,0.291
2025-04-14T12:00:00.000Z,0.232
2025-04-14T13:00:00.000Z,0.226
2025-04-14T14:00:00.000Z,0.236
2025-04-14T15:00:00.000Z,0.232
2025-04-14T16:00:00.000Z,0.779
2025-04-14T17:00:00.000Z,1.289
2025-04-14T18:00:00.000Z,1.309
2025-04-14T19:00:00.000Z,0.665
2025-04-14T20:00:00.000Z,0.350
2025-04-14T21:00:00.000Z,0.232
2025-04-14T22:00:00.000Z,0.256
2025-04-14T23:00:00.000Z,0.237
2025-04-15T00:00:00.000Z,0.235
2025-04-15T01:00:00.000Z,0.274
2025-04-15T02:00:00.000Z,0.291
2025-04-15T03:00:00.000Z,0.678
2025-04-15T04:00:00.000Z,3.001
2025-04-15T05:00:00.000Z,4.330
2025-04-15T06:00:00.000Z,3.304
2025-04-15T07:00:00.000Z,0.898
2025-04-15T08:00:00.000Z,1.034
2025-04-15T09:00:00.000Z,0.500
2025-04-15T10:00:00.000Z,0.294
2025-04-15T11:00:00.000Z,0.314
2025-04-15T12:00:00.000Z,0.404
2025-04-15T13:00:00.000Z,0.668
2025-04-15T14:00:00.000Z,0.722
2025-04-15T15:00:00.000Z,3.760
2025-04-15T16:00:00.000Z,10.815
2025-04-15T17:00:00.000Z,13.804
2025-04-15T18:00:00.000Z,6.916
2025-04-15T19:00:00.000Z,2.508
2025-04-15T20:00:00.000Z,0.762
2025-04-15T21:00:00.000Z,0.297
2025-04-15T22:00:00.000Z,0.273
2025-04-15T23:00:00.000Z,0.236
2025-04-16T00:00:00.000Z,0.224
2025-04-16T01:00:00.000Z,0.237
2025-04-16T02:00:00.000Z,0.280
2025-04-16T03:00:00.000Z,0.353
2025-04-16T04:00:00.000Z,0.489
2025-04-16T05:00:00.000Z,0.596
2025-04-16T06:00:00.000Z,0.760
2025-04-16T07:00:00.000Z,4.380
2025-04-16T08:00:00.000Z,2.126
2025-04-16T09:00:00.000Z,0.951
2025-04-16T10:00:00.000Z,0.843
2025-04-16T11:00:00.000Z,0.824
2025-04-16T12:00:00.000Z,0.999
2025-04-16T13:00:00.000Z,2.473
2025-04-16T14:00:00.000Z,2.371
2025-04-16T15:00:00.000Z,5.276
2025-04-16T16:00:00.000Z,4.353
2025-04-16T17:00:00.000Z,1.306
2025-04-16T18:00:00.000Z,0.424
2025-04-16T19:00:00.000Z,0.381
2025-04-16T20:00:00.000Z,0.350
2025-04-16T21:00:00.000Z,0.320
2025-04-16T22:00:00.000Z,0.332
2025-04-16T23:00:00.000Z,0.355
2025-04-17T00:00:00.000Z,0.407
2025-04-17T01:00:00.000Z,0.488
2025-04-17T02:00:00.000Z,1.107
2025-04-17T03:00:00.000Z,8.968
2025-04-17T04:00:00.000Z,12.620
2025-04-17T05:00:00.000Z,17.320
2025-04-17T06:00:00.000Z,12.982
2025-04-17T07:00:00.000Z,11.898
2025-04-17T08:00:00.000Z,11.690
2025-04-17T09:00:00.000Z,7.350
2025-04-17T10:00:00.000Z,6.523
2025-04-17T11:00:00.000Z,8.629
2025-04-17T12:00:00.000Z,11.224
2025-04-17T13:00:00.000Z,6.441
2025-04-17T14:00:00.000Z,8.651
2025-04-17T15:00:00.000Z,11.690
2025-04-17T16:00:00.000Z,16.981
2025-04-17T17:00:00.000Z,19.000
2025-04-17T18:00:00.000Z,8.015
2025-04-17T19:00:00.000Z,5.601
2025-04-17T20:00:00.000Z,1.462
2025-04-17T21:00:00.000Z,0.323
2025-04-17T22:00:00.000Z,0.745
2025-04-17T23:00:00.000Z,0.420
2025-04-18T00:00:00.000Z,0.377
2025-04-18T01:00:00.000Z,0.520
2025-04-18T02:00:00.000Z,0.675
2025-04-18T03:00:00.000Z,0.466
2025-04-18T04:00:00.000Z,0.512
2025-04-18T05:00:00.000Z,0.651
2025-04-18T06:00:00.000Z,1.289
2025-04-18T07:00:00.000Z,0.836
2025-04-18T08:00:00.000Z,0.838
2025-04-18T09:00:00.000Z,0.753
2025-04-18T10:00:00.000Z,0.721
2025-04-18T11:00:00.000Z,0.714
2025-04-18T12:00:00.000Z,0.772
2025-04-18T13:00:00.000Z,0.833
2025-04-18T14:00:00.000Z,1.120
2025-04-18T15:00:00.000Z,2.423
2025-04-18T16:00:00.000Z,6.000
2025-04-18T17:00:00.000Z,7.995
2025-04-18T18:00:00.000Z,9.225
2025-04-18T19:00:00.000Z,10.343
2025-04-18T20:00:00.000Z,9.590
2025-04-18T21:00:00.000Z,4.833
2025-04-18T22:00:00.000Z,5.609
2025-04-18T23:00:00.000Z,1.991
2025-04-19T00:00:00.000Z,0.974
2025-04-19T01:00:00.000Z,1.183
2025-04-19T02:00:00.000Z,1.633
2025-04-19T03:00:00.000Z,1.812
2025-04-19T04:00:00.000Z,3.262
2025-04-19T05:00:00.000Z,5.505
2025-04-19T06:00:00.000Z,6.008
2025-04-19T07:00:00.000Z,5.425
2025-04-19T08:00:00.000Z,4.498
2025-04-19T09:00:00.000Z,6.115
2025-04-19T10:00:00.000Z,5.506
2025-04-19T11:00:00.000Z,2.001
2025-04-19T12:00:00.000Z,2.001
2025-04-19T13:00:00.000Z,2.008
2025-04-19T14:00:00.000Z,6.103
2025-04-19T15:00:00.000Z,11.154
2025-04-19T16:00:00.000Z,11.898
2025-04-19T17:00:00.000Z,13.074
2025-04-19T18:00:00.000Z,11.998
2025-04-19T19:00:00.000Z,11.433
2025-04-19T20:00:00.000Z,0.998
2025-04-19T21:00:00.000Z,0.399
2025-04-19T22:00:00.000Z,0.401
2025-04-19T23:00:00.000Z,0.387
2025-04-20T00:00:00.000Z,0.372
2025-04-20T01:00:00.000Z,0.390
2025-04-20T02:00:00.000Z,0.396
2025-04-20T03:00:00.000Z,0.487
2025-04-20T04:00:00.000Z,0.676
2025-04-20T05:00:00.000Z,1.974
2025-04-20T06:00:00.000Z,3.166
2025-04-20T07:00:00.000Z,1.993
2025-04-20T08:00:00.000Z,0.616
2025-04-20T09:00:00.000Z,0.399
2025-04-20T10:00:00.000Z,0.360
2025-04-20T11:00:00.000Z,0.366
2025-04-20T12:00:00.000Z,0.401
2025-04-20T13:00:00.000Z,0.639
2025-04-20T14:00:00.000Z,2.214
2025-04-20T15:00:00.000Z,3.516
2025-04-20T16:00:00.000Z,4.513
2025-04-20T17:00:00.000Z,4.155
2025-04-20T18:00:00.000Z,1.886
2025-04-20T19:00:00.000Z,1.229
2025-04-20T20:00:00.000Z,0.845
2025-04-20T21:00:00.000Z,0.737
2025-04-20T22:00:00.000Z,1.430
2025-04-20T23:00:00.000Z,0.839
2025-04-21T00:00:00.000Z,0.767
2025-04-21T01:00:00.000Z,0.756
2025-04-21T02:00:00.000Z,0.700
2025-04-21T03:00:00.000Z,0.711
2025-04-21T04:00:00.000Z,4.132
2025-04-21T05:00:00.000Z,9.001
2025-04-21T06:00:00.000Z,8.061
2025-04-21T07:00:00.000Z,4.992
2025-04-21T08:00:00.000Z,2.867
2025-04-21T09:00:00.000Z,2.736
2025-04-21T10:00:00.000Z,2.285
2025-04-21T11:00:00.000Z,2.615
2025-04-21T12:00:00.000Z,3.263
2025-04-21T13:00:00.000Z,5.504
2025-04-21T14:00:00.000Z,5.501
2025-04-21T15:00:00.000Z,10.727
2025-04-21T16:00:00.000Z,14.103
2025-04-21T17:00:00.000Z,14.896
2025-04-21T18:00:00.000Z,9.534
2025-04-21T19:00:00.000Z,8.694
2025-04-21T20:00:00.000Z,4.664
2025-04-21T21:00:00.000Z,3.500
2025-04-21T22:00:00.000Z,3.262
2025-04-21T23:00:00.000Z,3.106
2025-04-22T00:00:00.000Z,3.262
2025-04-22T01:00:00.000Z,3.828
2025-04-22T02:00:00.000Z,5.500
2025-04-22T03:00:00.000Z,12.832
2025-04-22T04:00:00.000Z,23.354
2025-04-22T05:00:00.000Z,26.943
2025-04-22T06:00:00.000Z,30.009
2025-04-22T07:00:00.000Z,30.003
2025-04-22T08:00:00.000Z,30.000
2025-04-22T09:00:00.000Z,30.003
2025-04-22T10:00:00.000Z,24.397
2025-04-22T11:00:00.000Z,17.324
2025-04-22T12:00:00.000Z,15.821
2025-04-22T13:00:00.000Z,15.596
2025-04-22T14:00:00.000Z,19.891
2025-04-22T15:00:00.000Z,24.999
2025-04-22T16:00:00.000Z,28.000
2025-04-22T17:00:00.000Z,24.399
2025-04-22T18:00:00.000Z,27.517
2025-04-22T19:00:00.000Z,15.728
2025-04-22T20:00:00.000Z,12.621
2025-04-22T21:00:00.000Z,10.935
2025-04-22T22:00:00.000Z,10.874
2025-04-22T23:00:00.000Z,10.082
2025-04-23T00:00:00.000Z,9.897
2025-04-23T01:00:00.000Z,9.886
2025-04-23T02:00:00.000Z,10.313
2025-04-23T03:00:00.000Z,15.831
2025-04-23T04:00:00.000Z,25.000
2025-04-23T05:00:00.000Z,34.999
2025-04-23T06:00:00.000Z,30.002
2025-04-23T07:00:00.000Z,20.311
2025-04-23T08:00:00.000Z,8.671
2025-04-23T09:00:00.000Z,8.015
2025-04-23T10:00:00.000Z,2.600
2025-04-23T11:00:00.000Z,0.401
2025-04-23T12:00:00.000Z,0.317
2025-04-23T13:00:00.000Z,0.391
2025-04-23T14:00:00.000Z,0.404
2025-04-23T15:00:00.000Z,0.473
2025-04-23T16:00:00.000Z,0.856
2025-04-23T17:00:00.000Z,2.418
2025-04-23T18:00:00.000Z,3.364
2025-04-23T19:00:00.000Z,3.347
2025-04-23T20:00:00.000Z,2.627
2025-04-23T21:00:00.000Z,2.361
2025-04-23T22:00:00.000Z,1.494
2025-04-23T23:00:00.000Z,1.897
2025-04-24T00:00:00.000Z,3.086
2025-04-24T01:00:00.000Z,4.900
2025-04-24T02:00:00.000Z,6.815
2025-04-24T03:00:00.000Z,20.432
2025-04-24T04:00:00.000Z,22.400
2025-04-24T05:00:00.000Z,38.206
2025-04-24T06:00:00.000Z,29.997
2025-04-24T07:00:00.000Z,22.400
2025-04-24T08:00:00.000Z,15.695
2025-04-24T09:00:00.000Z,16.195
2025-04-24T10:00:00.000Z,15.000
2025-04-24T11:00:00.000Z,12.999
2025-04-24T12:00:00.000Z,8.720
2025-04-24T13:00:00.000Z,11.491
2025-04-24T14:00:00.000Z,12.999
2025-04-24T15:00:00.000Z,20.299
2025-04-24T16:00:00.000Z,24.999
2025-04-24T17:00:00.000Z,30.003
2025-04-24T18:00:00.000Z,25.000
2025-04-24T19:00:00.000Z,28.290
2025-04-24T20:00:00.000Z,19.725
2025-04-24T21:00:00.000Z,12.999
2025-04-24T22:00:00.000Z,8.670
2025-04-24T23:00:00.000Z,8.348
2025-04-25T00:00:00.000Z,8.256
2025-04-25T01:00:00.000Z,8.400
2025-04-25T02:00:00.000Z,8.548
2025-04-25T03:00:00.000Z,16.249
2025-04-25T04:00:00.000Z,29.994
2025-04-25T05:00:00.000Z,29.994
2025-04-25T06:00:00.000Z,28.296
2025-04-25T07:00:00.000Z,15.410
2025-04-25T08:00:00.000Z,10.050
2025-04-25T09:00:00.000Z,6.969
2025-04-25T10:00:00.000Z,6.405
2025-04-25T11:00:00.000Z,3.142
2025-04-25T12:00:00.000Z,2.768
2025-04-25T13:00:00.000Z,3.309
2025-04-25T14:00:00.000Z,5.834
2025-04-25T15:00:00.000Z,2.876
2025-04-25T16:00:00.000Z,4.063
2025-04-25T17:00:00.000Z,3.996
2025-04-25T18:00:00.000Z,2.408
2025-04-25T19:00:00.000Z,1.819
2025-04-25T20:00:00.000Z,0.428
2025-04-25T21:00:00.000Z,0.365
2025-04-25T22:00:00.000Z,0.365
2025-04-25T23:00:00.000Z,0.362
2025-04-26T00:00:00.000Z,0.349
2025-04-26T01:00:00.000Z,0.394
2025-04-26T02:00:00.000Z,0.420
2025-04-26T03:00:00.000Z,0.437
2025-04-26T04:00:00.000Z,0.707
2025-04-26T05:00:00.000Z,2.594
2025-04-26T06:00:00.000Z,3.789
2025-04-26T07:00:00.000Z,2.372
2025-04-26T08:00:00.000Z,0.576
2025-04-26T09:00:00.000Z,0.302
2025-04-26T10:00:00.000Z,0.090
2025-04-26T11:00:00.000Z,0.038
2025-04-26T12:00:00.000Z,-0.001
2025-04-26T13:00:00.000Z,0.138
2025-04-26T14:00:00.000Z,0.396
2025-04-26T15:00:00.000Z,2.871
2025-04-26T16:00:00.000Z,5.086
2025-04-26T17:00:00.000Z,10.023
2025-04-26T18:00:00.000Z,11.093
2025-04-26T19:00:00.000Z,12.897
2025-04-26T20:00:00.000Z,8.544
2025-04-26T21:00:00.000Z,7.261
2025-04-26T22:00:00.000Z,12.902
2025-04-26T23:00:00.000Z,11.291
2025-04-27T00:00:00.000Z,9.998
2025-04-27T01:00:00.000Z,10.007
2025-04-27T02:00:00.000Z,8.492
2025-04-27T03:00:00.000Z,6.010
2025-04-27T04:00:00.000Z,5.505
2025-04-27T05:00:00.000Z,5.716
2025-04-27T06:00:00.000Z,3.586
2025-04-27T07:00:00.000Z,0.499
2025-04-27T08:00:00.000Z,0.093
2025-04-27T09:00:00.000Z,-0.020
2025-04-27T10:00:00.000Z,-0.020
2025-04-27T11:00:00.000Z,-0.050
2025-04-27T12:00:00.000Z,-0.011
2025-04-27T13:00:00.000Z,-0.001
2025-04-27T14:00:00.000Z,0.167
2025-04-27T15:00:00.000Z,3.290
2025-04-27T16:00:00.000Z,10.733
2025-04-27T17:00:00.000Z,16.440
2025-04-27T18:00:00.000Z,5.717
2025-04-27T19:00:00.000Z,6.999
2025-04-27T20:00:00.000Z,5.608
2025-04-27T21:00:00.000Z,5.503
2025-04-27T22:00:00.000Z,2.599
2025-04-27T23:00:00.000Z,1.289
2025-04-28T00:00:00.000Z,0.528
2025-04-28T01:00:00.000Z,0.724
2025-04-28T02:00:00.000Z,0.785
2025-04-28T03:00:00.000Z,2.497
2025-04-28T04:00:00.000Z,3.992
2025-04-28T05:00:00.000Z,13.109
2025-04-28T06:00:00.000Z,18.506
2025-04-28T07:00:00.000Z,13.798
2025-04-28T08:00:00.000Z,6.605
2025-04-28T09:00:00.000Z,3.000
2025-04-28T10:00:00.000Z,2.532
2025-04-28T11:00:00.000Z,1.788
2025-04-28T12:00:00.000Z,2.171
2025-04-28T13:00:00.000Z,3.112
2025-04-28T14:00:00.000Z,5.001
2025-04-28T15:00:00.000Z,6.603
2025-04-28T16:00:00.000Z,9.999
2025-04-28T17:00:00.000Z,8.344
2025-04-28T18:00:00.000Z,5.100
2025-04-28T19:00:00.000Z,4.316
2025-04-28T20:00:00.000Z,2.068
2025-04-28T21:00:00.000Z,0.272
2025-04-28T22:00:00.000Z,0.529
2025-04-28T23:00:00.000Z,0.176
2025-04-29T00:00:00.000Z,0.125
2025-04-29T01:00:00.000Z,0.087
2025-04-29T02:00:00.000Z,0.010
2025-04-29T03:00:00.000Z,0.107
2025-04-29T04:00:00.000Z,0.785
2025-04-29T05:00:00.000Z,3.106
2025-04-29T06:00:00.000Z,3.999
2025-04-29T07:00:00.000Z,3.955
2025-04-29T08:00:00.000Z,1.438
2025-04-29T09:00:00.000Z,0.300
2025-04-29T10:00:00.000Z,0.172
2025-04-29T11:00:00.000Z,0.102
2025-04-29T12:00:00.000Z,0.166
2025-04-29T13:00:00.000Z,0.254
2025-04-29T14:00:00.000Z,2.948
2025-04-29T15:00:00.000Z,5.994
2025-04-29T16:00:00.000Z,10.158
2025-04-29T17:00:00.000Z,20.000
2025-04-29T18:00:00.000Z,19.854
2025-04-29T19:00:00.000Z,22.604
2025-04-29T20:00:00.000Z,15.001
2025-04-29T21:00:00.000Z,11.997
2025-04-29T22:00:00.000Z,9.500
2025-04-29T23:00:00.000Z,12.724
2025-04-30T00:00:00.000Z,8.805
2025-04-30T01:00:00.000Z,8.865
2025-04-30T02:00:00.000Z,12.723
2025-04-30T03:00:00.000Z,26.243
2025-04-30T04:00:00.000Z,29.992
2025-04-30T05:00:00.000Z,29.000
2025-04-30T06:00:00.000Z,22.572
2025-04-30T07:00:00.000Z,19.899
2025-04-30T08:00:00.000Z,22.356
2025-04-30T09:00:00.000Z,19.999
2025-04-30T10:00:00.000Z,18.900
2025-04-30T11:00:00.000Z,15.505
2025-04-30T12:00:00.000Z,14.696
2025-04-30T13:00:00.000Z,14.056
2025-04-30T14:00:00.000Z,11.994
2025-04-30T15:00:00.000Z,8.150
2025-04-30T16:00:00.000Z,6.725
2025-04-30T17:00:00.000Z,12.782
2025-04-30T18:00:00.000Z,11.993
2025-04-30T19:00:00.000Z,14.696
2025-04-30T20:00:00.000Z,10.842
2025-04-30T21:00:00.000Z,9.133
2025-04-30T22:00:00.000Z,6.533
2025-04-30T23:00:00.000Z,5.609
2025-05-01T00:00:00.000Z,4.001
2025-05-01T01:00:00.000Z,0.691
2025-05-01T02:00:00.000Z,0.491
2025-05-01T03:00:00.000Z,0.488
2025-05-01T04:00:00.000Z,0.654
2025-05-01T05:00:00.000Z,4.794
2025-05-01T06:00:00.000Z,4.547
2025-05-01T07:00:00.000Z,1.230
2025-05-01T08:00:00.000Z,0.281
2025-05-01T09:00:00.000Z,0.183
2025-05-01T10:00:00.000Z,0.106
2025-05-01T11:00:00.000Z,-0.010
2025-05-01T12:00:00.000Z,-0.011
2025-05-01T13:00:00.000Z,0.000
2025-05-01T14:00:00.000Z,0.251
2025-05-01T15:00:00.000Z,0.997
2025-05-01T16:00:00.000Z,0.426
2025-05-01T17:00:00.000Z,0.361
2025-05-01T18:00:00.000Z,0.239
2025-05-01T19:00:00.000Z,0.175
2025-05-01T20:00:00.000Z,0.061
2025-05-01T21:00:00.000Z,-0.001
2025-05-01T22:00:00.000Z,0.000
2025-05-01T23:00:00.000Z,-0.001
2025-05-02T00:00:00.000Z,-0.002
2025-05-02T01:00:00.000Z,-0.001
2025-05-02T02:00:00.000Z,-0.001
2025-05-02T03:00:00.000Z,0.039
2025-05-02T04:00:00.000Z,0.168
2025-05-02T05:00:00.000Z,0.261
2025-05-02T06:00:00.000Z,0.308
2025-05-02T07:00:00.000Z,0.323
2025-05-02T08:00:00.000Z,0.151
2025-05-02T09:00:00.000Z,0.051
2025-05-02T10:00:00.000Z,-0.010
2025-05-02T11:00:00.000Z,-0.173
2025-05-02T12:00:00.000Z,-0.154
2025-05-02T13:00:00.000Z,0.000
2025-05-02T14:00:00.000Z,0.111
2025-05-02T15:00:00.000Z,0.323
2025-05-02T16:00:00.000Z,0.306
2025-05-02T17:00:00.000Z,0.305
2025-05-02T18:00:00.000Z,0.270
2025-05-02T19:00:00.000Z,0.254
2025-05-02T20:00:00.000Z,0.188
2025-05-02T21:00:00.000Z,0.133
2025-05-02T22:00:00.000Z,0.115
2025-05-02T23:00:00.000Z,0.049
2025-05-03T00:00:00.000Z,0.025
2025-05-03T01:00:00.000Z,0.050
2025-05-03T02:00:00.000Z,0.051
2025-05-03T03:00:00.000Z,0.000
2025-05-03T04:00:00.000Z,0.008
2025-05-03T05:00:00.000Z,0.128
2025-05-03T06:00:00.000Z,0.050
2025-05-03T07:00:00.000Z,0.150
2025-05-03T08:00:00.000Z,0.038
2025-05-03T09:00:00.000Z,0.000
2025-05-03T10:00:00.000Z,-0.035
2025-05-03T11:00:00.000Z,-0.142
2025-05-03T12:00:00.000Z,-0.148
2025-05-03T13:00:00.000Z,0.000
2025-05-03T14:00:00.000Z,0.092
2025-05-03T15:00:00.000Z,0.300
2025-05-03T16:00:00.000Z,0.298
2025-05-03T17:00:00.000Z,0.338
2025-05-03T18:00:00.000Z,0.324
2025-05-03T19:00:00.000Z,0.302
2025-05-03T20:00:00.000Z,0.236
2025-05-03T21:00:00.000Z,0.143
2025-05-03T22:00:00.000Z,0.217
2025-05-03T23:00:00.000Z,0.171
2025-05-04T00:00:00.000Z,0.040
2025-05-04T01:00:00.000Z,0.073
2025-05-04T02:00:00.000Z,0.043
2025-05-04T03:00:00.000Z,0.046
2025-05-04T04:00:00.000Z,0.050
2025-05-04T05:00:00.000Z,0.000
2025-05-04T06:00:00.000Z,0.047
2025-05-04T07:00:00.000Z,-0.005
2025-05-04T08:00:00.000Z,-0.011
2025-05-04T09:00:00.000Z,-0.018
2025-05-04T10:00:00.000Z,-0.011
2025-05-04T11:00:00.000Z,-0.101
2025-05-04T12:00:00.000Z,-0.284
2025-05-04T13:00:00.000Z,-0.061
2025-05-04T14:00:00.000Z,0.048
2025-05-04T15:00:00.000Z,0.310
2025-05-04T16:00:00.000Z,0.316
2025-05-04T17:00:00.000Z,0.410
2025-05-04T18:00:00.000Z,0.483
2025-05-04T19:00:00.000Z,0.499
2025-05-04T20:00:00.000Z,0.612
2025-05-04T21:00:00.000Z,0.799
2025-05-04T22:00:00.000Z,0.420
2025-05-04T23:00:00.000Z,0.515
2025-05-05T00:00:00.000Z,0.606
2025-05-05T01:00:00.000Z,0.428
2025-05-05T02:00:00.000Z,0.590
2025-05-05T03:00:00.000Z,0.723
2025-05-05T04:00:00.000Z,3.189
2025-05-05T05:00:00.000Z,4.555
2025-05-05T06:00:00.000Z,5.227
2025-05-05T07:00:00.000Z,2.394
2025-05-05T08:00:00.000Z,1.530
2025-05-05T09:00:00.000Z,1.333
2025-05-05T10:00:00.000Z,1.154
2025-05-05T11:00:00.000Z,1.135
2025-05-05T12:00:00.000Z,1.102
2025-05-05T13:00:00.000Z,1.111
2025-05-05T14:00:00.000Z,1.523
2025-05-05T15:00:00.000Z,5.501
2025-05-05T16:00:00.000Z,5.997
2025-05-05T17:00:00.000Z,8.958
2025-05-05T18:00:00.000Z,8.600
2025-05-05T19:00:00.000Z,6.840
2025-05-05T20:00:00.000Z,2.320
2025-05-05T21:00:00.000Z,1.294
2025-05-05T22:00:00.000Z,1.540
2025-05-05T23:00:00.000Z,1.591
2025-05-06T00:00:00.000Z,1.600
2025-05-06T01:00:00.000Z,1.599
2025-05-06T02:00:00.000Z,1.827
2025-05-06T03:00:00.000Z,2.748
2025-05-06T04:00:00.000Z,7.059
2025-05-06T05:00:00.000Z,8.515
2025-05-06T06:00:00.000Z,7.973
2025-05-06T07:00:00.000Z,5.859
2025-05-06T08:00:00.000Z,3.262
2025-05-06T09:00:00.000Z,0.815
2025-05-06T10:00:00.000Z,0.599
2025-05-06T11:00:00.000Z,0.578
2025-05-06T12:00:00.000Z,0.503
2025-05-06T13:00:00.000Z,0.446
2025-05-06T14:00:00.000Z,0.484
2025-05-06T15:00:00.000Z,0.911
2025-05-06T16:00:00.000Z,1.924
2025-05-06T17:00:00.000Z,4.547
2025-05-06T18:00:00.000Z,6.486
2025-05-06T19:00:00.000Z,6.758
2025-05-06T20:00:00.000Z,3.628
2025-05-06T21:00:00.000Z,2.500
2025-05-06T22:00:00.000Z,2.234
2025-05-06T23:00:00.000Z,1.426
2025-05-07T00:00:00.000Z,1.259
2025-05-07T01:00:00.000Z,1.369
2025-05-07T02:00:00.000Z,1.934
2025-05-07T03:00:00.000Z,5.531
2025-05-07T04:00:00.000Z,11.177
2025-05-07T05:00:00.000Z,14.395
2025-05-07T06:00:00.000Z,12.336
2025-05-07T07:00:00.000Z,9.248
2025-05-07T08:00:00.000Z,6.272
2025-05-07T09:00:00.000Z,6.625
2025-05-07T10:00:00.000Z,5.784
2025-05-07T11:00:00.000Z,3.159
2025-05-07T12:00:00.000Z,2.714
2025-05-07T13:00:00.000Z,2.500
2025-05-07T14:00:00.000Z,3.077
2025-05-07T15:00:00.000Z,8.388
2025-05-07T16:00:00.000Z,11.057
2025-05-07T17:00:00.000Z,15.083
2025-05-07T18:00:00.000Z,15.878
2025-05-07T19:00:00.000Z,13.893
2025-05-07T20:00:00.000Z,10.942
2025-05-07T21:00:00.000Z,9.416
2025-05-07T22:00:00.000Z,9.544
2025-05-07T23:00:00.000Z,9.039
2025-05-08T00:00:00.000Z,9.080
2025-05-08T01:00:00.000Z,9.266
2025-05-08T02:00:00.000Z,9.621
2025-05-08T03:00:00.000Z,11.626
2025-05-08T04:00:00.000Z,13.584
2025-05-08T05:00:00.000Z,15.274
2025-05-08T06:00:00.000Z,12.640
2025-05-08T07:00:00.000Z,10.204
2025-05-08T08:00:00.000Z,9.035
2025-05-08T09:00:00.000Z,7.779
2025-05-08T10:00:00.000Z,6.644
2025-05-08T11:00:00.000Z,6.521
2025-05-08T12:00:00.000Z,7.278
2025-05-08T13:00:00.000Z,9.024
2025-05-08T14:00:00.000Z,9.232
2025-05-08T15:00:00.000Z,10.292
2025-05-08T16:00:00.000Z,11.348
2025-05-08T17:00:00.000Z,12.453
2025-05-08T18:00:00.000Z,14.402
2025-05-08T19:00:00.000Z,12.871
2025-05-08T20:00:00.000Z,10.601
2025-05-08T21:00:00.000Z,9.265
2025-05-08T22:00:00.000Z,5.188
2025-05-08T23:00:00.000Z,5.250
2025-05-09T00:00:00.000Z,5.283
2025-05-09T01:00:00.000Z,4.660
2025-05-09T02:00:00.000Z,3.990
2025-05-09T03:00:00.000Z,8.021
2025-05-09T04:00:00.000Z,14.999
2025-05-09T05:00:00.000Z,15.411
2025-05-09T06:00:00.000Z,9.796
2025-05-09T07:00:00.000Z,8.326
2025-05-09T08:00:00.000Z,6.303
2025-05-09T09:00:00.000Z,5.701
2025-05-09T10:00:00.000Z,4.944
2025-05-09T11:00:00.000Z,4.434
2025-05-09T12:00:00.000Z,4.046
2025-05-09T13:00:00.000Z,4.706
2025-05-09T14:00:00.000Z,5.220
2025-05-09T15:00:00.000Z,5.738
2025-05-09T16:00:00.000Z,4.899
2025-05-09T17:00:00.000Z,4.562
2025-05-09T18:00:00.000Z,3.963
2025-05-09T19:00:00.000Z,4.000
2025-05-09T20:00:00.000Z,3.499
2025-05-09T21:00:00.000Z,2.390
2025-05-09T22:00:00.000Z,2.689
2025-05-09T23:00:00.000Z,3.271
2025-05-10T00:00:00.000Z,3.964
2025-05-10T01:00:00.000Z,3.880
2025-05-10T02:00:00.000Z,3.375
2025-05-10T03:00:00.000Z,3.936
2025-05-10T04:00:00.000Z,4.197
2025-05-10T05:00:00.000Z,5.808
2025-05-10T06:00:00.000Z,5.022
2025-05-10T07:00:00.000Z,2.553
2025-05-10T08:00:00.000Z,1.301
2025-05-10T09:00:00.000Z,1.176
2025-05-10T10:00:00.000Z,1.001
2025-05-10T11:00:00.000Z,0.946
2025-05-10T12:00:00.000Z,0.934
2025-05-10T13:00:00.000Z,1.086
2025-05-10T14:00:00.000Z,1.500
2025-05-10T15:00:00.000Z,4.323
2025-05-10T16:00:00.000Z,7.199
2025-05-10T17:00:00.000Z,5.051
2025-05-10T18:00:00.000Z,2.400
2025-05-10T19:00:00.000Z,2.951
2025-05-10T20:00:00.000Z,3.371
2025-05-10T21:00:00.000Z,1.775
2025-05-10T22:00:00.000Z,1.868
2025-05-10T23:00:00.000Z,2.589
2025-05-11T00:00:00.000Z,3.404
2025-05-11T01:00:00.000Z,2.911
2025-05-11T02:00:00.000Z,2.861
2025-05-11T03:00:00.000Z,2.989
2025-05-11T04:00:00.000Z,4.153
2025-05-11T05:00:00.000Z,5.345
2025-05-11T06:00:00.000Z,1.421
2025-05-11T07:00:00.000Z,1.082
2025-05-11T08:00:00.000Z,0.922
2025-05-11T09:00:00.000Z,0.525
2025-05-11T10:00:00.000Z,0.478
2025-05-11T11:00:00.000Z,0.505
2025-05-11T12:00:00.000Z,0.410
2025-05-11T13:00:00.000Z,0.432
2025-05-11T14:00:00.000Z,0.853
2025-05-11T15:00:00.000Z,3.221
2025-05-11T16:00:00.000Z,4.848
2025-05-11T17:00:00.000Z,2.043
2025-05-11T18:00:00.000Z,1.788
2025-05-11T19:00:00.000Z,2.600
2025-05-11T20:00:00.000Z,1.346
2025-05-11T21:00:00.000Z,2.635
2025-05-11T22:00:00.000Z,3.818
2025-05-11T23:00:00.000Z,5.204
2025-05-12T00:00:00.000Z,6.275
2025-05-12T01:00:00.000Z,5.801
2025-05-12T02:00:00.000Z,5.392
2025-05-12T03:00:00.000Z,10.423
2025-05-12T04:00:00.000Z,12.594
2025-05-12T05:00:00.000Z,11.506
2025-05-12T06:00:00.000Z,11.155
2025-05-12T07:00:00.000Z,7.481
2025-05-12T08:00:00.000Z,3.668
2025-05-12T09:00:00.000Z,4.001
2025-05-12T10:00:00.000Z,3.362
2025-05-12T11:00:00.000Z,1.692
2025-05-12T12:00:00.000Z,1.950
2025-05-12T13:00:00.000Z,3.289
2025-05-12T14:00:00.000Z,4.098
2025-05-12T15:00:00.000Z,1.929
2025-05-12T16:00:00.000Z,4.000
2025-05-12T17:00:00.000Z,4.271
2025-05-12T18:00:00.000Z,3.107
2025-05-12T19:00:00.000Z,4.806
2025-05-12T20:00:00.000Z,2.185
2025-05-12T21:00:00.000Z,0.908
2025-05-12T22:00:00.000Z,0.511
2025-05-12T23:00:00.000Z,0.580
2025-05-13T00:00:00.000Z,0.451
2025-05-13T01:00:00.000Z,0.176
2025-05-13T02:00:00.000Z,0.200
2025-05-13T03:00:00.000Z,0.126
2025-05-13T04:00:00.000Z,2.004
2025-05-13T05:00:00.000Z,6.976
2025-05-13T06:00:00.000Z,10.034
2025-05-13T07:00:00.000Z,7.482
2025-05-13T08:00:00.000Z,2.590
2025-05-13T09:00:00.000Z,0.599
2025-05-13T10:00:00.000Z,0.582
2025-05-13T11:00:00.000Z,0.493
2025-05-13T12:00:00.000Z,0.565
2025-05-13T13:00:00.000Z,0.359
2025-05-13T14:00:00.000Z,0.392
2025-05-13T15:00:00.000Z,0.126
2025-05-13T16:00:00.000Z,0.530
2025-05-13T17:00:00.000Z,0.298
2025-05-13T18:00:00.000Z,0.000
2025-05-13T19:00:00.000Z,-0.001
2025-05-13T20:00:00.000Z,-0.500
2025-05-13T21:00:00.000Z,-1.024
2025-05-13T22:00:00.000Z,-0.002
2025-05-13T23:00:00.000Z,-0.001
2025-05-14T00:00:00.000Z,-0.002
2025-05-14T01:00:00.000Z,-0.007
2025-05-14T02:00:00.000Z,-0.015
2025-05-14T03:00:00.000Z,-0.001
2025-05-14T04:00:00.000Z,-0.001
2025-05-14T05:00:00.000Z,0.001
2025-05-14T06:00:00.000Z,0.129
2025-05-14T07:00:00.000Z,0.039
2025-05-14T08:00:00.000Z,0.106
2025-05-14T09:00:00.000Z,-0.002
2025-05-14T10:00:00.000Z,-0.011
2025-05-14T11:00:00.000Z,-0.011
2025-05-14T12:00:00.000Z,-0.021
2025-05-14T13:00:00.000Z,-0.017
2025-05-14T14:00:00.000Z,-0.001
2025-05-14T15:00:00.000Z,-0.106
2025-05-14T16:00:00.000Z,-0.546
2025-05-14T17:00:00.000Z,-1.001
2025-05-14T18:00:00.000Z,-1.391
2025-05-14T19:00:00.000Z,-1.659
2025-05-14T20:00:00.000Z,-1.352
2025-05-14T21:00:00.000Z,-1.197
2025-05-14T22:00:00.000Z,-0.500
2025-05-14T23:00:00.000Z,-0.242
2025-05-15T00:00:00.000Z,-0.604
2025-05-15T01:00:00.000Z,-0.835
2025-05-15T02:00:00.000Z,-0.760
2025-05-15T03:00:00.000Z,-0.501
2025-05-15T04:00:00.000Z,-0.088
2025-05-15T05:00:00.000Z,-0.029
2025-05-15T06:00:00.000Z,-0.020
2025-05-15T07:00:00.000Z,-0.020
2025-05-15T08:00:00.000Z,0.199
2025-05-15T09:00:00.000Z,0.094
2025-05-15T10:00:00.000Z,0.077
2025-05-15T11:00:00.000Z,0.000
2025-05-15T12:00:00.000Z,0.000
2025-05-15T13:00:00.000Z,0.037
2025-05-15T14:00:00.000Z,0.148
2025-05-15T15:00:00.000Z,0.336
2025-05-15T16:00:00.000Z,-0.001
2025-05-15T17:00:00.000Z,0.001
2025-05-15T18:00:00.000Z,0.026
2025-05-15T19:00:00.000Z,0.124
2025-05-15T20:00:00.000Z,0.383
2025-05-15T21:00:00.000Z,0.819
2025-05-15T22:00:00.000Z,1.033
2025-05-15T23:00:00.000Z,0.617
2025-05-16T00:00:00.000Z,0.453
2025-05-16T01:00:00.000Z,0.462
2025-05-16T02:00:00.000Z,0.519
2025-05-16T03:00:00.000Z,2.059
2025-05-16T04:00:00.000Z,7.198
2025-05-16T05:00:00.000Z,15.000
2025-05-16T06:00:00.000Z,10.260
2025-05-16T07:00:00.000Z,5.532
2025-05-16T08:00:00.000Z,4.152
2025-05-16T09:00:00.000Z,1.050
2025-05-16T10:00:00.000Z,0.827
2025-05-16T11:00:00.000Z,1.013
2025-05-16T12:00:00.000Z,0.427
2025-05-16T13:00:00.000Z,0.417
2025-05-16T14:00:00.000Z,0.529
2025-05-16T15:00:00.000Z,2.501
2025-05-16T16:00:00.000Z,3.804
2025-05-16T17:00:00.000Z,2.794
2025-05-16T18:00:00.000Z,1.567
2025-05-16T19:00:00.000Z,1.521
2025-05-16T20:00:00.000Z,1.327
2025-05-16T21:00:00.000Z,1.095
2025-05-16T22:00:00.000Z,0.784
2025-05-16T23:00:00.000Z,0.686
2025-05-17T00:00:00.000Z,0.404
2025-05-17T01:00:00.000Z,0.291
2025-05-17T02:00:00.000Z,0.299
2025-05-17T03:00:00.000Z,0.386
2025-05-17T04:00:00.000Z,0.799
2025-05-17T05:00:00.000Z,1.574
2025-05-17T06:00:00.000Z,1.294
2025-05-17T07:00:00.000Z,0.422
2025-05-17T08:00:00.000Z,0.220
2025-05-17T09:00:00.000Z,-0.001
2025-05-17T10:00:00.000Z,-0.033
2025-05-17T11:00:00.000Z,-0.030
2025-05-17T12:00:00.000Z,-0.001
2025-05-17T13:00:00.000Z,0.129
2025-05-17T14:00:00.000Z,0.310
2025-05-17T15:00:00.000Z,0.782
2025-05-17T16:00:00.000Z,1.593
2025-05-17T17:00:00.000Z,1.290
2025-05-17T18:00:00.000Z,0.929
2025-05-17T19:00:00.000Z,0.853
2025-05-17T20:00:00.000Z,0.747
2025-05-17T21:00:00.000Z,0.418
2025-05-17T22:00:00.000Z,0.200
2025-05-17T23:00:00.000Z,0.140
2025-05-18T00:00:00.000Z,0.151
2025-05-18T01:00:00.000Z,0.199
2025-05-18T02:00:00.000Z,0.362
2025-05-18T03:00:00.000Z,0.369
2025-05-18T04:00:00.000Z,0.500
2025-05-18T05:00:00.000Z,0.602
2025-05-18T06:00:00.000Z,0.637
2025-05-18T07:00:00.000Z,0.504
2025-05-18T08:00:00.000Z,0.232
2025-05-18T09:00:00.000Z,0.186
2025-05-18T10:00:00.000Z,0.024
2025-05-18T11:00:00.000Z,-0.196
2025-05-18T12:00:00.000Z,-0.223
2025-05-18T13:00:00.000Z,-0.002
2025-05-18T14:00:00.000Z,0.246
2025-05-18T15:00:00.000Z,0.710
2025-05-18T16:00:00.000Z,0.987
2025-05-18T17:00:00.000Z,1.286
2025-05-18T18:00:00.000Z,1.371
2025-05-18T19:00:00.000Z,1.330
2025-05-18T20:00:00.000Z,1.043
2025-05-18T21:00:00.000Z,0.806
2025-05-18T22:00:00.000Z,0.576
2025-05-18T23:00:00.000Z,0.517
2025-05-19T00:00:00.000Z,0.520
2025-05-19T01:00:00.000Z,0.524
2025-05-19T02:00:00.000Z,0.529
2025-05-19T03:00:00.000Z,0.577
2025-05-19T04:00:00.000Z,6.007
2025-05-19T05:00:00.000Z,7.384
2025-05-19T06:00:00.000Z,5.000
2025-05-19T07:00:00.000Z,1.675
2025-05-19T08:00:00.000Z,1.391
2025-05-19T09:00:00.000Z,1.069
2025-05-19T10:00:00.000Z,0.597
2025-05-19T11:00:00.000Z,0.458
2025-05-19T12:00:00.000Z,0.474
2025-05-19T13:00:00.000Z,0.985
2025-05-19T14:00:00.000Z,1.216
2025-05-19T15:00:00.000Z,0.629
2025-05-19T16:00:00.000Z,0.603
2025-05-19T17:00:00.000Z,3.390
2025-05-19T18:00:00.000Z,2.867
2025-05-19T19:00:00.000Z,0.521
2025-05-19T20:00:00.000Z,0.973
2025-05-19T21:00:00.000Z,0.975
2025-05-19T22:00:00.000Z,0.300
2025-05-19T23:00:00.000Z,0.609
2025-05-20T00:00:00.000Z,0.126
2025-05-20T01:00:00.000Z,0.000
2025-05-20T02:00:00.000Z,-0.001
2025-05-20T03:00:00.000Z,0.002
2025-05-20T04:00:00.000Z,0.207
2025-05-20T05:00:00.000Z,0.206
2025-05-20T06:00:00.000Z,0.317
2025-05-20T07:00:00.000Z,0.217
2025-05-20T08:00:00.000Z,0.167
2025-05-20T09:00:00.000Z,0.063
2025-05-20T10:00:00.000Z,-0.001
2025-05-20T11:00:00.000Z,-0.001
2025-05-20T12:00:00.000Z,0.000
2025-05-20T13:00:00.000Z,0.046
2025-05-20T14:00:00.000Z,0.220
2025-05-20T15:00:00.000Z,0.412
2025-05-20T16:00:00.000Z,0.315
2025-05-20T17:00:00.000Z,0.314
2025-05-20T18:00:00.000Z,0.373
2025-05-20T19:00:00.000Z,0.426
2025-05-20T20:00:00.000Z,0.320
2025-05-20T21:00:00.000Z,0.274
2025-05-20T22:00:00.000Z,0.401
2025-05-20T23:00:00.000Z,0.386
2025-05-21T00:00:00.000Z,0.718
2025-05-21T01:00:00.000Z,1.045
2025-05-21T02:00:00.000Z,0.581
2025-05-21T03:00:00.000Z,1.234
2025-05-21T04:00:00.000Z,0.702
2025-05-21T05:00:00.000Z,1.281
2025-05-21T06:00:00.000Z,1.807
2025-05-21T07:00:00.000Z,1.550
2025-05-21T08:00:00.000Z,1.137
2025-05-21T09:00:00.000Z,0.652
2025-05-21T10:00:00.000Z,0.427
2025-05-21T11:00:00.000Z,0.374
2025-05-21T12:00:00.000Z,0.307
2025-05-21T13:00:00.000Z,0.440
2025-05-21T14:00:00.000Z,0.829
2025-05-21T15:00:00.000Z,1.399
2025-05-21T16:00:00.000Z,3.708
2025-05-21T17:00:00.000Z,3.501
2025-05-21T18:00:00.000Z,0.874
2025-05-21T19:00:00.000Z,0.701
2025-05-21T20:00:00.000Z,0.935
2025-05-21T21:00:00.000Z,0.630
2025-05-21T22:00:00.000Z,0.468
2025-05-21T23:00:00.000Z,0.303
2025-05-22T00:00:00.000Z,0.232
2025-05-22T01:00:00.000Z,0.191
2025-05-22T02:00:00.000Z,0.142
2025-05-22T03:00:00.000Z,0.213
2025-05-22T04:00:00.000Z,0.829
2025-05-22T05:00:00.000Z,0.939
2025-05-22T06:00:00.000Z,0.878
2025-05-22T07:00:00.000Z,0.590
2025-05-22T08:00:00.000Z,0.323
2025-05-22T09:00:00.000Z,0.255
2025-05-22T10:00:00.000Z,0.195
2025-05-22T11:00:00.000Z,0.171
2025-05-22T12:00:00.000Z,0.166
2025-05-22T13:00:00.000Z,0.231
2025-05-22T14:00:00.000Z,0.226
2025-05-22T15:00:00.000Z,0.256
2025-05-22T16:00:00.000Z,0.401
2025-05-22T17:00:00.000Z,0.311
2025-05-22T18:00:00.000Z,0.304
2025-05-22T19:00:00.000Z,0.275
2025-05-22T20:00:00.000Z,0.258
2025-05-22T21:00:00.000Z,0.127
2025-05-22T22:00:00.000Z,0.297
2025-05-22T23:00:00.000Z,0.277
2025-05-23T00:00:00.000Z,0.279
2025-05-23T01:00:00.000Z,0.296
2025-05-23T02:00:00.000Z,0.350
2025-05-23T03:00:00.000Z,0.429
2025-05-23T04:00:00.000Z,0.563
2025-05-23T05:00:00.000Z,2.426
2025-05-23T06:00:00.000Z,3.534
2025-05-23T07:00:00.000Z,0.725
2025-05-23T08:00:00.000Z,0.634
2025-05-23T09:00:00.000Z,1.184
2025-05-23T10:00:00.000Z,0.492
2025-05-23T11:00:00.000Z,0.419
2025-05-23T12:00:00.000Z,0.380
2025-05-23T13:00:00.000Z,0.344
2025-05-23T14:00:00.000Z,0.442
2025-05-23T15:00:00.000Z,0.390
2025-05-23T16:00:00.000Z,0.421
2025-05-23T17:00:00.000Z,0.415
2025-05-23T18:00:00.000Z,0.399
2025-05-23T19:00:00.000Z,0.422
2025-05-23T20:00:00.000Z,0.386
2025-05-23T21:00:00.000Z,0.411
2025-05-23T22:00:00.000Z,0.396
2025-05-23T23:00:00.000Z,0.257
2025-05-24T00:00:00.000Z,0.165
2025-05-24T01:00:00.000Z,0.126
2025-05-24T02:00:00.000Z,0.109
2025-05-24T03:00:00.000Z,0.022
2025-05-24T04:00:00.000Z,0.125
2025-05-24T05:00:00.000Z,0.162
2025-05-24T06:00:00.000Z,0.257
2025-05-24T07:00:00.000Z,0.303
2025-05-24T08:00:00.000Z,0.023
2025-05-24T09:00:00.000Z,-0.001
2025-05-24T10:00:00.000Z,-0.002
2025-05-24T11:00:00.000Z,-0.012
2025-05-24T12:00:00.000Z,-0.010
2025-05-24T13:00:00.000Z,-0.001
2025-05-24T14:00:00.000Z,0.023
2025-05-24T15:00:00.000Z,0.383
2025-05-24T16:00:00.000Z,0.291
2025-05-24T17:00:00.000Z,0.957
2025-05-24T18:00:00.000Z,0.877
2025-05-24T19:00:00.000Z,0.639
2025-05-24T20:00:00.000Z,0.285
2025-05-24T21:00:00.000Z,0.040
2025-05-24T22:00:00.000Z,0.707
2025-05-24T23:00:00.000Z,0.528
2025-05-25T00:00:00.000Z,0.408
2025-05-25T01:00:00.000Z,0.376
2025-05-25T02:00:00.000Z,0.336
2025-05-25T03:00:00.000Z,0.213
2025-05-25T04:00:00.000Z,0.156
2025-05-25T05:00:00.000Z,0.200
2025-05-25T06:00:00.000Z,0.145
2025-05-25T07:00:00.000Z,0.136
2025-05-25T08:00:00.000Z,0.056
2025-05-25T09:00:00.000Z,0.015
2025-05-25T10:00:00.000Z,0.030
2025-05-25T11:00:00.000Z,-0.001
2025-05-25T12:00:00.000Z,-0.001
2025-05-25T13:00:00.000Z,0.011
2025-05-25T14:00:00.000Z,0.211
2025-05-25T15:00:00.000Z,0.252
2025-05-25T16:00:00.000Z,0.443
2025-05-25T17:00:00.000Z,0.442
2025-05-25T18:00:00.000Z,0.411
2025-05-25T19:00:00.000Z,0.301
2025-05-25T20:00:00.000Z,0.169
2025-05-25T21:00:00.000Z,0.000
2025-05-25T22:00:00.000Z,-0.002
2025-05-25T23:00:00.000Z,-0.020
2025-05-26T00:00:00.000Z,-0.020
2025-05-26T01:00:00.000Z,-0.002
2025-05-26T02:00:00.000Z,0.000
2025-05-26T03:00:00.000Z,0.199
2025-05-26T04:00:00.000Z,0.252
2025-05-26T05:00:00.000Z,0.284
2025-05-26T06:00:00.000Z,0.229
2025-05-26T07:00:00.000Z,0.272
2025-05-26T08:00:00.000Z,0.199
2025-05-26T09:00:00.000Z,0.057
2025-05-26T10:00:00.000Z,0.001
2025-05-26T11:00:00.000Z,-0.002
2025-05-26T12:00:00.000Z,-0.001
2025-05-26T13:00:00.000Z,0.000
2025-05-26T14:00:00.000Z,0.070
2025-05-26T15:00:00.000Z,0.215
2025-05-26T16:00:00.000Z,0.274
2025-05-26T17:00:00.000Z,0.333
2025-05-26T18:00:00.000Z,0.338
2025-05-26T19:00:00.000Z,0.300
2025-05-26T20:00:00.000Z,0.255
2025-05-26T21:00:00.000Z,0.150
2025-05-26T22:00:00.000Z,0.001
2025-05-26T23:00:00.000Z,0.119
2025-05-27T00:00:00.000Z,0.125
2025-05-27T01:00:00.000Z,0.130
2025-05-27T02:00:00.000Z,0.241
2025-05-27T03:00:00.000Z,0.290
2025-05-27T04:00:00.000Z,0.414
2025-05-27T05:00:00.000Z,0.607
2025-05-27T06:00:00.000Z,0.559
2025-05-27T07:00:00.000Z,0.477
2025-05-27T08:00:00.000Z,0.044
2025-05-27T09:00:00.000Z,-0.001
2025-05-27T10:00:00.000Z,-0.011
2025-05-27T11:00:00.000Z,-0.007
2025-05-27T12:00:00.000Z,-0.030
2025-05-27T13:00:00.000Z,-0.092
2025-05-27T14:00:00.000Z,-0.002
2025-05-27T15:00:00.000Z,0.001
2025-05-27T16:00:00.000Z,0.000
2025-05-27T17:00:00.000Z,0.000
2025-05-27T18:00:00.000Z,0.041
2025-05-27T19:00:00.000Z,0.001
2025-05-27T20:00:00.000Z,-0.001
2025-05-27T21:00:00.000Z,-0.020
2025-05-27T22:00:00.000Z,-0.108
2025-05-27T23:00:00.000Z,-0.201
2025-05-28T00:00:00.000Z,-0.204
2025-05-28T01:00:00.000Z,-0.171
2025-05-28T02:00:00.000Z,-0.104
2025-05-28T03:00:00.000Z,-0.002
2025-05-28T04:00:00.000Z,0.000
2025-05-28T05:00:00.000Z,0.199
2025-05-28T06:00:00.000Z,0.129
2025-05-28T07:00:00.000Z,0.090
2025-05-28T08:00:00.000Z,0.001
2025-05-28T09:00:00.000Z,0.124
2025-05-28T10:00:00.000Z,0.009
2025-05-28T11:00:00.000Z,0.126
2025-05-28T12:00:00.000Z,0.213
2025-05-28T13:00:00.000Z,0.407
2025-05-28T14:00:00.000Z,0.466
2025-05-28T15:00:00.000Z,0.629
2025-05-28T16:00:00.000Z,0.763
2025-05-28T17:00:00.000Z,0.806
2025-05-28T18:00:00.000Z,0.795
2025-05-28T19:00:00.000Z,0.734
2025-05-28T20:00:00.000Z,0.701
2025-05-28T21:00:00.000Z,0.618
2025-05-28T22:00:00.000Z,0.567
2025-05-28T23:00:00.000Z,0.633
2025-05-29T00:00:00.000Z,0.657
2025-05-29T01:00:00.000Z,0.710
2025-05-29T02:00:00.000Z,0.767
2025-05-29T03:00:00.000Z,0.732
2025-05-29T04:00:00.000Z,2.903
2025-05-29T05:00:00.000Z,3.933
2025-05-29T06:00:00.000Z,3.501
2025-05-29T07:00:00.000Z,4.039
2025-05-29T08:00:00.000Z,2.335
2025-05-29T09:00:00.000Z,4.905
2025-05-29T10:00:00.000Z,5.615
2025-05-29T11:00:00.000Z,4.982
2025-05-29T12:00:00.000Z,4.000
2025-05-29T13:00:00.000Z,2.501
2025-05-29T14:00:00.000Z,1.052
2025-05-29T15:00:00.000Z,3.975
2025-05-29T16:00:00.000Z,7.057
2025-05-29T17:00:00.000Z,8.139
2025-05-29T18:00:00.000Z,4.998
2025-05-29T19:00:00.000Z,7.705
2025-05-29T20:00:00.000Z,6.633
2025-05-29T21:00:00.000Z,0.863
2025-05-29T22:00:00.000Z,1.049
2025-05-29T23:00:00.000Z,0.767
2025-05-30T00:00:00.000Z,0.742
2025-05-30T01:00:00.000Z,0.692
2025-05-30T02:00:00.000Z,0.711
2025-05-30T03:00:00.000Z,0.679
2025-05-30T04:00:00.000Z,4.000
2025-05-30T05:00:00.000Z,4.418
2025-05-30T06:00:00.000Z,3.501
2025-05-30T07:00:00.000Z,1.727
2025-05-30T08:00:00.000Z,0.455
2025-05-30T09:00:00.000Z,0.249
2025-05-30T10:00:00.000Z,0.102
2025-05-30T11:00:00.000Z,0.125
2025-05-30T12:00:00.000Z,0.036
2025-05-30T13:00:00.000Z,0.046
2025-05-30T14:00:00.000Z,0.169
2025-05-30T15:00:00.000Z,0.909
2025-05-30T16:00:00.000Z,2.076
2025-05-30T17:00:00.000Z,2.925
2025-05-30T18:00:00.000Z,2.008
2025-05-30T19:00:00.000Z,3.001
2025-05-30T20:00:00.000Z,1.136
2025-05-30T21:00:00.000Z,0.652
2025-05-30T22:00:00.000Z,0.581
2025-05-30T23:00:00.000Z,0.412
2025-05-31T00:00:00.000Z,0.415
2025-05-31T01:00:00.000Z,0.424
2025-05-31T02:00:00.000Z,0.419
2025-05-31T03:00:00.000Z,0.470
2025-05-31T04:00:00.000Z,0.265
2025-05-31T05:00:00.000Z,0.325
2025-05-31T06:00:00.000Z,0.314
2025-05-31T07:00:00.000Z,0.244
2025-05-31T08:00:00.000Z,-0.008
2025-05-31T09:00:00.000Z,-0.053
2025-05-31T10:00:00.000Z,-0.223
2025-05-31T11:00:00.000Z,-0.937
2025-05-31T12:00:00.000Z,-0.544
2025-05-31T13:00:00.000Z,-0.156
2025-05-31T14:00:00.000Z,-0.005
2025-05-31T15:00:00.000Z,0.129
2025-05-31T16:00:00.000Z,0.086
2025-05-31T17:00:00.000Z,0.123
2025-05-31T18:00:00.000Z,0.000
2025-05-31T19:00:00.000Z,0.000
2025-05-31T20:00:00.000Z,0.000
2025-05-31T21:00:00.000Z,0.000
2025-05-31T22:00:00.000Z,-0.010
2025-05-31T23:00:00.000Z,-0.011
2025-06-01T00:00:00.000Z,-0.020
2025-06-01T01:00:00.000Z,-0.021
2025-06-01T02:00:00.000Z,-0.010
2025-06-01T03:00:00.000Z,0.000
2025-06-01T04:00:00.000Z,0.098
2025-06-01T05:00:00.000Z,0.279
2025-06-01T06:00:00.000Z,0.178
2025-06-01T07:00:00.000Z,0.002
2025-06-01T08:00:00.000Z,-0.031
2025-06-01T09:00:00.000Z,-0.204
2025-06-01T10:00:00.000Z,-0.324
2025-06-01T11:00:00.000Z,-0.500
2025-06-01T12:00:00.000Z,-0.501
2025-06-01T13:00:00.000Z,-0.180
2025-06-01T14:00:00.000Z,0.003
2025-06-01T15:00:00.000Z,0.232
2025-06-01T16:00:00.000Z,0.596
2025-06-01T17:00:00.000Z,1.002
2025-06-01T18:00:00.000Z,0.372
2025-06-01T19:00:00.000Z,0.280
2025-06-01T20:00:00.000Z,0.152
2025-06-01T21:00:00.000Z,0.004
2025-06-01T22:00:00.000Z,0.043
2025-06-01T23:00:00.000Z,-0.001
2025-06-02T00:00:00.000Z,-0.002
2025-06-02T01:00:00.000Z,-0.020
2025-06-02T02:00:00.000Z,-0.020
2025-06-02T03:00:00.000Z,-0.020
2025-06-02T04:00:00.000Z,-0.002
2025-06-02T05:00:00.000Z,-0.002
2025-06-02T06:00:00.000Z,0.000
2025-06-02T07:00:00.000Z,0.000
2025-06-02T08:00:00.000Z,0.001
2025-06-02T09:00:00.000Z,0.060
2025-06-02T10:00:00.000Z,0.151
2025-06-02T11:00:00.000Z,0.199
2025-06-02T12:00:00.000Z,0.133
2025-06-02T13:00:00.000Z,0.199
2025-06-02T14:00:00.000Z,0.245
2025-06-02T15:00:00.000Z,0.316
2025-06-02T16:00:00.000Z,0.391
2025-06-02T17:00:00.000Z,0.494
2025-06-02T18:00:00.000Z,0.503
2025-06-02T19:00:00.000Z,0.442
2025-06-02T20:00:00.000Z,0.256
2025-06-02T21:00:00.000Z,0.124
2025-06-02T22:00:00.000Z,0.000
2025-06-02T23:00:00.000Z,0.053
2025-06-03T00:00:00.000Z,0.031
2025-06-03T01:00:00.000Z,0.113
2025-06-03T02:00:00.000Z,0.168
2025-06-03T03:00:00.000Z,1.436
2025-06-03T04:00:00.000Z,7.861
2025-06-03T05:00:00.000Z,9.963
2025-06-03T06:00:00.000Z,9.981
2025-06-03T07:00:00.000Z,4.997
2025-06-03T08:00:00.000Z,1.945
2025-06-03T09:00:00.000Z,0.444
2025-06-03T10:00:00.000Z,0.325
2025-06-03T11:00:00.000Z,0.234
2025-06-03T12:00:00.000Z,0.255
2025-06-03T13:00:00.000Z,0.372
2025-06-03T14:00:00.000Z,0.769
2025-06-03T15:00:00.000Z,5.288
2025-06-03T16:00:00.000Z,10.000
2025-06-03T17:00:00.000Z,19.949
2025-06-03T18:00:00.000Z,16.447
2025-06-03T19:00:00.000Z,15.852
2025-06-03T20:00:00.000Z,5.309
2025-06-03T21:00:00.000Z,1.592
2025-06-03T22:00:00.000Z,0.299
2025-06-03T23:00:00.000Z,0.229
2025-06-04T00:00:00.000Z,0.158
2025-06-04T01:00:00.000Z,0.132
2025-06-04T02:00:00.000Z,0.152
2025-06-04T03:00:00.000Z,0.318
2025-06-04T04:00:00.000Z,0.601
2025-06-04T05:00:00.000Z,11.357
2025-06-04T06:00:00.000Z,5.826
2025-06-04T07:00:00.000Z,0.298
2025-06-04T08:00:00.000Z,0.312
2025-06-04T09:00:00.000Z,0.171
2025-06-04T10:00:00.000Z,0.068
2025-06-04T11:00:00.000Z,0.001
2025-06-04T12:00:00.000Z,0.001
2025-06-04T13:00:00.000Z,0.000
2025-06-04T14:00:00.000Z,0.001
2025-06-04T15:00:00.000Z,0.000
2025-06-04T16:00:00.000Z,0.000
2025-06-04T17:00:00.000Z,0.000
2025-06-04T18:00:00.000Z,-0.002
2025-06-04T19:00:00.000Z,-0.021
2025-06-04T20:00:00.000Z,-0.101
2025-06-04T21:00:00.000Z,-0.207
2025-06-04T22:00:00.000Z,-0.214
2025-06-04T23:00:00.000Z,-0.213
2025-06-05T00:00:00.000Z,-0.241
2025-06-05T01:00:00.000Z,-0.231
2025-06-05T02:00:00.000Z,-0.246
2025-06-05T03:00:00.000Z,-0.100
2025-06-05T04:00:00.000Z,-0.002
2025-06-05T05:00:00.000Z,0.059
2025-06-05T06:00:00.000Z,0.133
2025-06-05T07:00:00.000Z,0.075
2025-06-05T08:00:00.000Z,0.034
2025-06-05T09:00:00.000Z,0.184
2025-06-05T10:00:00.000Z,0.133
2025-06-05T11:00:00.000Z,0.106
2025-06-05T12:00:00.000Z,-0.001
2025-06-05T13:00:00.000Z,0.074
2025-06-05T14:00:00.000Z,0.000
2025-06-05T15:00:00.000Z,0.118
2025-06-05T16:00:00.000Z,0.218
2025-06-05T17:00:00.000Z,0.220
2025-06-05T18:00:00.000Z,0.199
2025-06-05T19:00:00.000Z,0.191
2025-06-05T20:00:00.000Z,0.091
2025-06-05T21:00:00.000Z,-0.001
2025-06-05T22:00:00.000Z,-0.030
2025-06-05T23:00:00.000Z,-0.030
2025-06-06T00:00:00.000Z,-0.021
2025-06-06T01:00:00.000Z,-0.002
2025-06-06T02:00:00.000Z,0.000
2025-06-06T03:00:00.000Z,0.266
2025-06-06T04:00:00.000Z,0.504
2025-06-06T05:00:00.000Z,3.008
2025-06-06T06:00:00.000Z,3.000
2025-06-06T07:00:00.000Z,0.770
2025-06-06T08:00:00.000Z,0.392
2025-06-06T09:00:00.000Z,0.278
2025-06-06T10:00:00.000Z,0.232
2025-06-06T11:00:00.000Z,0.185
2025-06-06T12:00:00.000Z,0.156
2025-06-06T13:00:00.000Z,0.130
2025-06-06T14:00:00.000Z,0.295
2025-06-06T15:00:00.000Z,0.490
2025-06-06T16:00:00.000Z,1.262
2025-06-06T17:00:00.000Z,2.501
2025-06-06T18:00:00.000Z,1.398
2025-06-06T19:00:00.000Z,1.197
2025-06-06T20:00:00.000Z,0.492
2025-06-06T21:00:00.000Z,0.422
2025-06-06T22:00:00.000Z,0.211
2025-06-06T23:00:00.000Z,0.126
2025-06-07T00:00:00.000Z,0.017
2025-06-07T01:00:00.000Z,0.001
2025-06-07T02:00:00.000Z,0.000
2025-06-07T03:00:00.000Z,0.032
2025-06-07T04:00:00.000Z,0.088
2025-06-07T05:00:00.000Z,0.056
2025-06-07T06:00:00.000Z,0.055
2025-06-07T07:00:00.000Z,0.009
2025-06-07T08:00:00.000Z,0.001
2025-06-07T09:00:00.000Z,0.001
2025-06-07T10:00:00.000Z,0.000
2025-06-07T11:00:00.000Z,-0.001
2025-06-07T12:00:00.000Z,0.000
2025-06-07T13:00:00.000Z,0.000
2025-06-07T14:00:00.000Z,0.029
2025-06-07T15:00:00.000Z,0.124
2025-06-07T16:00:00.000Z,0.000
2025-06-07T17:00:00.000Z,-0.001
2025-06-07T18:00:00.000Z,-0.001
2025-06-07T19:00:00.000Z,-0.010
2025-06-07T20:00:00.000Z,-0.021
2025-06-07T21:00:00.000Z,-0.100
2025-06-07T22:00:00.000Z,-0.049
2025-06-07T23:00:00.000Z,-0.084
2025-06-08T00:00:00.000Z,-0.081
2025-06-08T01:00:00.000Z,-0.021
2025-06-08T02:00:00.000Z,-0.011
2025-06-08T03:00:00.000Z,0.000
2025-06-08T04:00:00.000Z,0.192
2025-06-08T05:00:00.000Z,0.361
2025-06-08T06:00:00.000Z,0.126
2025-06-08T07:00:00.000Z,0.098
2025-06-08T08:00:00.000Z,0.008
2025-06-08T09:00:00.000Z,0.003
2025-06-08T10:00:00.000Z,0.030
2025-06-08T11:00:00.000Z,0.100
2025-06-08T12:00:00.000Z,0.097
2025-06-08T13:00:00.000Z,0.121
2025-06-08T14:00:00.000Z,0.173
2025-06-08T15:00:00.000Z,0.424
2025-06-08T16:00:00.000Z,0.554
2025-06-08T17:00:00.000Z,1.269
2025-06-08T18:00:00.000Z,0.828
2025-06-08T19:00:00.000Z,0.794
2025-06-08T20:00:00.000Z,0.625
2025-06-08T21:00:00.000Z,0.515
2025-06-08T22:00:00.000Z,0.462
2025-06-08T23:00:00.000Z,0.386
2025-06-09T00:00:00.000Z,0.351
2025-06-09T01:00:00.000Z,0.366
2025-06-09T02:00:00.000Z,0.706
2025-06-09T03:00:00.000Z,2.535
2025-06-09T04:00:00.000Z,6.517
2025-06-09T05:00:00.000Z,20.743
2025-06-09T06:00:00.000Z,29.990
2025-06-09T07:00:00.000Z,25.799
2025-06-09T08:00:00.000Z,22.400
2025-06-09T09:00:00.000Z,24.999
2025-06-09T10:00:00.000Z,24.999
2025-06-09T11:00:00.000Z,12.027
2025-06-09T12:00:00.000Z,2.500
2025-06-09T13:00:00.000Z,1.371
2025-06-09T14:00:00.000Z,0.846
2025-06-09T15:00:00.000Z,0.979
2025-06-09T16:00:00.000Z,6.700
2025-06-09T17:00:00.000Z,2.000
2025-06-09T18:00:00.000Z,0.531
2025-06-09T19:00:00.000Z,0.492
2025-06-09T20:00:00.000Z,0.231
2025-06-09T21:00:00.000Z,0.090
2025-06-09T22:00:00.000Z,0.096
2025-06-09T23:00:00.000Z,0.001
2025-06-10T00:00:00.000Z,0.109
2025-06-10T01:00:00.000Z,0.171
2025-06-10T02:00:00.000Z,0.300
2025-06-10T03:00:00.000Z,1.133
2025-06-10T04:00:00.000Z,7.769
2025-06-10T05:00:00.000Z,8.204
2025-06-10T06:00:00.000Z,8.309
2025-06-10T07:00:00.000Z,7.046
2025-06-10T08:00:00.000Z,2.295
2025-06-10T09:00:00.000Z,2.457
2025-06-10T10:00:00.000Z,1.786
2025-06-10T11:00:00.000Z,1.590
2025-06-10T12:00:00.000Z,2.489
2025-06-10T13:00:00.000Z,3.173
2025-06-10T14:00:00.000Z,4.849
2025-06-10T15:00:00.000Z,10.699
2025-06-10T16:00:00.000Z,15.519
2025-06-10T17:00:00.000Z,19.635
2025-06-10T18:00:00.000Z,22.537
2025-06-10T19:00:00.000Z,14.958
2025-06-10T20:00:00.000Z,9.977
2025-06-10T21:00:00.000Z,8.689
2025-06-10T22:00:00.000Z,7.184
2025-06-10T23:00:00.000Z,4.467
2025-06-11T00:00:00.000Z,2.297
2025-06-11T01:00:00.000Z,2.547
2025-06-11T02:00:00.000Z,6.619
2025-06-11T03:00:00.000Z,14.009
2025-06-11T04:00:00.000Z,17.423
2025-06-11T05:00:00.000Z,14.009
2025-06-11T06:00:00.000Z,14.008
2025-06-11T07:00:00.000Z,25.800
2025-06-11T08:00:00.000Z,17.901
2025-06-11T09:00:00.000Z,17.901
2025-06-11T10:00:00.000Z,17.901
2025-06-11T11:00:00.000Z,14.006
2025-06-11T12:00:00.000Z,11.469
2025-06-11T13:00:00.000Z,14.600
2025-06-11T14:00:00.000Z,13.811
2025-06-11T15:00:00.000Z,8.460
2025-06-11T16:00:00.000Z,10.117
2025-06-11T17:00:00.000Z,14.135
2025-06-11T18:00:00.000Z,14.179
2025-06-11T19:00:00.000Z,17.715
2025-06-11T20:00:00.000Z,7.317
2025-06-11T21:00:00.000Z,1.299
2025-06-11T22:00:00.000Z,4.932
2025-06-11T23:00:00.000Z,3.206
2025-06-12T00:00:00.000Z,2.179
2025-06-12T01:00:00.000Z,0.974
2025-06-12T02:00:00.000Z,0.728
2025-06-12T03:00:00.000Z,3.577
2025-06-12T04:00:00.000Z,9.830
2025-06-12T05:00:00.000Z,10.355
2025-06-12T06:00:00.000Z,7.274
2025-06-12T07:00:00.000Z,4.071
2025-06-12T08:00:00.000Z,1.004
2025-06-12T09:00:00.000Z,0.800
2025-06-12T10:00:00.000Z,1.501
2025-06-12T11:00:00.000Z,0.350
2025-06-12T12:00:00.000Z,0.299
2025-06-12T13:00:00.000Z,0.222
2025-06-12T14:00:00.000Z,0.408
2025-06-12T15:00:00.000Z,0.715
2025-06-12T16:00:00.000Z,0.702
2025-06-12T17:00:00.000Z,1.225
2025-06-12T18:00:00.000Z,0.753
2025-06-12T19:00:00.000Z,0.675
2025-06-12T20:00:00.000Z,0.489
2025-06-12T21:00:00.000Z,0.368
2025-06-12T22:00:00.000Z,0.390
2025-06-12T23:00:00.000Z,0.356
2025-06-13T00:00:00.000Z,0.245
2025-06-13T01:00:00.000Z,0.207
2025-06-13T02:00:00.000Z,0.292
2025-06-13T03:00:00.000Z,0.528
2025-06-13T04:00:00.000Z,4.998
2025-06-13T05:00:00.000Z,8.650
2025-06-13T06:00:00.000Z,7.625
2025-06-13T07:00:00.000Z,3.962
2025-06-13T08:00:00.000Z,1.454
2025-06-13T09:00:00.000Z,1.823
2025-06-13T10:00:00.000Z,1.869
2025-06-13T11:00:00.000Z,0.800
2025-06-13T12:00:00.000Z,1.537
2025-06-13T13:00:00.000Z,1.594
2025-06-13T14:00:00.000Z,2.625
2025-06-13T15:00:00.000Z,3.271
2025-06-13T16:00:00.000Z,8.438
2025-06-13T17:00:00.000Z,10.310
2025-06-13T18:00:00.000Z,8.003
2025-06-13T19:00:00.000Z,8.005
2025-06-13T20:00:00.000Z,3.894
2025-06-13T21:00:00.000Z,0.708
2025-06-13T22:00:00.000Z,4.006
2025-06-13T23:00:00.000Z,2.500
2025-06-14T00:00:00.000Z,0.440
2025-06-14T01:00:00.000Z,0.214
2025-06-14T02:00:00.000Z,0.218
2025-06-14T03:00:00.000Z,0.211
2025-06-14T04:00:00.000Z,0.340
2025-06-14T05:00:00.000Z,0.478
2025-06-14T06:00:00.000Z,0.427
2025-06-14T07:00:00.000Z,0.096
2025-06-14T08:00:00.000Z,-0.062
2025-06-14T09:00:00.000Z,-0.400
2025-06-14T10:00:00.000Z,-1.001
2025-06-14T11:00:00.000Z,-1.887
2025-06-14T12:00:00.000Z,-1.993
2025-06-14T13:00:00.000Z,-0.329
2025-06-14T14:00:00.000Z,0.000
2025-06-14T15:00:00.000Z,0.300
2025-06-14T16:00:00.000Z,0.134
2025-06-14T17:00:00.000Z,-0.001
2025-06-14T18:00:00.000Z,-0.001
2025-06-14T19:00:00.000Z,-0.001
2025-06-14T20:00:00.000Z,-0.010
2025-06-14T21:00:00.000Z,-0.021
2025-06-14T22:00:00.000Z,-0.102
2025-06-14T23:00:00.000Z,-0.103
2025-06-15T00:00:00.000Z,-0.049
2025-06-15T01:00:00.000Z,-0.021
2025-06-15T02:00:00.000Z,0.000
2025-06-15T03:00:00.000Z,0.181
2025-06-15T04:00:00.000Z,0.425
2025-06-15T05:00:00.000Z,0.504
2025-06-15T06:00:00.000Z,0.514
2025-06-15T07:00:00.000Z,0.450
2025-06-15T08:00:00.000Z,0.094
2025-06-15T09:00:00.000Z,-0.002
2025-06-15T10:00:00.000Z,-0.119
2025-06-15T11:00:00.000Z,-0.546
2025-06-15T12:00:00.000Z,-0.328
2025-06-15T13:00:00.000Z,-0.052
2025-06-15T14:00:00.000Z,0.228
2025-06-15T15:00:00.000Z,0.571
2025-06-15T16:00:00.000Z,0.799
2025-06-15T17:00:00.000Z,0.800
2025-06-15T18:00:00.000Z,0.453
2025-06-15T19:00:00.000Z,0.339
2025-06-15T20:00:00.000Z,0.116
2025-06-15T21:00:00.000Z,-0.001
2025-06-15T22:00:00.000Z,-0.021
2025-06-15T23:00:00.000Z,-0.028
2025-06-16T00:00:00.000Z,-0.051
2025-06-16T01:00:00.000Z,-0.078
2025-06-16T02:00:00.000Z,-0.050
2025-06-16T03:00:00.000Z,0.109
2025-06-16T04:00:00.000Z,0.350
2025-06-16T05:00:00.000Z,2.118
2025-06-16T06:00:00.000Z,3.063
2025-06-16T07:00:00.000Z,3.240
2025-06-16T08:00:00.000Z,2.454
2025-06-16T09:00:00.000Z,2.678
2025-06-16T10:00:00.000Z,1.305
2025-06-16T11:00:00.000Z,0.551
2025-06-16T12:00:00.000Z,0.499
2025-06-16T13:00:00.000Z,0.574
2025-06-16T14:00:00.000Z,0.643
2025-06-16T15:00:00.000Z,2.435
2025-06-16T16:00:00.000Z,3.670
2025-06-16T17:00:00.000Z,2.974
2025-06-16T18:00:00.000Z,0.891
2025-06-16T19:00:00.000Z,0.428
2025-06-16T20:00:00.000Z,0.278
2025-06-16T21:00:00.000Z,0.175
2025-06-16T22:00:00.000Z,0.104
2025-06-16T23:00:00.000Z,0.018
2025-06-17T00:00:00.000Z,0.000
2025-06-17T01:00:00.000Z,0.000
2025-06-17T02:00:00.000Z,0.273
2025-06-17T03:00:00.000Z,0.492
2025-06-17T04:00:00.000Z,0.396
2025-06-17T05:00:00.000Z,0.427
2025-06-17T06:00:00.000Z,0.506
2025-06-17T07:00:00.000Z,0.500
2025-06-17T08:00:00.000Z,0.423
2025-06-17T09:00:00.000Z,0.237
2025-06-17T10:00:00.000Z,0.127
2025-06-17T11:00:00.000Z,0.006
2025-06-17T12:00:00.000Z,0.102
2025-06-17T13:00:00.000Z,0.172
2025-06-17T14:00:00.000Z,0.443
2025-06-17T15:00:00.000Z,0.571
2025-06-17T16:00:00.000Z,0.574
2025-06-17T17:00:00.000Z,0.572
2025-06-17T18:00:00.000Z,0.515
2025-06-17T19:00:00.000Z,0.653
2025-06-17T20:00:00.000Z,1.086
2025-06-17T21:00:00.000Z,0.200
2025-06-17T22:00:00.000Z,-0.001
2025-06-17T23:00:00.000Z,0.000
2025-06-18T00:00:00.000Z,-0.001
2025-06-18T01:00:00.000Z,0.043
2025-06-18T02:00:00.000Z,0.077
2025-06-18T03:00:00.000Z,0.705
2025-06-18T04:00:00.000Z,5.175
2025-06-18T05:00:00.000Z,8.117
2025-06-18T06:00:00.000Z,7.744
2025-06-18T07:00:00.000Z,7.216
2025-06-18T08:00:00.000Z,2.051
2025-06-18T09:00:00.000Z,0.650
2025-06-18T10:00:00.000Z,0.300
2025-06-18T11:00:00.000Z,0.051
2025-06-18T12:00:00.000Z,0.044
2025-06-18T13:00:00.000Z,0.071
2025-06-18T14:00:00.000Z,0.267
2025-06-18T15:00:00.000Z,0.377
2025-06-18T16:00:00.000Z,0.373
2025-06-18T17:00:00.000Z,0.430
2025-06-18T18:00:00.000Z,0.377
2025-06-18T19:00:00.000Z,0.303
2025-06-18T20:00:00.000Z,0.169
2025-06-18T21:00:00.000Z,0.000
2025-06-18T22:00:00.000Z,-0.001
2025-06-18T23:00:00.000Z,-0.010
2025-06-19T00:00:00.000Z,-0.028
2025-06-19T01:00:00.000Z,-0.005
2025-06-19T02:00:00.000Z,0.000
2025-06-19T03:00:00.000Z,0.230
2025-06-19T04:00:00.000Z,0.309
2025-06-19T05:00:00.000Z,0.369
2025-06-19T06:00:00.000Z,0.428
2025-06-19T07:00:00.000Z,0.268
2025-06-19T08:00:00.000Z,0.032
2025-06-19T09:00:00.000Z,-0.013
2025-06-19T10:00:00.000Z,-0.166
2025-06-19T11:00:00.000Z,-0.197
2025-06-19T12:00:00.000Z,-0.222
2025-06-19T13:00:00.000Z,-0.171
2025-06-19T14:00:00.000Z,-0.130
2025-06-19T15:00:00.000Z,0.000
2025-06-19T16:00:00.000Z,0.133
2025-06-19T17:00:00.000Z,0.162
2025-06-19T18:00:00.000Z,0.165
2025-06-19T19:00:00.000Z,0.145
2025-06-19T20:00:00.000Z,0.104
2025-06-19T21:00:00.000Z,0.035
2025-06-19T22:00:00.000Z,0.153
2025-06-19T23:00:00.000Z,0.126
2025-06-20T00:00:00.000Z,0.174
2025-06-20T01:00:00.000Z,0.164
2025-06-20T02:00:00.000Z,0.220
2025-06-20T03:00:00.000Z,0.360
2025-06-20T04:00:00.000Z,0.474
2025-06-20T05:00:00.000Z,0.499
2025-06-20T06:00:00.000Z,0.495
2025-06-20T07:00:00.000Z,0.446
2025-06-20T08:00:00.000Z,0.291
2025-06-20T09:00:00.000Z,-0.065
2025-06-20T10:00:00.000Z,-0.329
2025-06-20T11:00:00.000Z,-0.415
2025-06-20T12:00:00.000Z,-0.360
2025-06-20T13:00:00.000Z,-0.054
2025-06-20T14:00:00.000Z,0.508
2025-06-20T15:00:00.000Z,0.693
2025-06-20T16:00:00.000Z,0.784
2025-06-20T17:00:00.000Z,1.384
2025-06-20T18:00:00.000Z,1.760
2025-06-20T19:00:00.000Z,3.499
2025-06-20T20:00:00.000Z,3.006
2025-06-20T21:00:00.000Z,0.835
2025-06-20T22:00:00.000Z,3.400
2025-06-20T23:00:00.000Z,1.233
2025-06-21T00:00:00.000Z,0.340
2025-06-21T01:00:00.000Z,0.504
2025-06-21T02:00:00.000Z,0.054
2025-06-21T03:00:00.000Z,0.088
2025-06-21T04:00:00.000Z,0.090
2025-06-21T05:00:00.000Z,0.067
2025-06-21T06:00:00.000Z,0.067
2025-06-21T07:00:00.000Z,-0.001
2025-06-21T08:00:00.000Z,-0.082
2025-06-21T09:00:00.000Z,-0.162
2025-06-21T10:00:00.000Z,-0.500
2025-06-21T11:00:00.000Z,-1.000
2025-06-21T12:00:00.000Z,-0.419
2025-06-21T13:00:00.000Z,-0.197
2025-06-21T14:00:00.000Z,0.021
2025-06-21T15:00:00.000Z,0.451
2025-06-21T16:00:00.000Z,0.658
2025-06-21T17:00:00.000Z,0.580
2025-06-21T18:00:00.000Z,0.545
2025-06-21T19:00:00.000Z,0.568
2025-06-21T20:00:00.000Z,0.741
2025-06-21T21:00:00.000Z,0.630
2025-06-21T22:00:00.000Z,0.356
2025-06-21T23:00:00.000Z,0.404
2025-06-22T00:00:00.000Z,0.423
2025-06-22T01:00:00.000Z,0.570
2025-06-22T02:00:00.000Z,0.595
2025-06-22T03:00:00.000Z,0.684
2025-06-22T04:00:00.000Z,0.730
2025-06-22T05:00:00.000Z,0.702
2025-06-22T06:00:00.000Z,0.336
2025-06-22T07:00:00.000Z,0.002
2025-06-22T08:00:00.000Z,-0.208
2025-06-22T09:00:00.000Z,-0.224
2025-06-22T10:00:00.000Z,-0.567
2025-06-22T11:00:00.000Z,-0.524
2025-06-22T12:00:00.000Z,-0.451
2025-06-22T13:00:00.000Z,-0.110
2025-06-22T14:00:00.000Z,0.490
2025-06-22T15:00:00.000Z,1.291
2025-06-22T16:00:00.000Z,2.437
2025-06-22T17:00:00.000Z,6.491
2025-06-22T18:00:00.000Z,6.677
2025-06-22T19:00:00.000Z,6.734
2025-06-22T20:00:00.000Z,2.163
2025-06-22T21:00:00.000Z,0.539
2025-06-22T22:00:00.000Z,0.473
2025-06-22T23:00:00.000Z,0.008
2025-06-23T00:00:00.000Z,-0.002
2025-06-23T01:00:00.000Z,-0.002
2025-06-23T02:00:00.000Z,0.000
2025-06-23T03:00:00.000Z,0.182
2025-06-23T04:00:00.000Z,0.294
2025-06-23T05:00:00.000Z,0.499
2025-06-23T06:00:00.000Z,0.449
2025-06-23T07:00:00.000Z,0.429
2025-06-23T08:00:00.000Z,0.179
2025-06-23T09:00:00.000Z,0.220
2025-06-23T10:00:00.000Z,0.095
2025-06-23T11:00:00.000Z,0.000
2025-06-23T12:00:00.000Z,0.032
2025-06-23T13:00:00.000Z,0.047
2025-06-23T14:00:00.000Z,0.079
2025-06-23T15:00:00.000Z,0.141
2025-06-23T16:00:00.000Z,0.300
2025-06-23T17:00:00.000Z,0.503
2025-06-23T18:00:00.000Z,0.475
2025-06-23T19:00:00.000Z,0.526
2025-06-23T20:00:00.000Z,0.432
2025-06-23T21:00:00.000Z,0.041
2025-06-23T22:00:00.000Z,0.268
2025-06-23T23:00:00.000Z,0.150
2025-06-24T00:00:00.000Z,0.086
2025-06-24T01:00:00.000Z,0.003
2025-06-24T02:00:00.000Z,0.007
2025-06-24T03:00:00.000Z,0.262
2025-06-24T04:00:00.000Z,0.414
2025-06-24T05:00:00.000Z,0.685
2025-06-24T06:00:00.000Z,0.810
2025-06-24T07:00:00.000Z,0.300
2025-06-24T08:00:00.000Z,0.439
2025-06-24T09:00:00.000Z,0.299
2025-06-24T10:00:00.000Z,0.008
2025-06-24T11:00:00.000Z,0.007
2025-06-24T12:00:00.000Z,0.000
2025-06-24T13:00:00.000Z,0.003
2025-06-24T14:00:00.000Z,0.130
2025-06-24T15:00:00.000Z,0.376
2025-06-24T16:00:00.000Z,0.704
2025-06-24T17:00:00.000Z,0.821
2025-06-24T18:00:00.000Z,0.895
2025-06-24T19:00:00.000Z,0.511
2025-06-24T20:00:00.000Z,0.359
2025-06-24T21:00:00.000Z,0.200
2025-06-24T22:00:00.000Z,0.009
2025-06-24T23:00:00.000Z,-0.001
2025-06-25T00:00:00.000Z,-0.010
2025-06-25T01:00:00.000Z,-0.053
2025-06-25T02:00:00.000Z,-0.021
2025-06-25T03:00:00.000Z,0.001
2025-06-25T04:00:00.000Z,0.299
2025-06-25T05:00:00.000Z,0.761
2025-06-25T06:00:00.000Z,0.799
2025-06-25T07:00:00.000Z,0.751
2025-06-25T08:00:00.000Z,0.439
2025-06-25T09:00:00.000Z,0.130
2025-06-25T10:00:00.000Z,0.096
2025-06-25T11:00:00.000Z,0.001
2025-06-25T12:00:00.000Z,-0.001
2025-06-25T13:00:00.000Z,0.001
2025-06-25T14:00:00.000Z,0.126
2025-06-25T15:00:00.000Z,0.663
2025-06-25T16:00:00.000Z,0.462
2025-06-25T17:00:00.000Z,0.431
2025-06-25T18:00:00.000Z,0.369
2025-06-25T19:00:00.000Z,0.400
2025-06-25T20:00:00.000Z,0.351
2025-06-25T21:00:00.000Z,0.201
2025-06-25T22:00:00.000Z,0.129
2025-06-25T23:00:00.000Z,0.168
2025-06-26T00:00:00.000Z,0.251
2025-06-26T01:00:00.000Z,0.249
2025-06-26T02:00:00.000Z,0.442
2025-06-26T03:00:00.000Z,3.071
2025-06-26T04:00:00.000Z,6.975
2025-06-26T05:00:00.000Z,7.430
2025-06-26T06:00:00.000Z,5.603
2025-06-26T07:00:00.000Z,4.708
2025-06-26T08:00:00.000Z,3.886
2025-06-26T09:00:00.000Z,3.507
2025-06-26T10:00:00.000Z,2.730
2025-06-26T11:00:00.000Z,3.124
2025-06-26T12:00:00.000Z,3.201
2025-06-26T13:00:00.000Z,3.550
2025-06-26T14:00:00.000Z,2.604
2025-06-26T15:00:00.000Z,4.178
2025-06-26T16:00:00.000Z,7.745
2025-06-26T17:00:00.000Z,12.364
2025-06-26T18:00:00.000Z,7.986
2025-06-26T19:00:00.000Z,13.227
2025-06-26T20:00:00.000Z,6.800
2025-06-26T21:00:00.000Z,2.885
2025-06-26T22:00:00.000Z,4.997
2025-06-26T23:00:00.000Z,4.463
2025-06-27T00:00:00.000Z,4.909
2025-06-27T01:00:00.000Z,4.998
2025-06-27T02:00:00.000Z,4.895
2025-06-27T03:00:00.000Z,5.010
2025-06-27T04:00:00.000Z,5.496
2025-06-27T05:00:00.000Z,6.942
2025-06-27T06:00:00.000Z,6.999
2025-06-27T07:00:00.000Z,8.695
2025-06-27T08:00:00.000Z,7.914
2025-06-27T09:00:00.000Z,6.890
2025-06-27T10:00:00.000Z,6.586
2025-06-27T11:00:00.000Z,7.033
2025-06-27T12:00:00.000Z,6.948
2025-06-27T13:00:00.000Z,6.999
2025-06-27T14:00:00.000Z,6.889
2025-06-27T15:00:00.000Z,7.000
2025-06-27T16:00:00.000Z,6.999
2025-06-27T17:00:00.000Z,7.857
2025-06-27T18:00:00.000Z,4.541
2025-06-27T19:00:00.000Z,3.124
2025-06-27T20:00:00.000Z,2.169
2025-06-27T21:00:00.000Z,0.998
2025-06-27T22:00:00.000Z,0.313
2025-06-27T23:00:00.000Z,0.263
2025-06-28T00:00:00.000Z,0.255
2025-06-28T01:00:00.000Z,0.262
2025-06-28T02:00:00.000Z,0.294
2025-06-28T03:00:00.000Z,0.413
2025-06-28T04:00:00.000Z,0.542
2025-06-28T05:00:00.000Z,0.743
2025-06-28T06:00:00.000Z,0.765
2025-06-28T07:00:00.000Z,0.386
2025-06-28T08:00:00.000Z,0.042
2025-06-28T09:00:00.000Z,0.372
2025-06-28T10:00:00.000Z,0.197
2025-06-28T11:00:00.000Z,0.010
2025-06-28T12:00:00.000Z,0.001
2025-06-28T13:00:00.000Z,0.000
2025-06-28T14:00:00.000Z,0.108
2025-06-28T15:00:00.000Z,0.281
2025-06-28T16:00:00.000Z,0.935
2025-06-28T17:00:00.000Z,1.035
2025-06-28T18:00:00.000Z,0.450
2025-06-28T19:00:00.000Z,0.281
2025-06-28T20:00:00.000Z,0.125
2025-06-28T21:00:00.000Z,0.014
2025-06-28T22:00:00.000Z,0.158
2025-06-28T23:00:00.000Z,0.019
2025-06-29T00:00:00.000Z,0.006
2025-06-29T01:00:00.000Z,0.002
2025-06-29T02:00:00.000Z,0.000
2025-06-29T03:00:00.000Z,-0.006
2025-06-29T04:00:00.000Z,-0.010
2025-06-29T05:00:00.000Z,-0.050
2025-06-29T06:00:00.000Z,-0.093
2025-06-29T07:00:00.000Z,-0.011
2025-06-29T08:00:00.000Z,-0.100
2025-06-29T09:00:00.000Z,-0.201
2025-06-29T10:00:00.000Z,-0.540
2025-06-29T11:00:00.000Z,-1.863
2025-06-29T12:00:00.000Z,-2.139
2025-06-29T13:00:00.000Z,-1.351
2025-06-29T14:00:00.000Z,-0.174
2025-06-29T15:00:00.000Z,-0.001
2025-06-29T16:00:00.000Z,0.032
2025-06-29T17:00:00.000Z,0.229
2025-06-29T18:00:00.000Z,0.232
2025-06-29T19:00:00.000Z,0.178
2025-06-29T20:00:00.000Z,0.047
2025-06-29T21:00:00.000Z,0.001
2025-06-29T22:00:00.000Z,0.000
2025-06-29T23:00:00.000Z,-0.003
2025-06-30T00:00:00.000Z,-0.023
2025-06-30T01:00:00.000Z,-0.010
2025-06-30T02:00:00.000Z,-0.002
2025-06-30T03:00:00.000Z,0.151
2025-06-30T04:00:00.000Z,0.821
2025-06-30T05:00:00.000Z,0.873
2025-06-30T06:00:00.000Z,0.497
2025-06-30T07:00:00.000Z,0.273
2025-06-30T08:00:00.000Z,0.276
2025-06-30T09:00:00.000Z,0.238
2025-06-30T10:00:00.000Z,0.200
2025-06-30T11:00:00.000Z,0.145
2025-06-30T12:00:00.000Z,0.034
2025-06-30T13:00:00.000Z,0.123
2025-06-30T14:00:00.000Z,0.126
2025-06-30T15:00:00.000Z,0.265
2025-06-30T16:00:00.000Z,0.396
2025-06-30T17:00:00.000Z,0.424
2025-06-30T18:00:00.000Z,0.460
2025-06-30T19:00:00.000Z,0.445
2025-06-30T20:00:00.000Z,0.364
2025-06-30T21:00:00.000Z,0.265
2025-06-30T22:00:00.000Z,-0.003
2025-06-30T23:00:00.000Z,-0.021
2025-07-01T00:00:00.000Z,-0.021
2025-07-01T01:00:00.000Z,-0.020
2025-07-01T02:00:00.000Z,0.000
2025-07-01T03:00:00.000Z,0.381
2025-07-01T04:00:00.000Z,0.821
2025-07-01T05:00:00.000Z,2.743
2025-07-01T06:00:00.000Z,1.906
2025-07-01T07:00:00.000Z,0.599
2025-07-01T08:00:00.000Z,0.651
2025-07-01T09:00:00.000Z,0.691
2025-07-01T10:00:00.000Z,0.557
2025-07-01T11:00:00.000Z,0.602
2025-07-01T12:00:00.000Z,1.147
2025-07-01T13:00:00.000Z,1.451
2025-07-01T14:00:00.000Z,1.997
2025-07-01T15:00:00.000Z,4.258
2025-07-01T16:00:00.000Z,6.702
2025-07-01T17:00:00.000Z,13.931
2025-07-01T18:00:00.000Z,9.134
2025-07-01T19:00:00.000Z,7.285
2025-07-01T20:00:00.000Z,6.245
2025-07-01T21:00:00.000Z,2.007
2025-07-01T22:00:00.000Z,2.006
2025-07-01T23:00:00.000Z,1.988
2025-07-02T00:00:00.000Z,2.523
2025-07-02T01:00:00.000Z,2.253
2025-07-02T02:00:00.000Z,1.512
2025-07-02T03:00:00.000Z,2.800
2025-07-02T04:00:00.000Z,5.408
2025-07-02T05:00:00.000Z,6.149
2025-07-02T06:00:00.000Z,6.035
2025-07-02T07:00:00.000Z,5.463
2025-07-02T08:00:00.000Z,5.001
2025-07-02T09:00:00.000Z,2.460
2025-07-02T10:00:00.000Z,2.115
2025-07-02T11:00:00.000Z,2.029
2025-07-02T12:00:00.000Z,2.316
2025-07-02T13:00:00.000Z,3.535
2025-07-02T14:00:00.000Z,4.974
2025-07-02T15:00:00.000Z,5.454
2025-07-02T16:00:00.000Z,6.360
2025-07-02T17:00:00.000Z,6.957
2025-07-02T18:00:00.000Z,6.852
2025-07-02T19:00:00.000Z,6.305
2025-07-02T20:00:00.000Z,5.596
2025-07-02T21:00:00.000Z,2.374
2025-07-02T22:00:00.000Z,0.586
2025-07-02T23:00:00.000Z,0.589
2025-07-03T00:00:00.000Z,0.543
2025-07-03T01:00:00.000Z,0.867
2025-07-03T02:00:00.000Z,0.740
2025-07-03T03:00:00.000Z,0.599
2025-07-03T04:00:00.000Z,1.767
2025-07-03T05:00:00.000Z,2.501
2025-07-03T06:00:00.000Z,2.228
2025-07-03T07:00:00.000Z,1.680
2025-07-03T08:00:00.000Z,0.566
2025-07-03T09:00:00.000Z,0.340
2025-07-03T10:00:00.000Z,0.182
2025-07-03T11:00:00.000Z,0.046
2025-07-03T12:00:00.000Z,0.037
2025-07-03T13:00:00.000Z,0.078
2025-07-03T14:00:00.000Z,0.171
2025-07-03T15:00:00.000Z,0.243
2025-07-03T16:00:00.000Z,0.305
2025-07-03T17:00:00.000Z,0.354
2025-07-03T18:00:00.000Z,0.348
2025-07-03T19:00:00.000Z,0.440
2025-07-03T20:00:00.000Z,0.016
2025-07-03T21:00:00.000Z,0.001
2025-07-03T22:00:00.000Z,-0.082
2025-07-03T23:00:00.000Z,-0.152
2025-07-04T00:00:00.000Z,-0.157
2025-07-04T01:00:00.000Z,-0.171
2025-07-04T02:00:00.000Z,-0.104
2025-07-04T03:00:00.000Z,-0.101
2025-07-04T04:00:00.000Z,-0.030
2025-07-04T05:00:00.000Z,-0.011
2025-07-04T06:00:00.000Z,-0.006
2025-07-04T07:00:00.000Z,-0.003
2025-07-04T08:00:00.000Z,-0.010
2025-07-04T09:00:00.000Z,-0.010
2025-07-04T10:00:00.000Z,-0.003
2025-07-04T11:00:00.000Z,-0.065
2025-07-04T12:00:00.000Z,-0.026
2025-07-04T13:00:00.000Z,-0.001
2025-07-04T14:00:00.000Z,0.266
2025-07-04T15:00:00.000Z,0.500
2025-07-04T16:00:00.000Z,1.090
2025-07-04T17:00:00.000Z,1.638
2025-07-04T18:00:00.000Z,1.508
2025-07-04T19:00:00.000Z,1.566
2025-07-04T20:00:00.000Z,1.503
2025-07-04T21:00:00.000Z,1.003
2025-07-04T22:00:00.000Z,0.650
2025-07-04T23:00:00.000Z,0.540
2025-07-05T00:00:00.000Z,0.534
2025-07-05T01:00:00.000Z,0.534
2025-07-05T02:00:00.000Z,0.509
2025-07-05T03:00:00.000Z,0.667
2025-07-05T04:00:00.000Z,1.482
2025-07-05T05:00:00.000Z,1.509
2025-07-05T06:00:00.000Z,1.767
2025-07-05T07:00:00.000Z,1.792
2025-07-05T08:00:00.000Z,1.333
2025-07-05T09:00:00.000Z,1.677
2025-07-05T10:00:00.000Z,1.854
2025-07-05T11:00:00.000Z,1.938
2025-07-05T12:00:00.000Z,2.502
2025-07-05T13:00:00.000Z,2.891
2025-07-05T14:00:00.000Z,3.476
2025-07-05T15:00:00.000Z,4.991
2025-07-05T16:00:00.000Z,7.448
2025-07-05T17:00:00.000Z,10.102
2025-07-05T18:00:00.000Z,5.398
2025-07-05T19:00:00.000Z,3.487
2025-07-05T20:00:00.000Z,2.552
2025-07-05T21:00:00.000Z,0.821
2025-07-05T22:00:00.000Z,0.382
2025-07-05T23:00:00.000Z,0.327
2025-07-06T00:00:00.000Z,0.311
2025-07-06T01:00:00.000Z,0.279
2025-07-06T02:00:00.000Z,0.290
2025-07-06T03:00:00.000Z,0.340
2025-07-06T04:00:00.000Z,0.380
2025-07-06T05:00:00.000Z,0.489
2025-07-06T06:00:00.000Z,0.760
2025-07-06T07:00:00.000Z,0.711
2025-07-06T08:00:00.000Z,0.830
2025-07-06T09:00:00.000Z,0.993
2025-07-06T10:00:00.000Z,0.608
2025-07-06T11:00:00.000Z,0.569
2025-07-06T12:00:00.000Z,0.824
2025-07-06T13:00:00.000Z,1.005
2025-07-06T14:00:00.000Z,1.946
2025-07-06T15:00:00.000Z,2.440
2025-07-06T16:00:00.000Z,1.869
2025-07-06T17:00:00.000Z,1.242
2025-07-06T18:00:00.000Z,0.635
2025-07-06T19:00:00.000Z,0.506
2025-07-06T20:00:00.000Z,0.480
2025-07-06T21:00:00.000Z,0.459
2025-07-06T22:00:00.000Z,0.483
2025-07-06T23:00:00.000Z,0.480
2025-07-07T00:00:00.000Z,0.475
2025-07-07T01:00:00.000Z,0.465
2025-07-07T02:00:00.000Z,0.468
2025-07-07T03:00:00.000Z,1.096
2025-07-07T04:00:00.000Z,2.001
2025-07-07T05:00:00.000Z,6.692
2025-07-07T06:00:00.000Z,8.148
2025-07-07T07:00:00.000Z,7.940
2025-07-07T08:00:00.000Z,7.975
2025-07-07T09:00:00.000Z,7.668
2025-07-07T10:00:00.000Z,5.806
2025-07-07T11:00:00.000Z,5.272
2025-07-07T12:00:00.000Z,3.646
2025-07-07T13:00:00.000Z,3.555
2025-07-07T14:00:00.000Z,3.728
2025-07-07T15:00:00.000Z,5.469
2025-07-07T16:00:00.000Z,7.457
2025-07-07T17:00:00.000Z,8.136
2025-07-07T18:00:00.000Z,9.076
2025-07-07T19:00:00.000Z,9.229
2025-07-07T20:00:00.000Z,4.414
2025-07-07T21:00:00.000Z,1.890
2025-07-07T22:00:00.000Z,1.507
2025-07-07T23:00:00.000Z,0.698
2025-07-08T00:00:00.000Z,0.664
2025-07-08T01:00:00.000Z,0.479
2025-07-08T02:00:00.000Z,0.458
2025-07-08T03:00:00.000Z,0.712
2025-07-08T04:00:00.000Z,2.499
2025-07-08T05:00:00.000Z,4.917
2025-07-08T06:00:00.000Z,4.762
2025-07-08T07:00:00.000Z,3.191
2025-07-08T08:00:00.000Z,2.359
2025-07-08T09:00:00.000Z,1.727
2025-07-08T10:00:00.000Z,1.641
2025-07-08T11:00:00.000Z,1.545
2025-07-08T12:00:00.000Z,1.792
2025-07-08T13:00:00.000Z,2.500
2025-07-08T14:00:00.000Z,3.175
2025-07-08T15:00:00.000Z,4.414
2025-07-08T16:00:00.000Z,4.647
2025-07-08T17:00:00.000Z,8.090
2025-07-08T18:00:00.000Z,6.304
2025-07-08T19:00:00.000Z,5.731
2025-07-08T20:00:00.000Z,4.740
2025-07-08T21:00:00.000Z,3.136
2025-07-08T22:00:00.000Z,1.167
2025-07-08T23:00:00.000Z,1.426
2025-07-09T00:00:00.000Z,1.095
2025-07-09T01:00:00.000Z,1.145
2025-07-09T02:00:00.000Z,2.118
2025-07-09T03:00:00.000Z,4.447
2025-07-09T04:00:00.000Z,9.780
2025-07-09T05:00:00.000Z,10.487
2025-07-09T06:00:00.000Z,10.435
2025-07-09T07:00:00.000Z,8.331
2025-07-09T08:00:00.000Z,7.356
2025-07-09T09:00:00.000Z,6.408
2025-07-09T10:00:00.000Z,5.693
2025-07-09T11:00:00.000Z,4.381
2025-07-09T12:00:00.000Z,3.043
2025-07-09T13:00:00.000Z,4.595
2025-07-09T14:00:00.000Z,6.540
2025-07-09T15:00:00.000Z,8.509
2025-07-09T16:00:00.000Z,11.250
2025-07-09T17:00:00.000Z,12.396
2025-07-09T18:00:00.000Z,12.489
2025-07-09T19:00:00.000Z,12.172
2025-07-09T20:00:00.000Z,10.102
2025-07-09T21:00:00.000Z,4.206
2025-07-09T22:00:00.000Z,3.782
2025-07-09T23:00:00.000Z,3.543
2025-07-10T00:00:00.000Z,3.163
2025-07-10T01:00:00.000Z,3.159
2025-07-10T02:00:00.000Z,3.326
2025-07-10T03:00:00.000Z,3.545
2025-07-10T04:00:00.000Z,6.377
2025-07-10T05:00:00.000Z,9.135
2025-07-10T06:00:00.000Z,8.992
2025-07-10T07:00:00.000Z,7.616
2025-07-10T08:00:00.000Z,6.251
2025-07-10T09:00:00.000Z,5.510
2025-07-10T10:00:00.000Z,4.308
2025-07-10T11:00:00.000Z,3.768
2025-07-10T12:00:00.000Z,3.622
2025-07-10T13:00:00.000Z,4.948
2025-07-10T14:00:00.000Z,6.664
2025-07-10T15:00:00.000Z,7.445
2025-07-10T16:00:00.000Z,8.556
2025-07-10T17:00:00.000Z,9.680
2025-07-10T18:00:00.000Z,9.690
2025-07-10T19:00:00.000Z,5.511
2025-07-10T20:00:00.000Z,3.004
2025-07-10T21:00:00.000Z,1.646
2025-07-10T22:00:00.000Z,1.510
2025-07-10T23:00:00.000Z,0.568
2025-07-11T00:00:00.000Z,0.452
2025-07-11T01:00:00.000Z,0.348
2025-07-11T02:00:00.000Z,0.352
2025-07-11T03:00:00.000Z,0.401
2025-07-11T04:00:00.000Z,0.832
2025-07-11T05:00:00.000Z,2.772
2025-07-11T06:00:00.000Z,3.454
2025-07-11T07:00:00.000Z,1.765
2025-07-11T08:00:00.000Z,0.711
2025-07-11T09:00:00.000Z,0.491
2025-07-11T10:00:00.000Z,0.490
2025-07-11T11:00:00.000Z,0.475
2025-07-11T12:00:00.000Z,0.476
2025-07-11T13:00:00.000Z,0.497
2025-07-11T14:00:00.000Z,0.580
2025-07-11T15:00:00.000Z,0.577
2025-07-11T16:00:00.000Z,0.690
2025-07-11T17:00:00.000Z,0.669
2025-07-11T18:00:00.000Z,0.528
2025-07-11T19:00:00.000Z,0.455
2025-07-11T20:00:00.000Z,0.367
2025-07-11T21:00:00.000Z,0.278
2025-07-11T22:00:00.000Z,0.223
2025-07-11T23:00:00.000Z,0.203
2025-07-12T00:00:00.000Z,0.130
2025-07-12T01:00:00.000Z,0.120
2025-07-12T02:00:00.000Z,0.110
2025-07-12T03:00:00.000Z,0.186
2025-07-12T04:00:00.000Z,0.246
2025-07-12T05:00:00.000Z,0.340
2025-07-12T06:00:00.000Z,0.380
2025-07-12T07:00:00.000Z,0.378
2025-07-12T08:00:00.000Z,0.446
2025-07-12T09:00:00.000Z,0.331
2025-07-12T10:00:00.000Z,0.201
2025-07-12T11:00:00.000Z,0.119
2025-07-12T12:00:00.000Z,0.223
2025-07-12T13:00:00.000Z,0.322
2025-07-12T14:00:00.000Z,0.634
2025-07-12T15:00:00.000Z,0.792
2025-07-12T16:00:00.000Z,1.845
2025-07-12T17:00:00.000Z,2.001
2025-07-12T18:00:00.000Z,1.912
2025-07-12T19:00:00.000Z,0.929
2025-07-12T20:00:00.000Z,0.572
2025-07-12T21:00:00.000Z,0.444
2025-07-12T22:00:00.000Z,0.000
2025-07-12T23:00:00.000Z,0.126
2025-07-13T00:00:00.000Z,0.249
2025-07-13T01:00:00.000Z,0.500
2025-07-13T02:00:00.000Z,0.947
2025-07-13T03:00:00.000Z,1.116
2025-07-13T04:00:00.000Z,1.626
2025-07-13T05:00:00.000Z,1.821
2025-07-13T06:00:00.000Z,1.704
2025-07-13T07:00:00.000Z,1.501
2025-07-13T08:00:00.000Z,0.501
2025-07-13T09:00:00.000Z,0.451
2025-07-13T10:00:00.000Z,0.219
2025-07-13T11:00:00.000Z,0.078
2025-07-13T12:00:00.000Z,0.488
2025-07-13T13:00:00.000Z,0.578
2025-07-13T14:00:00.000Z,0.997
2025-07-13T15:00:00.000Z,2.276
2025-07-13T16:00:00.000Z,3.015
2025-07-13T17:00:00.000Z,2.969
2025-07-13T18:00:00.000Z,2.836
2025-07-13T19:00:00.000Z,2.629
2025-07-13T20:00:00.000Z,2.588
2025-07-13T21:00:00.000Z,2.233
2025-07-13T22:00:00.000Z,1.428
2025-07-13T23:00:00.000Z,1.240
2025-07-14T00:00:00.000Z,1.466
2025-07-14T01:00:00.000Z,1.433
2025-07-14T02:00:00.000Z,1.168
2025-07-14T03:00:00.000Z,1.449
2025-07-14T04:00:00.000Z,1.685
2025-07-14T05:00:00.000Z,2.909
2025-07-14T06:00:00.000Z,2.510
2025-07-14T07:00:00.000Z,2.361
2025-07-14T08:00:00.000Z,1.773
2025-07-14T09:00:00.000Z,1.570
2025-07-14T10:00:00.000Z,1.587
2025-07-14T11:00:00.000Z,2.134
2025-07-14T12:00:00.000Z,2.222
2025-07-14T13:00:00.000Z,2.118
2025-07-14T14:00:00.000Z,1.826
2025-07-14T15:00:00.000Z,2.436
2025-07-14T16:00:00.000Z,2.917
2025-07-14T17:00:00.000Z,2.726
2025-07-14T18:00:00.000Z,2.312
2025-07-14T19:00:00.000Z,2.277
2025-07-14T20:00:00.000Z,2.192
2025-07-14T21:00:00.000Z,1.649
2025-07-14T22:00:00.000Z,1.886
2025-07-14T23:00:00.000Z,2.063
2025-07-15T00:00:00.000Z,1.979
2025-07-15T01:00:00.000Z,1.942
2025-07-15T02:00:00.000Z,1.415
2025-07-15T03:00:00.000Z,2.171
2025-07-15T04:00:00.000Z,2.194
2025-07-15T05:00:00.000Z,4.200
2025-07-15T06:00:00.000Z,5.243
2025-07-15T07:00:00.000Z,4.669
2025-07-15T08:00:00.000Z,4.635
2025-07-15T09:00:00.000Z,4.374
2025-07-15T10:00:00.000Z,4.166
2025-07-15T11:00:00.000Z,4.057
2025-07-15T12:00:00.000Z,3.734
2025-07-15T13:00:00.000Z,3.954
2025-07-15T14:00:00.000Z,4.480
2025-07-15T15:00:00.000Z,3.083
2025-07-15T16:00:00.000Z,5.361
2025-07-15T17:00:00.000Z,5.000
2025-07-15T18:00:00.000Z,2.900
2025-07-15T19:00:00.000Z,2.206
2025-07-15T20:00:00.000Z,1.372
2025-07-15T21:00:00.000Z,1.100
2025-07-15T22:00:00.000Z,0.669
2025-07-15T23:00:00.000Z,0.644
2025-07-16T00:00:00.000Z,0.654
2025-07-16T01:00:00.000Z,0.706
2025-07-16T02:00:00.000Z,0.656
2025-07-16T03:00:00.000Z,0.699
2025-07-16T04:00:00.000Z,0.784
2025-07-16T05:00:00.000Z,2.502
2025-07-16T06:00:00.000Z,3.293
2025-07-16T07:00:00.000Z,1.847
2025-07-16T08:00:00.000Z,0.902
2025-07-16T09:00:00.000Z,0.894
2025-07-16T10:00:00.000Z,1.151
2025-07-16T11:00:00.000Z,1.079
2025-07-16T12:00:00.000Z,0.991
2025-07-16T13:00:00.000Z,1.083
2025-07-16T14:00:00.000Z,1.012
2025-07-16T15:00:00.000Z,1.216
2025-07-16T16:00:00.000Z,1.642
2025-07-16T17:00:00.000Z,1.246
2025-07-16T18:00:00.000Z,1.166
2025-07-16T19:00:00.000Z,1.215
2025-07-16T20:00:00.000Z,0.629
2025-07-16T21:00:00.000Z,0.454
2025-07-16T22:00:00.000Z,0.437
2025-07-16T23:00:00.000Z,0.366
2025-07-17T00:00:00.000Z,0.307
2025-07-17T01:00:00.000Z,0.334
2025-07-17T02:00:00.000Z,0.342
2025-07-17T03:00:00.000Z,0.450
2025-07-17T04:00:00.000Z,0.696
2025-07-17T05:00:00.000Z,1.857
2025-07-17T06:00:00.000Z,1.969
2025-07-17T07:00:00.000Z,1.486
2025-07-17T08:00:00.000Z,1.194
2025-07-17T09:00:00.000Z,1.145
2025-07-17T10:00:00.000Z,1.087
2025-07-17T11:00:00.000Z,1.104
2025-07-17T12:00:00.000Z,1.111
2025-07-17T13:00:00.000Z,1.298
2025-07-17T14:00:00.000Z,1.762
2025-07-17T15:00:00.000Z,2.195
2025-07-17T16:00:00.000Z,2.314
2025-07-17T17:00:00.000Z,1.665
2025-07-17T18:00:00.000Z,1.223
2025-07-17T19:00:00.000Z,0.913
2025-07-17T20:00:00.000Z,0.795
2025-07-17T21:00:00.000Z,0.617
2025-07-17T22:00:00.000Z,0.458
2025-07-17T23:00:00.000Z,0.447
2025-07-18T00:00:00.000Z,0.558
2025-07-18T01:00:00.000Z,0.610
2025-07-18T02:00:00.000Z,0.757
2025-07-18T03:00:00.000Z,1.121
2025-07-18T04:00:00.000Z,1.592
2025-07-18T05:00:00.000Z,3.181
2025-07-18T06:00:00.000Z,2.654
2025-07-18T07:00:00.000Z,1.554
2025-07-18T08:00:00.000Z,1.809
2025-07-18T09:00:00.000Z,1.936
2025-07-18T10:00:00.000Z,1.865
2025-07-18T11:00:00.000Z,1.701
2025-07-18T12:00:00.000Z,1.745
2025-07-18T13:00:00.000Z,1.816
2025-07-18T14:00:00.000Z,2.025
2025-07-18T15:00:00.000Z,2.174
2025-07-18T16:00:00.000Z,2.676
2025-07-18T17:00:00.000Z,2.799
2025-07-18T18:00:00.000Z,2.207
2025-07-18T19:00:00.000Z,1.166
2025-07-18T20:00:00.000Z,0.688
2025-07-18T21:00:00.000Z,0.499
2025-07-18T22:00:00.000Z,0.987
2025-07-18T23:00:00.000Z,0.901
2025-07-19T00:00:00.000Z,0.867
2025-07-19T01:00:00.000Z,0.830
2025-07-19T02:00:00.000Z,0.926
2025-07-19T03:00:00.000Z,1.046
2025-07-19T04:00:00.000Z,1.172
2025-07-19T05:00:00.000Z,1.685
2025-07-19T06:00:00.000Z,1.841
2025-07-19T07:00:00.000Z,1.797
2025-07-19T08:00:00.000Z,0.864
2025-07-19T09:00:00.000Z,0.473
2025-07-19T10:00:00.000Z,0.313
2025-07-19T11:00:00.000Z,0.266
2025-07-19T12:00:00.000Z,0.435
2025-07-19T13:00:00.000Z,0.877
2025-07-19T14:00:00.000Z,2.400
2025-07-19T15:00:00.000Z,4.387
2025-07-19T16:00:00.000Z,4.855
2025-07-19T17:00:00.000Z,5.087
2025-07-19T18:00:00.000Z,4.601
2025-07-19T19:00:00.000Z,3.933
2025-07-19T20:00:00.000Z,3.597
2025-07-19T21:00:00.000Z,2.560
2025-07-19T22:00:00.000Z,1.419
2025-07-19T23:00:00.000Z,1.166
2025-07-20T00:00:00.000Z,1.053
2025-07-20T01:00:00.000Z,1.102
2025-07-20T02:00:00.000Z,1.068
2025-07-20T03:00:00.000Z,1.641
2025-07-20T04:00:00.000Z,2.006
2025-07-20T05:00:00.000Z,2.268
2025-07-20T06:00:00.000Z,2.471
2025-07-20T07:00:00.000Z,2.447
2025-07-20T08:00:00.000Z,1.370
2025-07-20T09:00:00.000Z,0.503
2025-07-20T10:00:00.000Z,0.263
2025-07-20T11:00:00.000Z,0.345
2025-07-20T12:00:00.000Z,0.524
2025-07-20T13:00:00.000Z,1.700
2025-07-20T14:00:00.000Z,3.278
2025-07-20T15:00:00.000Z,2.528
2025-07-20T16:00:00.000Z,2.995
2025-07-20T17:00:00.000Z,2.766
2025-07-20T18:00:00.000Z,1.776
2025-07-20T19:00:00.000Z,1.292
2025-07-20T20:00:00.000Z,1.008
2025-07-20T21:00:00.000Z,0.951
2025-07-20T22:00:00.000Z,1.363
2025-07-20T23:00:00.000Z,1.566
2025-07-21T00:00:00.000Z,1.728
2025-07-21T01:00:00.000Z,1.861
2025-07-21T02:00:00.000Z,1.842
2025-07-21T03:00:00.000Z,2.707
2025-07-21T04:00:00.000Z,3.503
2025-07-21T05:00:00.000Z,4.758
2025-07-21T06:00:00.000Z,4.533
2025-07-21T07:00:00.000Z,3.635
2025-07-21T08:00:00.000Z,2.203
2025-07-21T09:00:00.000Z,2.352
2025-07-21T10:00:00.000Z,2.303
2025-07-21T11:00:00.000Z,2.689
2025-07-21T12:00:00.000Z,2.436
2025-07-21T13:00:00.000Z,2.409
2025-07-21T14:00:00.000Z,3.410
2025-07-21T15:00:00.000Z,4.392
2025-07-21T16:00:00.000Z,4.935
2025-07-21T17:00:00.000Z,5.997
2025-07-21T18:00:00.000Z,4.411
2025-07-21T19:00:00.000Z,3.801
2025-07-21T20:00:00.000Z,3.047
2025-07-21T21:00:00.000Z,1.279
2025-07-21T22:00:00.000Z,1.524
2025-07-21T23:00:00.000Z,1.129
2025-07-22T00:00:00.000Z,1.070
2025-07-22T01:00:00.000Z,1.030
2025-07-22T02:00:00.000Z,1.151
2025-07-22T03:00:00.000Z,1.373
2025-07-22T04:00:00.000Z,1.781
2025-07-22T05:00:00.000Z,2.139
2025-07-22T06:00:00.000Z,2.755
2025-07-22T07:00:00.000Z,2.713
2025-07-22T08:00:00.000Z,2.419
2025-07-22T09:00:00.000Z,2.214
2025-07-22T10:00:00.000Z,2.443
2025-07-22T11:00:00.000Z,1.263
2025-07-22T12:00:00.000Z,1.199
2025-07-22T13:00:00.000Z,1.588
2025-07-22T14:00:00.000Z,3.162
2025-07-22T15:00:00.000Z,4.037
2025-07-22T16:00:00.000Z,4.355
2025-07-22T17:00:00.000Z,4.509
2025-07-22T18:00:00.000Z,4.511
2025-07-22T19:00:00.000Z,3.672
2025-07-22T20:00:00.000Z,3.189
2025-07-22T21:00:00.000Z,1.888
2025-07-22T22:00:00.000Z,1.178
2025-07-22T23:00:00.000Z,1.250
2025-07-23T00:00:00.000Z,1.072
2025-07-23T01:00:00.000Z,1.045
2025-07-23T02:00:00.000Z,1.077
2025-07-23T03:00:00.000Z,1.408
2025-07-23T04:00:00.000Z,2.799
2025-07-23T05:00:00.000Z,3.926
2025-07-23T06:00:00.000Z,4.015
2025-07-23T07:00:00.000Z,3.881
2025-07-23T08:00:00.000Z,3.073
2025-07-23T09:00:00.000Z,3.234
2025-07-23T10:00:00.000Z,2.333
2025-07-23T11:00:00.000Z,2.162
2025-07-23T12:00:00.000Z,2.405
2025-07-23T13:00:00.000Z,2.955
2025-07-23T14:00:00.000Z,3.762
2025-07-23T15:00:00.000Z,4.005
2025-07-23T16:00:00.000Z,4.004
2025-07-23T17:00:00.000Z,3.725
2025-07-23T18:00:00.000Z,2.954
2025-07-23T19:00:00.000Z,2.145
2025-07-23T20:00:00.000Z,1.823
2025-07-23T21:00:00.000Z,1.473
2025-07-23T22:00:00.000Z,1.561
2025-07-23T23:00:00.000Z,1.428
2025-07-24T00:00:00.000Z,1.277
2025-07-24T01:00:00.000Z,1.280
2025-07-24T02:00:00.000Z,1.534
2025-07-24T03:00:00.000Z,2.740
2025-07-24T04:00:00.000Z,3.964
2025-07-24T05:00:00.000Z,4.520
2025-07-24T06:00:00.000Z,2.961
2025-07-24T07:00:00.000Z,2.691
2025-07-24T08:00:00.000Z,2.808
2025-07-24T09:00:00.000Z,3.500
2025-07-24T10:00:00.000Z,4.073
2025-07-24T11:00:00.000Z,4.146
2025-07-24T12:00:00.000Z,4.020
2025-07-24T13:00:00.000Z,4.706
2025-07-24T14:00:00.000Z,5.749
2025-07-24T15:00:00.000Z,7.236
2025-07-24T16:00:00.000Z,7.828
2025-07-24T17:00:00.000Z,6.265
2025-07-24T18:00:00.000Z,3.901
2025-07-24T19:00:00.000Z,2.259
2025-07-24T20:00:00.000Z,1.216
2025-07-24T21:00:00.000Z,0.982
2025-07-24T22:00:00.000Z,1.789
2025-07-24T23:00:00.000Z,1.119
2025-07-25T00:00:00.000Z,1.012
2025-07-25T01:00:00.000Z,0.985
2025-07-25T02:00:00.000Z,0.999
2025-07-25T03:00:00.000Z,1.347
2025-07-25T04:00:00.000Z,1.777
2025-07-25T05:00:00.000Z,3.501
2025-07-25T06:00:00.000Z,3.920
2025-07-25T07:00:00.000Z,3.502
2025-07-25T08:00:00.000Z,2.132
2025-07-25T09:00:00.000Z,1.876
2025-07-25T10:00:00.000Z,1.727
2025-07-25T11:00:00.000Z,1.612
2025-07-25T12:00:00.000Z,1.409
2025-07-25T13:00:00.000Z,1.464
2025-07-25T14:00:00.000Z,1.786
2025-07-25T15:00:00.000Z,2.331
2025-07-25T16:00:00.000Z,2.678
2025-07-25T17:00:00.000Z,2.933
2025-07-25T18:00:00.000Z,1.798
2025-07-25T19:00:00.000Z,1.381
2025-07-25T20:00:00.000Z,1.020
2025-07-25T21:00:00.000Z,0.821
2025-07-25T22:00:00.000Z,1.252
2025-07-25T23:00:00.000Z,1.077
2025-07-26T00:00:00.000Z,0.814
2025-07-26T01:00:00.000Z,0.911
2025-07-26T02:00:00.000Z,0.878
2025-07-26T03:00:00.000Z,0.869
2025-07-26T04:00:00.000Z,1.178
2025-07-26T05:00:00.000Z,2.690
2025-07-26T06:00:00.000Z,2.305
2025-07-26T07:00:00.000Z,1.649
2025-07-26T08:00:00.000Z,1.329
2025-07-26T09:00:00.000Z,1.206
2025-07-26T10:00:00.000Z,1.072
2025-07-26T11:00:00.000Z,0.900
2025-07-26T12:00:00.000Z,0.827
2025-07-26T13:00:00.000Z,1.020
2025-07-26T14:00:00.000Z,2.106
2025-07-26T15:00:00.000Z,3.857
2025-07-26T16:00:00.000Z,4.507
2025-07-26T17:00:00.000Z,5.585
2025-07-26T18:00:00.000Z,5.453
2025-07-26T19:00:00.000Z,6.779
2025-07-26T20:00:00.000Z,4.783
2025-07-26T21:00:00.000Z,3.261
2025-07-26T22:00:00.000Z,3.664
2025-07-26T23:00:00.000Z,3.551
2025-07-27T00:00:00.000Z,2.468
2025-07-27T01:00:00.000Z,2.076
2025-07-27T02:00:00.000Z,1.886
2025-07-27T03:00:00.000Z,2.572
2025-07-27T04:00:00.000Z,2.376
2025-07-27T05:00:00.000Z,2.441
2025-07-27T06:00:00.000Z,3.466
2025-07-27T07:00:00.000Z,3.804
2025-07-27T08:00:00.000Z,3.359
2025-07-27T09:00:00.000Z,3.009
2025-07-27T10:00:00.000Z,3.269
2025-07-27T11:00:00.000Z,1.323
2025-07-27T12:00:00.000Z,0.885
2025-07-27T13:00:00.000Z,1.565
2025-07-27T14:00:00.000Z,2.799
2025-07-27T15:00:00.000Z,3.802
2025-07-27T16:00:00.000Z,4.528
2025-07-27T17:00:00.000Z,4.096
2025-07-27T18:00:00.000Z,3.979
2025-07-27T19:00:00.000Z,3.501
2025-07-27T20:00:00.000Z,1.350
2025-07-27T21:00:00.000Z,0.965
2025-07-27T22:00:00.000Z,0.832
2025-07-27T23:00:00.000Z,0.820
2025-07-28T00:00:00.000Z,0.812
2025-07-28T01:00:00.000Z,0.786
2025-07-28T02:00:00.000Z,0.982
2025-07-28T03:00:00.000Z,1.293
2025-07-28T04:00:00.000Z,2.312
2025-07-28T05:00:00.000Z,3.540
2025-07-28T06:00:00.000Z,3.102
2025-07-28T07:00:00.000Z,2.355
2025-07-28T08:00:00.000Z,2.450
2025-07-28T09:00:00.000Z,2.399
2025-07-28T10:00:00.000Z,2.257
2025-07-28T11:00:00.000Z,3.058
2025-07-28T12:00:00.000Z,5.151
2025-07-28T13:00:00.000Z,5.234
2025-07-28T14:00:00.000Z,6.302
2025-07-28T15:00:00.000Z,5.229
2025-07-28T16:00:00.000Z,5.345
2025-07-28T17:00:00.000Z,5.442
2025-07-28T18:00:00.000Z,5.134
2025-07-28T19:00:00.000Z,4.701
2025-07-28T20:00:00.000Z,4.100
2025-07-28T21:00:00.000Z,1.743
2025-07-28T22:00:00.000Z,1.755
2025-07-28T23:00:00.000Z,0.948
2025-07-29T00:00:00.000Z,0.617
2025-07-29T01:00:00.000Z,0.542
2025-07-29T02:00:00.000Z,0.533
2025-07-29T03:00:00.000Z,0.621
2025-07-29T04:00:00.000Z,0.659
2025-07-29T05:00:00.000Z,0.987
2025-07-29T06:00:00.000Z,1.051
2025-07-29T07:00:00.000Z,1.812
2025-07-29T08:00:00.000Z,1.440
2025-07-29T09:00:00.000Z,0.844
2025-07-29T10:00:00.000Z,0.906
2025-07-29T11:00:00.000Z,0.471
2025-07-29T12:00:00.000Z,0.359
2025-07-29T13:00:00.000Z,0.633
2025-07-29T14:00:00.000Z,0.977
2025-07-29T15:00:00.000Z,1.421
2025-07-29T16:00:00.000Z,1.611
2025-07-29T17:00:00.000Z,2.724
2025-07-29T18:00:00.000Z,2.244
2025-07-29T19:00:00.000Z,1.622
2025-07-29T20:00:00.000Z,1.136
2025-07-29T21:00:00.000Z,0.770
2025-07-29T22:00:00.000Z,0.499
2025-07-29T23:00:00.000Z,0.528
2025-07-30T00:00:00.000Z,0.428
2025-07-30T01:00:00.000Z,0.421
2025-07-30T02:00:00.000Z,0.591
2025-07-30T03:00:00.000Z,1.690
2025-07-30T04:00:00.000Z,3.045
2025-07-30T05:00:00.000Z,3.029
2025-07-30T06:00:00.000Z,3.126
2025-07-30T07:00:00.000Z,2.813
2025-07-30T08:00:00.000Z,3.082
2025-07-30T09:00:00.000Z,3.464
2025-07-30T10:00:00.000Z,2.496
2025-07-30T11:00:00.000Z,1.769
2025-07-30T12:00:00.000Z,1.797
2025-07-30T13:00:00.000Z,2.820
2025-07-30T14:00:00.000Z,4.313
2025-07-30T15:00:00.000Z,5.502
2025-07-30T16:00:00.000Z,5.826
2025-07-30T17:00:00.000Z,6.590
2025-07-30T18:00:00.000Z,5.844
2025-07-30T19:00:00.000Z,6.382
2025-07-30T20:00:00.000Z,4.297
2025-07-30T21:00:00.000Z,2.897
2025-07-30T22:00:00.000Z,1.431
2025-07-30T23:00:00.000Z,1.118
2025-07-31T00:00:00.000Z,1.104
2025-07-31T01:00:00.000Z,1.100
2025-07-31T02:00:00.000Z,1.197
2025-07-31T03:00:00.000Z,1.349
2025-07-31T04:00:00.000Z,1.623
2025-07-31T05:00:00.000Z,3.404
2025-07-31T06:00:00.000Z,4.862
2025-07-31T07:00:00.000Z,3.234
2025-07-31T08:00:00.000Z,4.371
2025-07-31T09:00:00.000Z,3.601
2025-07-31T10:00:00.000Z,3.501
2025-07-31T11:00:00.000Z,3.036
2025-07-31T12:00:00.000Z,3.317
2025-07-31T13:00:00.000Z,4.708
2025-07-31T14:00:00.000Z,4.984
2025-07-31T15:00:00.000Z,4.779
2025-07-31T16:00:00.000Z,4.923
2025-07-31T17:00:00.000Z,4.701
2025-07-31T18:00:00.000Z,4.792
2025-07-31T19:00:00.000Z,2.976
2025-07-31T20:00:00.000Z,1.584
2025-07-31T21:00:00.000Z,1.400
2025-07-31T22:00:00.000Z,0.767
2025-07-31T23:00:00.000Z,0.769
2025-08-01T00:00:00.000Z,0.787
2025-08-01T01:00:00.000Z,0.800
2025-08-01T02:00:00.000Z,0.816
2025-08-01T03:00:00.000Z,0.894
2025-08-01T04:00:00.000Z,1.443
2025-08-01T05:00:00.000Z,4.071
2025-08-01T06:00:00.000Z,4.373
2025-08-01T07:00:00.000Z,4.096
2025-08-01T08:00:00.000Z,3.822
2025-08-01T09:00:00.000Z,3.748
2025-08-01T10:00:00.000Z,1.172
2025-08-01T11:00:00.000Z,1.258
2025-08-01T12:00:00.000Z,1.341
2025-08-01T13:00:00.000Z,1.255
2025-08-01T14:00:00.000Z,1.224
2025-08-01T15:00:00.000Z,1.378
2025-08-01T16:00:00.000Z,3.508
2025-08-01T17:00:00.000Z,2.714
2025-08-01T18:00:00.000Z,1.043
2025-08-01T19:00:00.000Z,0.799
2025-08-01T20:00:00.000Z,0.699
2025-08-01T21:00:00.000Z,0.550
2025-08-01T22:00:00.000Z,0.502
2025-08-01T23:00:00.000Z,0.492
2025-08-02T00:00:00.000Z,0.500
2025-08-02T01:00:00.000Z,0.465
2025-08-02T02:00:00.000Z,0.448
2025-08-02T03:00:00.000Z,0.471
2025-08-02T04:00:00.000Z,0.494
2025-08-02T05:00:00.000Z,0.667
2025-08-02T06:00:00.000Z,1.939
2025-08-02T07:00:00.000Z,0.699
2025-08-02T08:00:00.000Z,1.143
2025-08-02T09:00:00.000Z,0.554
2025-08-02T10:00:00.000Z,0.400
2025-08-02T11:00:00.000Z,0.306
2025-08-02T12:00:00.000Z,0.378
2025-08-02T13:00:00.000Z,0.438
2025-08-02T14:00:00.000Z,2.077
2025-08-02T15:00:00.000Z,3.400
2025-08-02T16:00:00.000Z,3.507
2025-08-02T17:00:00.000Z,3.299
2025-08-02T18:00:00.000Z,1.183
2025-08-02T19:00:00.000Z,3.225
2025-08-02T20:00:00.000Z,0.892
2025-08-02T21:00:00.000Z,0.643
2025-08-02T22:00:00.000Z,0.455
2025-08-02T23:00:00.000Z,0.440
2025-08-03T00:00:00.000Z,0.411
2025-08-03T01:00:00.000Z,0.404
2025-08-03T02:00:00.000Z,0.410
2025-08-03T03:00:00.000Z,0.424
2025-08-03T04:00:00.000Z,0.484
2025-08-03T05:00:00.000Z,0.504
2025-08-03T06:00:00.000Z,0.412
2025-08-03T07:00:00.000Z,0.225
2025-08-03T08:00:00.000Z,0.124
2025-08-03T09:00:00.000Z,0.081
2025-08-03T10:00:00.000Z,0.030
2025-08-03T11:00:00.000Z,0.100
2025-08-03T12:00:00.000Z,0.168
2025-08-03T13:00:00.000Z,0.235
2025-08-03T14:00:00.000Z,0.347
2025-08-03T15:00:00.000Z,2.800
2025-08-03T16:00:00.000Z,5.247
2025-08-03T17:00:00.000Z,5.225
2025-08-03T18:00:00.000Z,4.047
2025-08-03T19:00:00.000Z,4.419
2025-08-03T20:00:00.000Z,2.943
2025-08-03T21:00:00.000Z,0.416
2025-08-03T22:00:00.000Z,0.243
2025-08-03T23:00:00.000Z,0.223
2025-08-04T00:00:00.000Z,0.224
2025-08-04T01:00:00.000Z,0.200
2025-08-04T02:00:00.000Z,0.259
2025-08-04T03:00:00.000Z,0.375
2025-08-04T04:00:00.000Z,0.538
2025-08-04T05:00:00.000Z,1.001
2025-08-04T06:00:00.000Z,0.999
2025-08-04T07:00:00.000Z,0.581
2025-08-04T08:00:00.000Z,0.473
2025-08-04T09:00:00.000Z,0.442
2025-08-04T10:00:00.000Z,0.417
2025-08-04T11:00:00.000Z,0.391
2025-08-04T12:00:00.000Z,0.361
2025-08-04T13:00:00.000Z,0.415
2025-08-04T14:00:00.000Z,0.451
2025-08-04T15:00:00.000Z,0.446
2025-08-04T16:00:00.000Z,0.629
2025-08-04T17:00:00.000Z,0.530
2025-08-04T18:00:00.000Z,0.288
2025-08-04T19:00:00.000Z,0.300
2025-08-04T20:00:00.000Z,0.097
2025-08-04T21:00:00.000Z,0.000
2025-08-04T22:00:00.000Z,0.040
2025-08-04T23:00:00.000Z,0.000
2025-08-05T00:00:00.000Z,0.000
2025-08-05T01:00:00.000Z,-0.001
2025-08-05T02:00:00.000Z,0.000
2025-08-05T03:00:00.000Z,0.004
2025-08-05T04:00:00.000Z,0.169
2025-08-05T05:00:00.000Z,0.206
2025-08-05T06:00:00.000Z,0.241
2025-08-05T07:00:00.000Z,0.202
2025-08-05T08:00:00.000Z,0.011
2025-08-05T09:00:00.000Z,-0.011
2025-08-05T10:00:00.000Z,-0.085
2025-08-05T11:00:00.000Z,-0.021
2025-08-05T12:00:00.000Z,-0.011
2025-08-05T13:00:00.000Z,-0.010
2025-08-05T14:00:00.000Z,0.000
2025-08-05T15:00:00.000Z,0.105
2025-08-05T16:00:00.000Z,0.172
2025-08-05T17:00:00.000Z,0.243
2025-08-05T18:00:00.000Z,0.240
2025-08-05T19:00:00.000Z,0.224
2025-08-05T20:00:00.000Z,0.129
2025-08-05T21:00:00.000Z,0.007
2025-08-05T22:00:00.000Z,-0.001
2025-08-05T23:00:00.000Z,-0.007
2025-08-06T00:00:00.000Z,-0.021
2025-08-06T01:00:00.000Z,-0.081
2025-08-06T02:00:00.000Z,-0.012
2025-08-06T03:00:00.000Z,-0.003
2025-08-06T04:00:00.000Z,0.051
2025-08-06T05:00:00.000Z,0.217
2025-08-06T06:00:00.000Z,0.228
2025-08-06T07:00:00.000Z,0.126
2025-08-06T08:00:00.000Z,-0.003
2025-08-06T09:00:00.000Z,-0.106
2025-08-06T10:00:00.000Z,-0.218
2025-08-06T11:00:00.000Z,-0.306
2025-08-06T12:00:00.000Z,-0.243
2025-08-06T13:00:00.000Z,-0.107
2025-08-06T14:00:00.000Z,-0.001
2025-08-06T15:00:00.000Z,0.134
2025-08-06T16:00:00.000Z,0.265
2025-08-06T17:00:00.000Z,0.230
2025-08-06T18:00:00.000Z,0.219
2025-08-06T19:00:00.000Z,0.193
2025-08-06T20:00:00.000Z,0.151
2025-08-06T21:00:00.000Z,0.124
2025-08-06T22:00:00.000Z,0.000
2025-08-06T23:00:00.000Z,-0.002
2025-08-07T00:00:00.000Z,-0.002
2025-08-07T01:00:00.000Z,-0.002
2025-08-07T02:00:00.000Z,0.000
2025-08-07T03:00:00.000Z,0.221
2025-08-07T04:00:00.000Z,0.400
2025-08-07T05:00:00.000Z,0.409
2025-08-07T06:00:00.000Z,0.492
2025-08-07T07:00:00.000Z,0.399
2025-08-07T08:00:00.000Z,0.411
2025-08-07T09:00:00.000Z,0.275
2025-08-07T10:00:00.000Z,0.142
2025-08-07T11:00:00.000Z,0.111
2025-08-07T12:00:00.000Z,0.200
2025-08-07T13:00:00.000Z,0.288
2025-08-07T14:00:00.000Z,0.427
2025-08-07T15:00:00.000Z,0.539
2025-08-07T16:00:00.000Z,0.632
2025-08-07T17:00:00.000Z,0.702
2025-08-07T18:00:00.000Z,0.607
2025-08-07T19:00:00.000Z,0.540
2025-08-07T20:00:00.000Z,0.401
2025-08-07T21:00:00.000Z,0.315
2025-08-07T22:00:00.000Z,0.327
2025-08-07T23:00:00.000Z,0.365
2025-08-08T00:00:00.000Z,0.385
2025-08-08T01:00:00.000Z,0.393
2025-08-08T02:00:00.000Z,0.410
2025-08-08T03:00:00.000Z,0.703
2025-08-08T04:00:00.000Z,4.791
2025-08-08T05:00:00.000Z,8.971
2025-08-08T06:00:00.000Z,9.042
2025-08-08T07:00:00.000Z,6.713
2025-08-08T08:00:00.000Z,5.063
2025-08-08T09:00:00.000Z,4.999
2025-08-08T10:00:00.000Z,8.758
2025-08-08T11:00:00.000Z,8.492
2025-08-08T12:00:00.000Z,8.492
2025-08-08T13:00:00.000Z,11.464
2025-08-08T14:00:00.000Z,6.506
2025-08-08T15:00:00.000Z,7.706
2025-08-08T16:00:00.000Z,10.578
2025-08-08T17:00:00.000Z,15.015
2025-08-08T18:00:00.000Z,10.382
2025-08-08T19:00:00.000Z,10.305
2025-08-08T20:00:00.000Z,5.059
2025-08-08T21:00:00.000Z,0.302
2025-08-08T22:00:00.000Z,0.272
2025-08-08T23:00:00.000Z,0.251
2025-08-09T00:00:00.000Z,0.250
2025-08-09T01:00:00.000Z,0.291
2025-08-09T02:00:00.000Z,0.360
2025-08-09T03:00:00.000Z,0.478
2025-08-09T04:00:00.000Z,0.586
2025-08-09T05:00:00.000Z,1.701
2025-08-09T06:00:00.000Z,3.811
2025-08-09T07:00:00.000Z,1.156
2025-08-09T08:00:00.000Z,0.254
2025-08-09T09:00:00.000Z,0.008
2025-08-09T10:00:00.000Z,0.070
2025-08-09T11:00:00.000Z,-0.006
2025-08-09T12:00:00.000Z,0.006
2025-08-09T13:00:00.000Z,0.150
2025-08-09T14:00:00.000Z,1.702
2025-08-09T15:00:00.000Z,4.996
2025-08-09T16:00:00.000Z,7.999
2025-08-09T17:00:00.000Z,8.747
2025-08-09T18:00:00.000Z,6.169
2025-08-09T19:00:00.000Z,3.437
2025-08-09T20:00:00.000Z,0.334
2025-08-09T21:00:00.000Z,0.279
2025-08-09T22:00:00.000Z,0.378
2025-08-09T23:00:00.000Z,0.357
2025-08-10T00:00:00.000Z,0.436
2025-08-10T01:00:00.000Z,0.453
2025-08-10T02:00:00.000Z,0.350
2025-08-10T03:00:00.000Z,0.438
2025-08-10T04:00:00.000Z,0.512
2025-08-10T05:00:00.000Z,0.680
2025-08-10T06:00:00.000Z,0.713
2025-08-10T07:00:00.000Z,0.277
2025-08-10T08:00:00.000Z,0.003
2025-08-10T09:00:00.000Z,0.000
2025-08-10T10:00:00.000Z,0.001
2025-08-10T11:00:00.000Z,0.002
2025-08-10T12:00:00.000Z,0.125
2025-08-10T13:00:00.000Z,0.829
2025-08-10T14:00:00.000Z,0.600
2025-08-10T15:00:00.000Z,3.003
2025-08-10T16:00:00.000Z,6.640
2025-08-10T17:00:00.000Z,6.861
2025-08-10T18:00:00.000Z,6.524
2025-08-10T19:00:00.000Z,6.746
2025-08-10T20:00:00.000Z,6.779
2025-08-10T21:00:00.000Z,0.999
2025-08-10T22:00:00.000Z,0.294
2025-08-10T23:00:00.000Z,0.241
2025-08-11T00:00:00.000Z,0.248
2025-08-11T01:00:00.000Z,0.268
2025-08-11T02:00:00.000Z,0.323
2025-08-11T03:00:00.000Z,0.389
2025-08-11T04:00:00.000Z,8.831
2025-08-11T05:00:00.000Z,9.327
2025-08-11T06:00:00.000Z,10.149
2025-08-11T07:00:00.000Z,8.243
2025-08-11T08:00:00.000Z,4.010
2025-08-11T09:00:00.000Z,3.069
2025-08-11T10:00:00.000Z,2.801
2025-08-11T11:00:00.000Z,2.799
2025-08-11T12:00:00.000Z,2.108
2025-08-11T13:00:00.000Z,4.004
2025-08-11T14:00:00.000Z,6.505
2025-08-11T15:00:00.000Z,9.197
2025-08-11T16:00:00.000Z,13.431
2025-08-11T17:00:00.000Z,15.370
2025-08-11T18:00:00.000Z,15.375
2025-08-11T19:00:00.000Z,14.108
2025-08-11T20:00:00.000Z,8.211
2025-08-11T21:00:00.000Z,3.813
2025-08-11T22:00:00.000Z,6.779
2025-08-11T23:00:00.000Z,4.998
2025-08-12T00:00:00.000Z,3.801
2025-08-12T01:00:00.000Z,3.800
2025-08-12T02:00:00.000Z,5.000
2025-08-12T03:00:00.000Z,9.499
2025-08-12T04:00:00.000Z,6.930
2025-08-12T05:00:00.000Z,11.874
2025-08-12T06:00:00.000Z,12.398
2025-08-12T07:00:00.000Z,9.070
2025-08-12T08:00:00.000Z,11.180
2025-08-12T09:00:00.000Z,9.128
2025-08-12T10:00:00.000Z,7.125
2025-08-12T11:00:00.000Z,7.765
2025-08-12T12:00:00.000Z,8.676
2025-08-12T13:00:00.000Z,10.787
2025-08-12T14:00:00.000Z,9.972
2025-08-12T15:00:00.000Z,10.066
2025-08-12T16:00:00.000Z,14.696
2025-08-12T17:00:00.000Z,18.028
2025-08-12T18:00:00.000Z,17.842
2025-08-12T19:00:00.000Z,14.876
2025-08-12T20:00:00.000Z,11.195
2025-08-12T21:00:00.000Z,9.772
2025-08-12T22:00:00.000Z,5.113
2025-08-12T23:00:00.000Z,7.471
2025-08-13T00:00:00.000Z,7.596
2025-08-13T01:00:00.000Z,7.309
2025-08-13T02:00:00.000Z,7.394
2025-08-13T03:00:00.000Z,10.092
2025-08-13T04:00:00.000Z,13.824
2025-08-13T05:00:00.000Z,15.000
2025-08-13T06:00:00.000Z,14.176
2025-08-13T07:00:00.000Z,9.359
2025-08-13T08:00:00.000Z,8.928
2025-08-13T09:00:00.000Z,7.390
2025-08-13T10:00:00.000Z,4.999
2025-08-13T11:00:00.000Z,3.806
2025-08-13T12:00:00.000Z,5.686
2025-08-13T13:00:00.000Z,6.339
2025-08-13T14:00:00.000Z,7.743
2025-08-13T15:00:00.000Z,10.692
2025-08-13T16:00:00.000Z,14.321
2025-08-13T17:00:00.000Z,22.285
2025-08-13T18:00:00.000Z,18.039
2025-08-13T19:00:00.000Z,14.654
2025-08-13T20:00:00.000Z,11.992
2025-08-13T21:00:00.000Z,7.184
2025-08-13T22:00:00.000Z,11.999
2025-08-13T23:00:00.000Z,9.735
2025-08-14T00:00:00.000Z,8.422
2025-08-14T01:00:00.000Z,7.801
2025-08-14T02:00:00.000Z,7.791
2025-08-14T03:00:00.000Z,11.375
2025-08-14T04:00:00.000Z,11.993
2025-08-14T05:00:00.000Z,10.877
2025-08-14T06:00:00.000Z,11.990
2025-08-14T07:00:00.000Z,9.177
2025-08-14T08:00:00.000Z,8.420
2025-08-14T09:00:00.000Z,7.805
2025-08-14T10:00:00.000Z,7.809
2025-08-14T11:00:00.000Z,4.997
2025-08-14T12:00:00.000Z,6.006
2025-08-14T13:00:00.000Z,7.976
2025-08-14T14:00:00.000Z,9.982
2025-08-14T15:00:00.000Z,10.478
2025-08-14T16:00:00.000Z,15.246
2025-08-14T17:00:00.000Z,16.383
2025-08-14T18:00:00.000Z,10.470
2025-08-14T19:00:00.000Z,0.799
2025-08-14T20:00:00.000Z,0.001
2025-08-14T21:00:00.000Z,-0.003
2025-08-14T22:00:00.000Z,-0.097
2025-08-14T23:00:00.000Z,-0.172
2025-08-15T00:00:00.000Z,-0.500
2025-08-15T01:00:00.000Z,-0.632
2025-08-15T02:00:00.000Z,-0.248
2025-08-15T03:00:00.000Z,-0.011
2025-08-15T04:00:00.000Z,0.000
2025-08-15T05:00:00.000Z,0.400
2025-08-15T06:00:00.000Z,4.715
2025-08-15T07:00:00.000Z,2.075
2025-08-15T08:00:00.000Z,0.451
2025-08-15T09:00:00.000Z,0.301
2025-08-15T10:00:00.000Z,0.106
2025-08-15T11:00:00.000Z,0.060
2025-08-15T12:00:00.000Z,0.001
2025-08-15T13:00:00.000Z,0.052
2025-08-15T14:00:00.000Z,0.000
2025-08-15T15:00:00.000Z,-0.083
2025-08-15T16:00:00.000Z,-0.084
2025-08-15T17:00:00.000Z,-0.100
2025-08-15T18:00:00.000Z,-0.101
2025-08-15T19:00:00.000Z,-0.083
2025-08-15T20:00:00.000Z,-0.101
2025-08-15T21:00:00.000Z,-0.243
2025-08-15T22:00:00.000Z,0.239
2025-08-15T23:00:00.000Z,0.241
2025-08-16T00:00:00.000Z,0.224
2025-08-16T01:00:00.000Z,0.200
2025-08-16T02:00:00.000Z,0.151
2025-08-16T03:00:00.000Z,0.227
2025-08-16T04:00:00.000Z,0.272
2025-08-16T05:00:00.000Z,0.282
2025-08-16T06:00:00.000Z,0.277
2025-08-16T07:00:00.000Z,0.278
2025-08-16T08:00:00.000Z,0.351
2025-08-16T09:00:00.000Z,0.274
2025-08-16T10:00:00.000Z,0.062
2025-08-16T11:00:00.000Z,0.001
2025-08-16T12:00:00.000Z,0.007
2025-08-16T13:00:00.000Z,0.052
2025-08-16T14:00:00.000Z,0.300
2025-08-16T15:00:00.000Z,0.800
2025-08-16T16:00:00.000Z,2.083
2025-08-16T17:00:00.000Z,0.799
2025-08-16T18:00:00.000Z,0.292
2025-08-16T19:00:00.000Z,0.312
2025-08-16T20:00:00.000Z,0.268
2025-08-16T21:00:00.000Z,0.229
2025-08-16T22:00:00.000Z,0.126
2025-08-16T23:00:00.000Z,0.044
2025-08-17T00:00:00.000Z,0.005
2025-08-17T01:00:00.000Z,0.002
2025-08-17T02:00:00.000Z,0.000
2025-08-17T03:00:00.000Z,0.203
2025-08-17T04:00:00.000Z,0.292
2025-08-17T05:00:00.000Z,0.299
2025-08-17T06:00:00.000Z,0.356
2025-08-17T07:00:00.000Z,0.313
2025-08-17T08:00:00.000Z,0.224
2025-08-17T09:00:00.000Z,0.160
2025-08-17T10:00:00.000Z,0.051
2025-08-17T11:00:00.000Z,0.022
2025-08-17T12:00:00.000Z,0.126
2025-08-17T13:00:00.000Z,0.243
2025-08-17T14:00:00.000Z,0.499
2025-08-17T15:00:00.000Z,0.553
2025-08-17T16:00:00.000Z,0.609
2025-08-17T17:00:00.000Z,0.661
2025-08-17T18:00:00.000Z,0.653
2025-08-17T19:00:00.000Z,0.620
2025-08-17T20:00:00.000Z,0.592
2025-08-17T21:00:00.000Z,0.580
2025-08-17T22:00:00.000Z,0.544
2025-08-17T23:00:00.000Z,0.550
2025-08-18T00:00:00.000Z,0.562
2025-08-18T01:00:00.000Z,0.592
2025-08-18T02:00:00.000Z,3.500
2025-08-18T03:00:00.000Z,9.904
2025-08-18T04:00:00.000Z,16.300
2025-08-18T05:00:00.000Z,17.602
2025-08-18T06:00:00.000Z,16.818
2025-08-18T07:00:00.000Z,12.213
2025-08-18T08:00:00.000Z,10.928
2025-08-18T09:00:00.000Z,10.782
2025-08-18T10:00:00.000Z,10.475
2025-08-18T11:00:00.000Z,8.000
2025-08-18T12:00:00.000Z,6.460
2025-08-18T13:00:00.000Z,6.278
2025-08-18T14:00:00.000Z,7.831
2025-08-18T15:00:00.000Z,8.880
2025-08-18T16:00:00.000Z,9.608
2025-08-18T17:00:00.000Z,7.692
2025-08-18T18:00:00.000Z,3.601
2025-08-18T19:00:00.000Z,1.836
2025-08-18T20:00:00.000Z,0.434
2025-08-18T21:00:00.000Z,0.212
2025-08-18T22:00:00.000Z,0.164
2025-08-18T23:00:00.000Z,0.125
2025-08-19T00:00:00.000Z,0.033
2025-08-19T01:00:00.000Z,0.017
2025-08-19T02:00:00.000Z,0.026
2025-08-19T03:00:00.000Z,0.183
2025-08-19T04:00:00.000Z,0.464
2025-08-19T05:00:00.000Z,1.378
2025-08-19T06:00:00.000Z,0.616
2025-08-19T07:00:00.000Z,0.399
2025-08-19T08:00:00.000Z,0.373
2025-08-19T09:00:00.000Z,0.500
2025-08-19T10:00:00.000Z,0.592
2025-08-19T11:00:00.000Z,0.507
2025-08-19T12:00:00.000Z,0.605
2025-08-19T13:00:00.000Z,0.573
2025-08-19T14:00:00.000Z,0.451
2025-08-19T15:00:00.000Z,1.083
2025-08-19T16:00:00.000Z,6.853
2025-08-19T17:00:00.000Z,6.996
2025-08-19T18:00:00.000Z,6.607
2025-08-19T19:00:00.000Z,6.972
2025-08-19T20:00:00.000Z,4.721
2025-08-19T21:00:00.000Z,0.370
2025-08-19T22:00:00.000Z,0.326
2025-08-19T23:00:00.000Z,0.300
2025-08-20T00:00:00.000Z,0.275
2025-08-20T01:00:00.000Z,0.299
2025-08-20T02:00:00.000Z,0.323
2025-08-20T03:00:00.000Z,0.394
2025-08-20T04:00:00.000Z,3.201
2025-08-20T05:00:00.000Z,6.220
2025-08-20T06:00:00.000Z,7.999
2025-08-20T07:00:00.000Z,6.917
2025-08-20T08:00:00.000Z,2.143
2025-08-20T09:00:00.000Z,2.500
2025-08-20T10:00:00.000Z,1.787
2025-08-20T11:00:00.000Z,1.908
2025-08-20T12:00:00.000Z,1.987
2025-08-20T13:00:00.000Z,3.751
2025-08-20T14:00:00.000Z,7.825
2025-08-20T15:00:00.000Z,8.458
2025-08-20T16:00:00.000Z,10.061
2025-08-20T17:00:00.000Z,10.815
2025-08-20T18:00:00.000Z,9.515
2025-08-20T19:00:00.000Z,9.724
2025-08-20T20:00:00.000Z,7.178
2025-08-20T21:00:00.000Z,3.106
2025-08-20T22:00:00.000Z,7.853
2025-08-20T23:00:00.000Z,6.459
2025-08-21T00:00:00.000Z,6.393
2025-08-21T01:00:00.000Z,6.221
2025-08-21T02:00:00.000Z,6.718
2025-08-21T03:00:00.000Z,14.566
2025-08-21T04:00:00.000Z,16.583
2025-08-21T05:00:00.000Z,22.207
2025-08-21T06:00:00.000Z,22.400
2025-08-21T07:00:00.000Z,16.212
2025-08-21T08:00:00.000Z,14.999
2025-08-21T09:00:00.000Z,11.338
2025-08-21T10:00:00.000Z,11.745
2025-08-21T11:00:00.000Z,12.337
2025-08-21T12:00:00.000Z,11.467
2025-08-21T13:00:00.000Z,11.554
2025-08-21T14:00:00.000Z,15.957
2025-08-21T15:00:00.000Z,19.255
2025-08-21T16:00:00.000Z,27.000
2025-08-21T17:00:00.000Z,24.991
2025-08-21T18:00:00.000Z,17.996
2025-08-21T19:00:00.000Z,18.724
2025-08-21T20:00:00.000Z,13.266
2025-08-21T21:00:00.000Z,10.170
2025-08-21T22:00:00.000Z,10.004
2025-08-21T23:00:00.000Z,8.326
2025-08-22T00:00:00.000Z,7.998
2025-08-22T01:00:00.000Z,7.635
2025-08-22T02:00:00.000Z,8.156
2025-08-22T03:00:00.000Z,14.794
2025-08-22T04:00:00.000Z,19.670
2025-08-22T05:00:00.000Z,21.513
2025-08-22T06:00:00.000Z,30.000
2025-08-22T07:00:00.000Z,31.137
2025-08-22T08:00:00.000Z,24.865
2025-08-22T09:00:00.000Z,24.419
2025-08-22T10:00:00.000Z,17.586
2025-08-22T11:00:00.000Z,15.617
2025-08-22T12:00:00.000Z,19.999
2025-08-22T13:00:00.000Z,22.623
2025-08-22T14:00:00.000Z,28.492
2025-08-22T15:00:00.000Z,34.955
2025-08-22T16:00:00.000Z,46.752
2025-08-22T17:00:00.000Z,32.937
2025-08-22T18:00:00.000Z,25.799
2025-08-22T19:00:00.000Z,24.999
2025-08-22T20:00:00.000Z,12.008
2025-08-22T21:00:00.000Z,9.441
2025-08-22T22:00:00.000Z,8.247
2025-08-22T23:00:00.000Z,7.978
2025-08-23T00:00:00.000Z,7.818
2025-08-23T01:00:00.000Z,7.992
2025-08-23T02:00:00.000Z,8.313
2025-08-23T03:00:00.000Z,8.556
2025-08-23T04:00:00.000Z,8.663
2025-08-23T05:00:00.000Z,8.678
2025-08-23T06:00:00.000Z,9.543
2025-08-23T07:00:00.000Z,9.048
2025-08-23T08:00:00.000Z,8.106
2025-08-23T09:00:00.000Z,4.506
2025-08-23T10:00:00.000Z,2.878
2025-08-23T11:00:00.000Z,2.219
2025-08-23T12:00:00.000Z,2.084
2025-08-23T13:00:00.000Z,4.508
2025-08-23T14:00:00.000Z,8.744
2025-08-23T15:00:00.000Z,9.705
2025-08-23T16:00:00.000Z,11.539
2025-08-23T17:00:00.000Z,12.874
2025-08-23T18:00:00.000Z,12.744
2025-08-23T19:00:00.000Z,12.039
2025-08-23T20:00:00.000Z,11.116
2025-08-23T21:00:00.000Z,8.875
2025-08-23T22:00:00.000Z,8.693
2025-08-23T23:00:00.000Z,8.368
2025-08-24T00:00:00.000Z,8.191
2025-08-24T01:00:00.000Z,9.095
2025-08-24T02:00:00.000Z,8.000
2025-08-24T03:00:00.000Z,7.824
2025-08-24T04:00:00.000Z,9.000
2025-08-24T05:00:00.000Z,8.493
2025-08-24T06:00:00.000Z,5.555
2025-08-24T07:00:00.000Z,2.064
2025-08-24T08:00:00.000Z,2.509
2025-08-24T09:00:00.000Z,7.090
2025-08-24T10:00:00.000Z,6.301
2025-08-24T11:00:00.000Z,3.503
2025-08-24T12:00:00.000Z,2.799
2025-08-24T13:00:00.000Z,2.693
2025-08-24T14:00:00.000Z,3.008
2025-08-24T15:00:00.000Z,8.000
2025-08-24T16:00:00.000Z,9.687
2025-08-24T17:00:00.000Z,11.062
2025-08-24T18:00:00.000Z,9.639
2025-08-24T19:00:00.000Z,8.343
2025-08-24T20:00:00.000Z,5.373
2025-08-24T21:00:00.000Z,0.897
2025-08-24T22:00:00.000Z,0.440
2025-08-24T23:00:00.000Z,0.458
2025-08-25T00:00:00.000Z,0.449
2025-08-25T01:00:00.000Z,0.431
2025-08-25T02:00:00.000Z,0.410
2025-08-25T03:00:00.000Z,0.453
2025-08-25T04:00:00.000Z,7.016
2025-08-25T05:00:00.000Z,12.380
2025-08-25T06:00:00.000Z,11.594
2025-08-25T07:00:00.000Z,9.717
2025-08-25T08:00:00.000Z,7.458
2025-08-25T09:00:00.000Z,3.502
2025-08-25T10:00:00.000Z,2.089
2025-08-25T11:00:00.000Z,1.243
2025-08-25T12:00:00.000Z,1.113
2025-08-25T13:00:00.000Z,1.399
2025-08-25T14:00:00.000Z,2.490
2025-08-25T15:00:00.000Z,4.989
2025-08-25T16:00:00.000Z,7.231
2025-08-25T17:00:00.000Z,7.223
2025-08-25T18:00:00.000Z,5.930
2025-08-25T19:00:00.000Z,3.870
2025-08-25T20:00:00.000Z,0.605
2025-08-25T21:00:00.000Z,0.473
2025-08-25T22:00:00.000Z,0.717
2025-08-25T23:00:00.000Z,0.752
2025-08-26T00:00:00.000Z,0.764
2025-08-26T01:00:00.000Z,0.804
2025-08-26T02:00:00.000Z,1.179
2025-08-26T03:00:00.000Z,7.112
2025-08-26T04:00:00.000Z,13.460
2025-08-26T05:00:00.000Z,23.672
2025-08-26T06:00:00.000Z,15.003
2025-08-26T07:00:00.000Z,11.338
2025-08-26T08:00:00.000Z,9.322
2025-08-26T09:00:00.000Z,7.652
2025-08-26T10:00:00.000Z,6.141
2025-08-26T11:00:00.000Z,5.788
2025-08-26T12:00:00.000Z,7.025
2025-08-26T13:00:00.000Z,8.276
2025-08-26T14:00:00.000Z,9.880
2025-08-26T15:00:00.000Z,11.891
2025-08-26T16:00:00.000Z,13.598
2025-08-26T17:00:00.000Z,19.469
2025-08-26T18:00:00.000Z,18.236
2025-08-26T19:00:00.000Z,12.633
2025-08-26T20:00:00.000Z,10.684
2025-08-26T21:00:00.000Z,9.533
2025-08-26T22:00:00.000Z,7.318
2025-08-26T23:00:00.000Z,6.774
2025-08-27T00:00:00.000Z,5.000
2025-08-27T01:00:00.000Z,4.463
2025-08-27T02:00:00.000Z,4.850
2025-08-27T03:00:00.000Z,8.525
2025-08-27T04:00:00.000Z,10.601
2025-08-27T05:00:00.000Z,11.438
2025-08-27T06:00:00.000Z,11.199
2025-08-27T07:00:00.000Z,10.024
2025-08-27T08:00:00.000Z,9.061
2025-08-27T09:00:00.000Z,8.495
2025-08-27T10:00:00.000Z,6.644
2025-08-27T11:00:00.000Z,7.213
2025-08-27T12:00:00.000Z,8.169
2025-08-27T13:00:00.000Z,8.001
2025-08-27T14:00:00.000Z,8.951
2025-08-27T15:00:00.000Z,10.282
2025-08-27T16:00:00.000Z,12.788
2025-08-27T17:00:00.000Z,14.999
2025-08-27T18:00:00.000Z,11.999
2025-08-27T19:00:00.000Z,11.417
2025-08-27T20:00:00.000Z,7.260
2025-08-27T21:00:00.000Z,5.244
2025-08-27T22:00:00.000Z,9.467
2025-08-27T23:00:00.000Z,8.801
2025-08-28T00:00:00.000Z,8.608
2025-08-28T01:00:00.000Z,8.541
2025-08-28T02:00:00.000Z,8.807
2025-08-28T03:00:00.000Z,9.886
2025-08-28T04:00:00.000Z,16.763
2025-08-28T05:00:00.000Z,19.008
2025-08-28T06:00:00.000Z,14.749
2025-08-28T07:00:00.000Z,12.484
2025-08-28T08:00:00.000Z,11.227
2025-08-28T09:00:00.000Z,10.813
2025-08-28T10:00:00.000Z,10.138
2025-08-28T11:00:00.000Z,10.046
2025-08-28T12:00:00.000Z,10.089
2025-08-28T13:00:00.000Z,11.077
2025-08-28T14:00:00.000Z,13.530
2025-08-28T15:00:00.000Z,24.871
2025-08-28T16:00:00.000Z,26.437
2025-08-28T17:00:00.000Z,25.002
2025-08-28T18:00:00.000Z,14.843
2025-08-28T19:00:00.000Z,12.000
2025-08-28T20:00:00.000Z,9.479
2025-08-28T21:00:00.000Z,7.215
2025-08-28T22:00:00.000Z,6.946
2025-08-28T23:00:00.000Z,8.130
2025-08-29T00:00:00.000Z,8.020
2025-08-29T01:00:00.000Z,7.705
2025-08-29T02:00:00.000Z,7.171
2025-08-29T03:00:00.000Z,9.753
2025-08-29T04:00:00.000Z,11.481
2025-08-29T05:00:00.000Z,11.999
2025-08-29T06:00:00.000Z,12.000
2025-08-29T07:00:00.000Z,12.041
2025-08-29T08:00:00.000Z,11.404
2025-08-29T09:00:00.000Z,10.017
2025-08-29T10:00:00.000Z,8.802
2025-08-29T11:00:00.000Z,10.332
2025-08-29T12:00:00.000Z,10.166
2025-08-29T13:00:00.000Z,10.846
2025-08-29T14:00:00.000Z,11.630
2025-08-29T15:00:00.000Z,11.757
2025-08-29T16:00:00.000Z,13.170
2025-08-29T17:00:00.000Z,9.910
2025-08-29T18:00:00.000Z,4.858
2025-08-29T19:00:00.000Z,3.306
2025-08-29T20:00:00.000Z,1.700
2025-08-29T21:00:00.000Z,1.301
2025-08-29T22:00:00.000Z,3.016
2025-08-29T23:00:00.000Z,2.431
2025-08-30T00:00:00.000Z,2.061
2025-08-30T01:00:00.000Z,1.879
2025-08-30T02:00:00.000Z,1.538
2025-08-30T03:00:00.000Z,1.554
2025-08-30T04:00:00.000Z,1.379
2025-08-30T05:00:00.000Z,2.169
2025-08-30T06:00:00.000Z,5.063
2025-08-30T07:00:00.000Z,6.741
2025-08-30T08:00:00.000Z,4.312
2025-08-30T09:00:00.000Z,2.505
2025-08-30T10:00:00.000Z,2.305
2025-08-30T11:00:00.000Z,3.270
2025-08-30T12:00:00.000Z,4.429
2025-08-30T13:00:00.000Z,8.020
2025-08-30T14:00:00.000Z,7.653
2025-08-30T15:00:00.000Z,10.787
2025-08-30T16:00:00.000Z,10.001
2025-08-30T17:00:00.000Z,9.999
2025-08-30T18:00:00.000Z,9.296
2025-08-30T19:00:00.000Z,10.471
2025-08-30T20:00:00.000Z,9.523
2025-08-30T21:00:00.000Z,7.282
2025-08-30T22:00:00.000Z,2.600
2025-08-30T23:00:00.000Z,3.607
2025-08-31T00:00:00.000Z,3.339
2025-08-31T01:00:00.000Z,3.995
2025-08-31T02:00:00.000Z,4.444
2025-08-31T03:00:00.000Z,5.000
2025-08-31T04:00:00.000Z,5.760
2025-08-31T05:00:00.000Z,6.460
2025-08-31T06:00:00.000Z,9.907
2025-08-31T07:00:00.000Z,9.131
2025-08-31T08:00:00.000Z,8.621
2025-08-31T09:00:00.000Z,7.845
2025-08-31T10:00:00.000Z,9.138
2025-08-31T11:00:00.000Z,9.998
2025-08-31T12:00:00.000Z,10.095
2025-08-31T13:00:00.000Z,9.528
2025-08-31T14:00:00.000Z,9.501
2025-08-31T15:00:00.000Z,13.790
2025-08-31T16:00:00.000Z,15.530
2025-08-31T17:00:00.000Z,14.686
2025-08-31T18:00:00.000Z,14.171
2025-08-31T19:00:00.000Z,14.131
2025-08-31T20:00:00.000Z,10.617
2025-08-31T21:00:00.000Z,9.606
2025-08-31T22:00:00.000Z,9.575
2025-08-31T23:00:00.000Z,9.387
2025-09-01T00:00:00.000Z,8.356
2025-09-01T01:00:00.000Z,8.955
2025-09-01T02:00:00.000Z,9.197
2025-09-01T03:00:00.000Z,15.540
2025-09-01T04:00:00.000Z,17.501
2025-09-01T05:00:00.000Z,21.505
2025-09-01T06:00:00.000Z,17.501
2025-09-01T07:00:00.000Z,12.000
2025-09-01T08:00:00.000Z,8.170
2025-09-01T09:00:00.000Z,6.893
2025-09-01T10:00:00.000Z,6.676
2025-09-01T11:00:00.000Z,6.320
2025-09-01T12:00:00.000Z,6.110
2025-09-01T13:00:00.000Z,6.945
2025-09-01T14:00:00.000Z,8.523
2025-09-01T15:00:00.000Z,13.076
2025-09-01T16:00:00.000Z,17.573
2025-09-01T17:00:00.000Z,19.964
2025-09-01T18:00:00.000Z,19.668
2025-09-01T19:00:00.000Z,11.439
2025-09-01T20:00:00.000Z,5.808
2025-09-01T21:00:00.000Z,0.777
2025-09-01T22:00:00.000Z,0.518
2025-09-01T23:00:00.000Z,0.362
2025-09-02T00:00:00.000Z,0.326
2025-09-02T01:00:00.000Z,0.295
2025-09-02T02:00:00.000Z,0.301
2025-09-02T03:00:00.000Z,0.523
2025-09-02T04:00:00.000Z,2.409
2025-09-02T05:00:00.000Z,7.332
2025-09-02T06:00:00.000Z,13.576
2025-09-02T07:00:00.000Z,12.329
2025-09-02T08:00:00.000Z,7.948
2025-09-02T09:00:00.000Z,6.360
2025-09-02T10:00:00.000Z,5.110
2025-09-02T11:00:00.000Z,4.058
2025-09-02T12:00:00.000Z,4.600
2025-09-02T13:00:00.000Z,3.607
2025-09-02T14:00:00.000Z,5.709
2025-09-02T15:00:00.000Z,10.000
2025-09-02T16:00:00.000Z,12.660
2025-09-02T17:00:00.000Z,10.425
2025-09-02T18:00:00.000Z,6.326
2025-09-02T19:00:00.000Z,4.446
2025-09-02T20:00:00.000Z,0.559
2025-09-02T21:00:00.000Z,0.362
2025-09-02T22:00:00.000Z,0.076
2025-09-02T23:00:00.000Z,0.010
2025-09-03T00:00:00.000Z,0.001
2025-09-03T01:00:00.000Z,0.000
2025-09-03T02:00:00.000Z,0.123
2025-09-03T03:00:00.000Z,0.199
2025-09-03T04:00:00.000Z,0.399
2025-09-03T05:00:00.000Z,0.593
2025-09-03T06:00:00.000Z,2.278
2025-09-03T07:00:00.000Z,1.489
2025-09-03T08:00:00.000Z,2.098
2025-09-03T09:00:00.000Z,0.733
2025-09-03T10:00:00.000Z,0.573
2025-09-03T11:00:00.000Z,0.485
2025-09-03T12:00:00.000Z,0.578
2025-09-03T13:00:00.000Z,0.599
2025-09-03T14:00:00.000Z,0.495
2025-09-03T15:00:00.000Z,0.477
2025-09-03T16:00:00.000Z,0.199
2025-09-03T17:00:00.000Z,0.156
2025-09-03T18:00:00.000Z,0.206
2025-09-03T19:00:00.000Z,0.187
2025-09-03T20:00:00.000Z,0.113
2025-09-03T21:00:00.000Z,0.123
2025-09-03T22:00:00.000Z,0.001
2025-09-03T23:00:00.000Z,0.045
2025-09-04T00:00:00.000Z,0.125
2025-09-04T01:00:00.000Z,0.323
2025-09-04T02:00:00.000Z,0.353
2025-09-04T03:00:00.000Z,0.414
2025-09-04T04:00:00.000Z,1.166
2025-09-04T05:00:00.000Z,2.183
2025-09-04T06:00:00.000Z,2.719
2025-09-04T07:00:00.000Z,2.707
2025-09-04T08:00:00.000Z,1.689
2025-09-04T09:00:00.000Z,0.579
2025-09-04T10:00:00.000Z,0.405
2025-09-04T11:00:00.000Z,0.383
2025-09-04T12:00:00.000Z,2.832
2025-09-04T13:00:00.000Z,2.506
2025-09-04T14:00:00.000Z,2.507
2025-09-04T15:00:00.000Z,0.800
2025-09-04T16:00:00.000Z,0.923
2025-09-04T17:00:00.000Z,0.553
2025-09-04T18:00:00.000Z,0.400
2025-09-04T19:00:00.000Z,0.151
2025-09-04T20:00:00.000Z,0.000
2025-09-04T21:00:00.000Z,-0.001
2025-09-04T22:00:00.000Z,-0.100
2025-09-04T23:00:00.000Z,-0.100
2025-09-05T00:00:00.000Z,-0.085
2025-09-05T01:00:00.000Z,-0.020
2025-09-05T02:00:00.000Z,-0.001
2025-09-05T03:00:00.000Z,0.400
2025-09-05T04:00:00.000Z,0.584
2025-09-05T05:00:00.000Z,1.255
2025-09-05T06:00:00.000Z,3.492
2025-09-05T07:00:00.000Z,3.934
2025-09-05T08:00:00.000Z,6.648
2025-09-05T09:00:00.000Z,8.205
2025-09-05T10:00:00.000Z,6.679
2025-09-05T11:00:00.000Z,7.173
2025-09-05T12:00:00.000Z,6.967
2025-09-05T13:00:00.000Z,7.925
2025-09-05T14:00:00.000Z,10.241
2025-09-05T15:00:00.000Z,4.310
2025-09-05T16:00:00.000Z,2.929
2025-09-05T17:00:00.000Z,1.719
2025-09-05T18:00:00.000Z,1.293
2025-09-05T19:00:00.000Z,0.996
2025-09-05T20:00:00.000Z,0.799
2025-09-05T21:00:00.000Z,0.565
2025-09-05T22:00:00.000Z,0.151
2025-09-05T23:00:00.000Z,0.150
2025-09-06T00:00:00.000Z,0.130
2025-09-06T01:00:00.000Z,0.546
2025-09-06T02:00:00.000Z,0.664
2025-09-06T03:00:00.000Z,0.944
2025-09-06T04:00:00.000Z,0.913
2025-09-06T05:00:00.000Z,1.406
2025-09-06T06:00:00.000Z,5.692
2025-09-06T07:00:00.000Z,5.530
2025-09-06T08:00:00.000Z,2.944
2025-09-06T09:00:00.000Z,0.934
2025-09-06T10:00:00.000Z,1.384
2025-09-06T11:00:00.000Z,1.501
2025-09-06T12:00:00.000Z,2.305
2025-09-06T13:00:00.000Z,3.953
2025-09-06T14:00:00.000Z,4.230
2025-09-06T15:00:00.000Z,5.400
2025-09-06T16:00:00.000Z,5.249
2025-09-06T17:00:00.000Z,3.948
2025-09-06T18:00:00.000Z,2.509
2025-09-06T19:00:00.000Z,1.648
2025-09-06T20:00:00.000Z,0.825
2025-09-06T21:00:00.000Z,0.577
2025-09-06T22:00:00.000Z,0.549
2025-09-06T23:00:00.000Z,0.540
2025-09-07T00:00:00.000Z,0.584
2025-09-07T01:00:00.000Z,0.608
2025-09-07T02:00:00.000Z,0.577
2025-09-07T03:00:00.000Z,0.722
2025-09-07T04:00:00.000Z,0.645
2025-09-07T05:00:00.000Z,1.235
2025-09-07T06:00:00.000Z,1.089
2025-09-07T07:00:00.000Z,0.683
2025-09-07T08:00:00.000Z,0.879
2025-09-07T09:00:00.000Z,0.761
2025-09-07T10:00:00.000Z,0.372
2025-09-07T11:00:00.000Z,0.378
2025-09-07T12:00:00.000Z,0.404
2025-09-07T13:00:00.000Z,0.687
2025-09-07T14:00:00.000Z,1.905
2025-09-07T15:00:00.000Z,2.869
2025-09-07T16:00:00.000Z,8.069
2025-09-07T17:00:00.000Z,6.618
2025-09-07T18:00:00.000Z,2.986
2025-09-07T19:00:00.000Z,2.000
2025-09-07T20:00:00.000Z,1.672
2025-09-07T21:00:00.000Z,1.391
2025-09-07T22:00:00.000Z,1.488
2025-09-07T23:00:00.000Z,1.737
2025-09-08T00:00:00.000Z,2.000
2025-09-08T01:00:00.000Z,3.159
2025-09-08T02:00:00.000Z,3.247
2025-09-08T03:00:00.000Z,7.301
2025-09-08T04:00:00.000Z,10.849
2025-09-08T05:00:00.000Z,13.993
2025-09-08T06:00:00.000Z,12.294
2025-09-08T07:00:00.000Z,10.485
2025-09-08T08:00:00.000Z,9.236
2025-09-08T09:00:00.000Z,8.151
2025-09-08T10:00:00.000Z,7.122
2025-09-08T11:00:00.000Z,6.623
2025-09-08T12:00:00.000Z,7.393
2025-09-08T13:00:00.000Z,8.928
2025-09-08T14:00:00.000Z,10.099
2025-09-08T15:00:00.000Z,14.643
2025-09-08T16:00:00.000Z,25.321
2025-09-08T17:00:00.000Z,29.994
2025-09-08T18:00:00.000Z,24.842
2025-09-08T19:00:00.000Z,14.523
2025-09-08T20:00:00.000Z,9.772
2025-09-08T21:00:00.000Z,9.279
2025-09-08T22:00:00.000Z,8.121
2025-09-08T23:00:00.000Z,4.301
2025-09-09T00:00:00.000Z,2.509
2025-09-09T01:00:00.000Z,4.041
2025-09-09T02:00:00.000Z,7.302
2025-09-09T03:00:00.000Z,10.224
2025-09-09T04:00:00.000Z,14.912
2025-09-09T05:00:00.000Z,25.262
2025-09-09T06:00:00.000Z,19.834
2025-09-09T07:00:00.000Z,13.450
2025-09-09T08:00:00.000Z,10.712
2025-09-09T09:00:00.000Z,9.598
2025-09-09T10:00:00.000Z,8.515
2025-09-09T11:00:00.000Z,8.499
2025-09-09T12:00:00.000Z,8.798
2025-09-09T13:00:00.000Z,9.550
2025-09-09T14:00:00.000Z,10.637
2025-09-09T15:00:00.000Z,14.431
2025-09-09T16:00:00.000Z,16.794
2025-09-09T17:00:00.000Z,26.523
2025-09-09T18:00:00.000Z,14.563
2025-09-09T19:00:00.000Z,10.025
2025-09-09T20:00:00.000Z,6.682
2025-09-09T21:00:00.000Z,2.824
2025-09-09T22:00:00.000Z,1.321
2025-09-09T23:00:00.000Z,1.112
2025-09-10T00:00:00.000Z,1.149
2025-09-10T01:00:00.000Z,1.005
2025-09-10T02:00:00.000Z,1.271
2025-09-10T03:00:00.000Z,3.963
2025-09-10T04:00:00.000Z,8.684
2025-09-10T05:00:00.000Z,16.053
2025-09-10T06:00:00.000Z,12.964
2025-09-10T07:00:00.000Z,13.003
2025-09-10T08:00:00.000Z,10.085
2025-09-10T09:00:00.000Z,6.149
2025-09-10T10:00:00.000Z,3.425
2025-09-10T11:00:00.000Z,3.300
2025-09-10T12:00:00.000Z,3.256
2025-09-10T13:00:00.000Z,6.128
2025-09-10T14:00:00.000Z,9.750
2025-09-10T15:00:00.000Z,11.999
2025-09-10T16:00:00.000Z,12.329
2025-09-10T17:00:00.000Z,11.845
2025-09-10T18:00:00.000Z,4.530
2025-09-10T19:00:00.000Z,0.587
2025-09-10T20:00:00.000Z,0.496
2025-09-10T21:00:00.000Z,0.499
2025-09-10T22:00:00.000Z,0.338
2025-09-10T23:00:00.000Z,0.246
2025-09-11T00:00:00.000Z,0.199
2025-09-11T01:00:00.000Z,0.254
2025-09-11T02:00:00.000Z,0.230
2025-09-11T03:00:00.000Z,0.275
2025-09-11T04:00:00.000Z,0.426
2025-09-11T05:00:00.000Z,0.732
2025-09-11T06:00:00.000Z,2.729
2025-09-11T07:00:00.000Z,3.095
2025-09-11T08:00:00.000Z,0.799
2025-09-11T09:00:00.000Z,0.500
2025-09-11T10:00:00.000Z,0.400
2025-09-11T11:00:00.000Z,0.295
2025-09-11T12:00:00.000Z,0.306
2025-09-11T13:00:00.000Z,0.340
2025-09-11T14:00:00.000Z,0.500
2025-09-11T15:00:00.000Z,0.342
2025-09-11T16:00:00.000Z,0.455
2025-09-11T17:00:00.000Z,0.343
2025-09-11T18:00:00.000Z,0.207
2025-09-11T19:00:00.000Z,0.136
2025-09-11T20:00:00.000Z,0.058
2025-09-11T21:00:00.000Z,0.002
2025-09-11T22:00:00.000Z,-0.002
2025-09-11T23:00:00.000Z,-0.001
2025-09-12T00:00:00.000Z,-0.001
2025-09-12T01:00:00.000Z,-0.001
2025-09-12T02:00:00.000Z,-0.001
2025-09-12T03:00:00.000Z,0.001
2025-09-12T04:00:00.000Z,0.200
2025-09-12T05:00:00.000Z,0.354
2025-09-12T06:00:00.000Z,0.442
2025-09-12T07:00:00.000Z,0.429
2025-09-12T08:00:00.000Z,0.408
2025-09-12T09:00:00.000Z,0.399
2025-09-12T10:00:00.000Z,0.381
2025-09-12T11:00:00.000Z,0.375
2025-09-12T12:00:00.000Z,0.312
2025-09-12T13:00:00.000Z,0.379
2025-09-12T14:00:00.000Z,0.406
2025-09-12T15:00:00.000Z,0.491
2025-09-12T16:00:00.000Z,0.443
2025-09-12T17:00:00.000Z,0.405
2025-09-12T18:00:00.000Z,0.410
2025-09-12T19:00:00.000Z,0.407
2025-09-12T20:00:00.000Z,0.302
2025-09-12T21:00:00.000Z,0.283
2025-09-12T22:00:00.000Z,0.328
2025-09-12T23:00:00.000Z,0.399
2025-09-13T00:00:00.000Z,0.562
2025-09-13T01:00:00.000Z,0.713
2025-09-13T02:00:00.000Z,0.796
2025-09-13T03:00:00.000Z,0.831
2025-09-13T04:00:00.000Z,0.892
2025-09-13T05:00:00.000Z,0.971
2025-09-13T06:00:00.000Z,1.050
2025-09-13T07:00:00.000Z,1.484
2025-09-13T08:00:00.000Z,1.096
2025-09-13T09:00:00.000Z,0.447
2025-09-13T10:00:00.000Z,0.381
2025-09-13T11:00:00.000Z,0.341
2025-09-13T12:00:00.000Z,0.350
2025-09-13T13:00:00.000Z,0.565
2025-09-13T14:00:00.000Z,1.015
2025-09-13T15:00:00.000Z,4.098
2025-09-13T16:00:00.000Z,4.864
2025-09-13T17:00:00.000Z,2.732
2025-09-13T18:00:00.000Z,1.793
2025-09-13T19:00:00.000Z,0.632
2025-09-13T20:00:00.000Z,0.400
2025-09-13T21:00:00.000Z,0.400
2025-09-13T22:00:00.000Z,0.439
2025-09-13T23:00:00.000Z,0.566
2025-09-14T00:00:00.000Z,0.646
2025-09-14T01:00:00.000Z,0.742
2025-09-14T02:00:00.000Z,0.806
2025-09-14T03:00:00.000Z,0.894
2025-09-14T04:00:00.000Z,0.902
2025-09-14T05:00:00.000Z,1.078
2025-09-14T06:00:00.000Z,2.830
2025-09-14T07:00:00.000Z,5.262
2025-09-14T08:00:00.000Z,4.065
2025-09-14T09:00:00.000Z,2.166
2025-09-14T10:00:00.000Z,2.126
2025-09-14T11:00:00.000Z,2.376
2025-09-14T12:00:00.000Z,3.500
2025-09-14T13:00:00.000Z,4.726
2025-09-14T14:00:00.000Z,4.984
2025-09-14T15:00:00.000Z,7.873
2025-09-14T16:00:00.000Z,11.084
2025-09-14T17:00:00.000Z,10.993
2025-09-14T18:00:00.000Z,7.602
2025-09-14T19:00:00.000Z,6.847
2025-09-14T20:00:00.000Z,4.052
2025-09-14T21:00:00.000Z,1.411
2025-09-14T22:00:00.000Z,1.827
2025-09-14T23:00:00.000Z,0.921
2025-09-15T00:00:00.000Z,0.504
2025-09-15T01:00:00.000Z,0.325
2025-09-15T02:00:00.000Z,0.320
2025-09-15T03:00:00.000Z,0.395
2025-09-15T04:00:00.000Z,1.572
2025-09-15T05:00:00.000Z,4.138
2025-09-15T06:00:00.000Z,3.916
2025-09-15T07:00:00.000Z,0.905
2025-09-15T08:00:00.000Z,0.800
2025-09-15T09:00:00.000Z,0.525
2025-09-15T10:00:00.000Z,0.459
2025-09-15T11:00:00.000Z,0.400
2025-09-15T12:00:00.000Z,0.381
2025-09-15T13:00:00.000Z,0.400
2025-09-15T14:00:00.000Z,0.443
2025-09-15T15:00:00.000Z,0.560
2025-09-15T16:00:00.000Z,0.962
2025-09-15T17:00:00.000Z,1.166
2025-09-15T18:00:00.000Z,0.923
2025-09-15T19:00:00.000Z,0.512
2025-09-15T20:00:00.000Z,0.299
2025-09-15T21:00:00.000Z,0.052
2025-09-15T22:00:00.000Z,0.024
2025-09-15T23:00:00.000Z,0.031
2025-09-16T00:00:00.000Z,0.001
2025-09-16T01:00:00.000Z,0.002
2025-09-16T02:00:00.000Z,0.032
2025-09-16T03:00:00.000Z,0.217
2025-09-16T04:00:00.000Z,0.400
2025-09-16T05:00:00.000Z,1.050
2025-09-16T06:00:00.000Z,1.579
2025-09-16T07:00:00.000Z,1.405
2025-09-16T08:00:00.000Z,1.357
2025-09-16T09:00:00.000Z,1.153
2025-09-16T10:00:00.000Z,1.069
2025-09-16T11:00:00.000Z,0.968
2025-09-16T12:00:00.000Z,1.001
2025-09-16T13:00:00.000Z,1.321
2025-09-16T14:00:00.000Z,1.771
2025-09-16T15:00:00.000Z,2.318
2025-09-16T16:00:00.000Z,4.608
2025-09-16T17:00:00.000Z,6.649
2025-09-16T18:00:00.000Z,4.860
2025-09-16T19:00:00.000Z,2.548
2025-09-16T20:00:00.000Z,2.022
2025-09-16T21:00:00.000Z,1.689
2025-09-16T22:00:00.000Z,1.765
2025-09-16T23:00:00.000Z,1.667
2025-09-17T00:00:00.000Z,1.501
2025-09-17T01:00:00.000Z,1.474
2025-09-17T02:00:00.000Z,1.656
2025-09-17T03:00:00.000Z,2.104
2025-09-17T04:00:00.000Z,5.310
2025-09-17T05:00:00.000Z,7.984
2025-09-17T06:00:00.000Z,8.056
2025-09-17T07:00:00.000Z,7.282
2025-09-17T08:00:00.000Z,6.796
2025-09-17T09:00:00.000Z,7.055
2025-09-17T10:00:00.000Z,5.968
2025-09-17T11:00:00.000Z,7.701
2025-09-17T12:00:00.000Z,7.942
2025-09-17T13:00:00.000Z,9.427
2025-09-17T14:00:00.000Z,8.456
2025-09-17T15:00:00.000Z,12.675
2025-09-17T16:00:00.000Z,14.570
2025-09-17T17:00:00.000Z,18.395
2025-09-17T18:00:00.000Z,12.277
2025-09-17T19:00:00.000Z,8.954
2025-09-17T20:00:00.000Z,6.902
2025-09-17T21:00:00.000Z,3.071
2025-09-17T22:00:00.000Z,1.335
2025-09-17T23:00:00.000Z,1.187
2025-09-18T00:00:00.000Z,1.017
2025-09-18T01:00:00.000Z,1.016
2025-09-18T02:00:00.000Z,1.114
2025-09-18T03:00:00.000Z,3.500
2025-09-18T04:00:00.000Z,8.753
2025-09-18T05:00:00.000Z,8.658
2025-09-18T06:00:00.000Z,9.113
2025-09-18T07:00:00.000Z,8.075
2025-09-18T08:00:00.000Z,8.747
2025-09-18T09:00:00.000Z,6.393
2025-09-18T10:00:00.000Z,3.958
2025-09-18T11:00:00.000Z,4.500
2025-09-18T12:00:00.000Z,5.719
2025-09-18T13:00:00.000Z,4.665
2025-09-18T14:00:00.000Z,9.315
2025-09-18T15:00:00.000Z,14.641
2025-09-18T16:00:00.000Z,15.001
2025-09-18T17:00:00.000Z,16.446
2025-09-18T18:00:00.000Z,10.724
2025-09-18T19:00:00.000Z,10.312
2025-09-18T20:00:00.000Z,5.860
2025-09-18T21:00:00.000Z,3.891
2025-09-18T22:00:00.000Z,7.425
2025-09-18T23:00:00.000Z,7.445
2025-09-19T00:00:00.000Z,7.072
2025-09-19T01:00:00.000Z,6.124
2025-09-19T02:00:00.000Z,7.051
2025-09-19T03:00:00.000Z,8.503
2025-09-19T04:00:00.000Z,11.955
2025-09-19T05:00:00.000Z,14.218
2025-09-19T06:00:00.000Z,12.000
2025-09-19T07:00:00.000Z,9.899
2025-09-19T08:00:00.000Z,10.106
2025-09-19T09:00:00.000Z,10.001
2025-09-19T10:00:00.000Z,8.845
2025-09-19T11:00:00.000Z,8.627
2025-09-19T12:00:00.000Z,8.592
2025-09-19T13:00:00.000Z,8.240
2025-09-19T14:00:00.000Z,7.869
2025-09-19T15:00:00.000Z,11.811
2025-09-19T16:00:00.000Z,25.789
2025-09-19T17:00:00.000Z,29.994
2025-09-19T18:00:00.000Z,14.271
2025-09-19T19:00:00.000Z,11.105
2025-09-19T20:00:00.000Z,7.600
2025-09-19T21:00:00.000Z,4.999
2025-09-19T22:00:00.000Z,0.409
2025-09-19T23:00:00.000Z,0.408
2025-09-20T00:00:00.000Z,0.338
2025-09-20T01:00:00.000Z,0.316
2025-09-20T02:00:00.000Z,0.296
2025-09-20T03:00:00.000Z,0.299
2025-09-20T04:00:00.000Z,0.315
2025-09-20T05:00:00.000Z,0.375
2025-09-20T06:00:00.000Z,0.687
2025-09-20T07:00:00.000Z,0.854
2025-09-20T08:00:00.000Z,0.435
2025-09-20T09:00:00.000Z,0.259
2025-09-20T10:00:00.000Z,0.170
2025-09-20T11:00:00.000Z,0.096
2025-09-20T12:00:00.000Z,0.129
2025-09-20T13:00:00.000Z,0.395
2025-09-20T14:00:00.000Z,1.030
2025-09-20T15:00:00.000Z,1.561
2025-09-20T16:00:00.000Z,1.799
2025-09-20T17:00:00.000Z,1.665
2025-09-20T18:00:00.000Z,1.682
2025-09-20T19:00:00.000Z,1.528
2025-09-20T20:00:00.000Z,1.356
2025-09-20T21:00:00.000Z,1.345
2025-09-20T22:00:00.000Z,1.195
2025-09-20T23:00:00.000Z,0.361
2025-09-21T00:00:00.000Z,0.335
2025-09-21T01:00:00.000Z,0.165
2025-09-21T02:00:00.000Z,0.203
2025-09-21T03:00:00.000Z,0.258
2025-09-21T04:00:00.000Z,0.338
2025-09-21T05:00:00.000Z,0.372
2025-09-21T06:00:00.000Z,0.309
2025-09-21T07:00:00.000Z,0.150
2025-09-21T08:00:00.000Z,0.056
2025-09-21T09:00:00.000Z,0.000
2025-09-21T10:00:00.000Z,-0.059
2025-09-21T11:00:00.000Z,-0.101
2025-09-21T12:00:00.000Z,-0.021
2025-09-21T13:00:00.000Z,-0.002
2025-09-21T14:00:00.000Z,-0.001
2025-09-21T15:00:00.000Z,0.001
2025-09-21T16:00:00.000Z,0.097
2025-09-21T17:00:00.000Z,0.080
2025-09-21T18:00:00.000Z,0.000
2025-09-21T19:00:00.000Z,0.000
2025-09-21T20:00:00.000Z,-0.001
2025-09-21T21:00:00.000Z,-0.002
2025-09-21T22:00:00.000Z,-0.001
2025-09-21T23:00:00.000Z,0.000
2025-09-22T00:00:00.000Z,0.000
2025-09-22T01:00:00.000Z,0.000
2025-09-22T02:00:00.000Z,0.000
2025-09-22T03:00:00.000Z,0.002
2025-09-22T04:00:00.000Z,0.128
2025-09-22T05:00:00.000Z,0.266
2025-09-22T06:00:00.000Z,0.290
2025-09-22T07:00:00.000Z,0.200
2025-09-22T08:00:00.000Z,0.126
2025-09-22T09:00:00.000Z,0.122
2025-09-22T10:00:00.000Z,0.123
2025-09-22T11:00:00.000Z,0.105
2025-09-22T12:00:00.000Z,0.122
2025-09-22T13:00:00.000Z,0.170
2025-09-22T14:00:00.000Z,0.399
2025-09-22T15:00:00.000Z,0.405
2025-09-22T16:00:00.000Z,1.166
2025-09-22T17:00:00.000Z,1.901
2025-09-22T18:00:00.000Z,0.771
2025-09-22T19:00:00.000Z,0.499
2025-09-22T20:00:00.000Z,0.299
2025-09-22T21:00:00.000Z,0.210
2025-09-22T22:00:00.000Z,0.227
2025-09-22T23:00:00.000Z,0.081
2025-09-23T00:00:00.000Z,0.071
2025-09-23T01:00:00.000Z,0.074
2025-09-23T02:00:00.000Z,0.107
2025-09-23T03:00:00.000Z,0.293
2025-09-23T04:00:00.000Z,0.529
2025-09-23T05:00:00.000Z,2.799
2025-09-23T06:00:00.000Z,4.998
2025-09-23T07:00:00.000Z,2.600
2025-09-23T08:00:00.000Z,1.557
2025-09-23T09:00:00.000Z,1.317
2025-09-23T10:00:00.000Z,1.263
2025-09-23T11:00:00.000Z,1.302
2025-09-23T12:00:00.000Z,0.500
2025-09-23T13:00:00.000Z,0.499
2025-09-23T14:00:00.000Z,0.800
2025-09-23T15:00:00.000Z,2.000
2025-09-23T16:00:00.000Z,4.198
2025-09-23T17:00:00.000Z,1.991
2025-09-23T18:00:00.000Z,0.804
2025-09-23T19:00:00.000Z,0.597
2025-09-23T20:00:00.000Z,0.400
2025-09-23T21:00:00.000Z,0.299
2025-09-23T22:00:00.000Z,0.194
2025-09-23T23:00:00.000Z,0.122
2025-09-24T00:00:00.000Z,0.121
2025-09-24T01:00:00.000Z,0.121
2025-09-24T02:00:00.000Z,0.242
2025-09-24T03:00:00.000Z,0.500
2025-09-24T04:00:00.000Z,3.172
2025-09-24T05:00:00.000Z,6.446
2025-09-24T06:00:00.000Z,8.248
2025-09-24T07:00:00.000Z,7.062
2025-09-24T08:00:00.000Z,4.443
2025-09-24T09:00:00.000Z,3.754
2025-09-24T10:00:00.000Z,1.622
2025-09-24T11:00:00.000Z,1.140
2025-09-24T12:00:00.000Z,1.394
2025-09-24T13:00:00.000Z,1.570
2025-09-24T14:00:00.000Z,4.320
2025-09-24T15:00:00.000Z,7.398
2025-09-24T16:00:00.000Z,10.290
2025-09-24T17:00:00.000Z,16.144
2025-09-24T18:00:00.000Z,9.473
2025-09-24T19:00:00.000Z,8.674
2025-09-24T20:00:00.000Z,6.873
2025-09-24T21:00:00.000Z,4.594
2025-09-24T22:00:00.000Z,4.649
2025-09-24T23:00:00.000Z,4.258
2025-09-25T00:00:00.000Z,3.981
2025-09-25T01:00:00.000Z,3.946
2025-09-25T02:00:00.000Z,4.239
2025-09-25T03:00:00.000Z,5.107
2025-09-25T04:00:00.000Z,7.982
2025-09-25T05:00:00.000Z,9.389
2025-09-25T06:00:00.000Z,9.491
2025-09-25T07:00:00.000Z,8.149
2025-09-25T08:00:00.000Z,6.591
2025-09-25T09:00:00.000Z,6.457
2025-09-25T10:00:00.000Z,3.359
2025-09-25T11:00:00.000Z,1.521
2025-09-25T12:00:00.000Z,1.530
2025-09-25T13:00:00.000Z,2.208
2025-09-25T14:00:00.000Z,5.112
2025-09-25T15:00:00.000Z,6.495
2025-09-25T16:00:00.000Z,8.737
2025-09-25T17:00:00.000Z,8.170
2025-09-25T18:00:00.000Z,6.768
2025-09-25T19:00:00.000Z,5.287
2025-09-25T20:00:00.000Z,2.499
2025-09-25T21:00:00.000Z,1.754
2025-09-25T22:00:00.000Z,2.378
2025-09-25T23:00:00.000Z,2.098
2025-09-26T00:00:00.000Z,2.599
2025-09-26T01:00:00.000Z,3.560
2025-09-26T02:00:00.000Z,4.564
2025-09-26T03:00:00.000Z,5.173
2025-09-26T04:00:00.000Z,7.664
2025-09-26T05:00:00.000Z,9.129
2025-09-26T06:00:00.000Z,10.140
2025-09-26T07:00:00.000Z,10.761
2025-09-26T08:00:00.000Z,8.969
2025-09-26T09:00:00.000Z,8.290
2025-09-26T10:00:00.000Z,7.501
2025-09-26T11:00:00.000Z,6.951
2025-09-26T12:00:00.000Z,6.897
2025-09-26T13:00:00.000Z,7.588
2025-09-26T14:00:00.000Z,9.592
2025-09-26T15:00:00.000Z,7.614
2025-09-26T16:00:00.000Z,8.080
2025-09-26T17:00:00.000Z,7.740
2025-09-26T18:00:00.000Z,7.022
2025-09-26T19:00:00.000Z,5.291
2025-09-26T20:00:00.000Z,3.087
2025-09-26T21:00:00.000Z,1.893
2025-09-26T22:00:00.000Z,1.974
2025-09-26T23:00:00.000Z,2.084
2025-09-27T00:00:00.000Z,2.316
2025-09-27T01:00:00.000Z,2.503
2025-09-27T02:00:00.000Z,2.474
2025-09-27T03:00:00.000Z,2.570
2025-09-27T04:00:00.000Z,10.097
2025-09-27T05:00:00.000Z,12.028
2025-09-27T06:00:00.000Z,10.964
2025-09-27T07:00:00.000Z,9.722
2025-09-27T08:00:00.000Z,8.937
2025-09-27T09:00:00.000Z,7.042
2025-09-27T10:00:00.000Z,5.483
2025-09-27T11:00:00.000Z,3.661
2025-09-27T12:00:00.000Z,4.936
2025-09-27T13:00:00.000Z,7.964
2025-09-27T14:00:00.000Z,10.087
2025-09-27T15:00:00.000Z,24.999
2025-09-27T16:00:00.000Z,29.999
2025-09-27T17:00:00.000Z,21.159
2025-09-27T18:00:00.000Z,10.098
2025-09-27T19:00:00.000Z,8.366
2025-09-27T20:00:00.000Z,5.044
2025-09-27T21:00:00.000Z,2.759
2025-09-27T22:00:00.000Z,2.487
2025-09-27T23:00:00.000Z,2.075
2025-09-28T00:00:00.000Z,1.336
2025-09-28T01:00:00.000Z,1.336
2025-09-28T02:00:00.000Z,1.278
2025-09-28T03:00:00.000Z,1.501
2025-09-28T04:00:00.000Z,1.276
2025-09-28T05:00:00.000Z,2.077
2025-09-28T06:00:00.000Z,2.076
2025-09-28T07:00:00.000Z,1.550
2025-09-28T08:00:00.000Z,2.903
2025-09-28T09:00:00.000Z,2.857
2025-09-28T10:00:00.000Z,1.711
2025-09-28T11:00:00.000Z,0.853
2025-09-28T12:00:00.000Z,1.300
2025-09-28T13:00:00.000Z,5.150
2025-09-28T14:00:00.000Z,7.602
2025-09-28T15:00:00.000Z,8.460
2025-09-28T16:00:00.000Z,7.489
2025-09-28T17:00:00.000Z,2.101
2025-09-28T18:00:00.000Z,0.779
2025-09-28T19:00:00.000Z,0.450
2025-09-28T20:00:00.000Z,0.397
2025-09-28T21:00:00.000Z,0.299
2025-09-28T22:00:00.000Z,0.234
2025-09-28T23:00:00.000Z,0.222
2025-09-29T00:00:00.000Z,0.259
2025-09-29T01:00:00.000Z,0.299
2025-09-29T02:00:00.000Z,0.366
2025-09-29T03:00:00.000Z,0.445
2025-09-29T04:00:00.000Z,0.927
2025-09-29T05:00:00.000Z,1.551
2025-09-29T06:00:00.000Z,2.183
2025-09-29T07:00:00.000Z,4.987
2025-09-29T08:00:00.000Z,5.197
2025-09-29T09:00:00.000Z,3.687
2025-09-29T10:00:00.000Z,3.152
2025-09-29T11:00:00.000Z,3.407
2025-09-29T12:00:00.000Z,2.865
2025-09-29T13:00:00.000Z,4.724
2025-09-29T14:00:00.000Z,7.267
2025-09-29T15:00:00.000Z,9.233
2025-09-29T16:00:00.000Z,12.000
2025-09-29T17:00:00.000Z,6.360
2025-09-29T18:00:00.000Z,1.567
2025-09-29T19:00:00.000Z,1.302
2025-09-29T20:00:00.000Z,0.808
2025-09-29T21:00:00.000Z,0.544
2025-09-29T22:00:00.000Z,0.493
2025-09-29T23:00:00.000Z,0.472
2025-09-30T00:00:00.000Z,0.485
2025-09-30T01:00:00.000Z,0.583
2025-09-30T02:00:00.000Z,0.652
2025-09-30T03:00:00.000Z,1.167
2025-09-30T04:00:00.000Z,4.158
2025-09-30T05:00:00.000Z,8.213
2025-09-30T06:00:00.000Z,8.625
2025-09-30T07:00:00.000Z,8.686
2025-09-30T08:00:00.000Z,9.282
2025-09-30T09:00:00.000Z,9.832
2025-09-30T10:00:00.000Z,8.673
2025-09-30T11:00:00.000Z,8.465
2025-09-30T12:00:00.000Z,8.905
2025-09-30T13:00:00.000Z,9.664
2025-09-30T14:00:00.000Z,12.360
2025-09-30T15:00:00.000Z,10.321
2025-09-30T16:00:00.000Z,18.969
2025-09-30T17:00:00.000Z,15.100
2025-09-30T18:00:00.000Z,7.927
2025-09-30T19:00:00.000Z,6.962
2025-09-30T20:00:00.000Z,6.150
2025-09-30T21:00:00.000Z,4.157
2025-09-30T22:00:00.000Z,3.418
2025-09-30T23:00:00.000Z,3.081
2025-10-01T00:00:00.000Z,3.232
2025-10-01T01:00:00.000Z,2.572
2025-10-01T02:00:00.000Z,3.067
2025-10-01T03:00:00.000Z,4.440
2025-10-01T04:00:00.000Z,8.791
2025-10-01T05:00:00.000Z,12.971
2025-10-01T06:00:00.000Z,11.584
2025-10-01T07:00:00.000Z,10.340
2025-10-01T08:00:00.000Z,8.848
2025-10-01T09:00:00.000Z,8.703
2025-10-01T10:00:00.000Z,10.152
2025-10-01T11:00:00.000Z,10.012
2025-10-01T12:00:00.000Z,8.805
2025-10-01T13:00:00.000Z,11.179
2025-10-01T14:00:00.000Z,13.695
2025-10-01T15:00:00.000Z,14.907
2025-10-01T16:00:00.000Z,19.387
2025-10-01T17:00:00.000Z,23.623
2025-10-01T18:00:00.000Z,10.558
2025-10-01T19:00:00.000Z,7.993
2025-10-01T20:00:00.000Z,6.811
2025-10-01T21:00:00.000Z,6.184
2025-10-01T22:00:00.000Z,8.847
2025-10-01T23:00:00.000Z,7.994
2025-10-02T00:00:00.000Z,6.574
2025-10-02T01:00:00.000Z,5.330
2025-10-02T02:00:00.000Z,6.296
2025-10-02T03:00:00.000Z,9.389
2025-10-02T04:00:00.000Z,9.527
2025-10-02T05:00:00.000Z,11.740
2025-10-02T06:00:00.000Z,10.384
2025-10-02T07:00:00.000Z,9.690
2025-10-02T08:00:00.000Z,9.422
2025-10-02T09:00:00.000Z,8.640
2025-10-02T10:00:00.000Z,9.368
2025-10-02T11:00:00.000Z,8.016
2025-10-02T12:00:00.000Z,9.212
2025-10-02T13:00:00.000Z,10.374
2025-10-02T14:00:00.000Z,14.414
2025-10-02T15:00:00.000Z,16.810
2025-10-02T16:00:00.000Z,13.475
2025-10-02T17:00:00.000Z,6.700
2025-10-02T18:00:00.000Z,1.905
2025-10-02T19:00:00.000Z,1.527
2025-10-02T20:00:00.000Z,0.801
2025-10-02T21:00:00.000Z,0.332
2025-10-02T22:00:00.000Z,0.337
2025-10-02T23:00:00.000Z,0.300
2025-10-03T00:00:00.000Z,0.298
2025-10-03T01:00:00.000Z,0.291
2025-10-03T02:00:00.000Z,0.320
2025-10-03T03:00:00.000Z,0.389
2025-10-03T04:00:00.000Z,0.461
2025-10-03T05:00:00.000Z,1.382
2025-10-03T06:00:00.000Z,1.855
2025-10-03T07:00:00.000Z,2.457
2025-10-03T08:00:00.000Z,3.039
2025-10-03T09:00:00.000Z,3.058
2025-10-03T10:00:00.000Z,2.234
2025-10-03T11:00:00.000Z,1.878
2025-10-03T12:00:00.000Z,2.548
2025-10-03T13:00:00.000Z,3.130
2025-10-03T14:00:00.000Z,4.173
2025-10-03T15:00:00.000Z,4.632
2025-10-03T16:00:00.000Z,3.053
2025-10-03T17:00:00.000Z,1.140
2025-10-03T18:00:00.000Z,0.370
2025-10-03T19:00:00.000Z,0.402
2025-10-03T20:00:00.000Z,0.330
2025-10-03T21:00:00.000Z,0.237
2025-10-03T22:00:00.000Z,0.113
2025-10-03T23:00:00.000Z,0.090
2025-10-04T00:00:00.000Z,0.063
2025-10-04T01:00:00.000Z,0.032
2025-10-04T02:00:00.000Z,-0.001
2025-10-04T03:00:00.000Z,-0.001
2025-10-04T04:00:00.000Z,-0.001
2025-10-04T05:00:00.000Z,0.004
2025-10-04T06:00:00.000Z,0.088
2025-10-04T07:00:00.000Z,0.083
2025-10-04T08:00:00.000Z,0.115
2025-10-04T09:00:00.000Z,0.058
2025-10-04T10:00:00.000Z,0.030
2025-10-04T11:00:00.000Z,0.097
2025-10-04T12:00:00.000Z,0.123
2025-10-04T13:00:00.000Z,0.100
2025-10-04T14:00:00.000Z,0.152
2025-10-04T15:00:00.000Z,0.168
2025-10-04T16:00:00.000Z,0.221
2025-10-04T17:00:00.000Z,0.276
2025-10-04T18:00:00.000Z,0.220
2025-10-04T19:00:00.000Z,0.152
2025-10-04T20:00:00.000Z,0.082
2025-10-04T21:00:00.000Z,0.021
2025-10-04T22:00:00.000Z,0.049
2025-10-04T23:00:00.000Z,0.007
2025-10-05T00:00:00.000Z,0.000
2025-10-05T01:00:00.000Z,-0.002
2025-10-05T02:00:00.000Z,-0.002
2025-10-05T03:00:00.000Z,0.001
2025-10-05T04:00:00.000Z,0.001
2025-10-05T05:00:00.000Z,0.055
2025-10-05T06:00:00.000Z,0.096
2025-10-05T07:00:00.000Z,0.129
2025-10-05T08:00:00.000Z,0.130
2025-10-05T09:00:00.000Z,0.128
2025-10-05T10:00:00.000Z,0.140
2025-10-05T11:00:00.000Z,0.204
2025-10-05T12:00:00.000Z,0.201
2025-10-05T13:00:00.000Z,0.269
2025-10-05T14:00:00.000Z,0.311
2025-10-05T15:00:00.000Z,0.387
2025-10-05T16:00:00.000Z,0.454
2025-10-05T17:00:00.000Z,0.526
2025-10-05T18:00:00.000Z,0.495
2025-10-05T19:00:00.000Z,0.482
2025-10-05T20:00:00.000Z,0.494
2025-10-05T21:00:00.000Z,0.418
2025-10-05T22:00:00.000Z,0.791
2025-10-05T23:00:00.000Z,0.773
2025-10-06T00:00:00.000Z,0.864
2025-10-06T01:00:00.000Z,1.028
2025-10-06T02:00:00.000Z,1.380
2025-10-06T03:00:00.000Z,2.501
2025-10-06T04:00:00.000Z,9.333
2025-10-06T05:00:00.000Z,12.858
2025-10-06T06:00:00.000Z,17.050
2025-10-06T07:00:00.000Z,12.612
2025-10-06T08:00:00.000Z,11.110
2025-10-06T09:00:00.000Z,12.000
2025-10-06T10:00:00.000Z,11.846
2025-10-06T11:00:00.000Z,11.262
2025-10-06T12:00:00.000Z,11.996
2025-10-06T13:00:00.000Z,16.400
2025-10-06T14:00:00.000Z,19.702
2025-10-06T15:00:00.000Z,18.543
2025-10-06T16:00:00.000Z,25.329
2025-10-06T17:00:00.000Z,22.480
2025-10-06T18:00:00.000Z,13.527
2025-10-06T19:00:00.000Z,13.956
2025-10-06T20:00:00.000Z,11.500
2025-10-06T21:00:00.000Z,11.150
2025-10-06T22:00:00.000Z,7.712
2025-10-06T23:00:00.000Z,7.277
2025-10-07T00:00:00.000Z,6.977
2025-10-07T01:00:00.000Z,7.298
2025-10-07T02:00:00.000Z,7.241
2025-10-07T03:00:00.000Z,8.588
2025-10-07T04:00:00.000Z,10.084
2025-10-07T05:00:00.000Z,17.262
2025-10-07T06:00:00.000Z,21.122
2025-10-07T07:00:00.000Z,15.399
2025-10-07T08:00:00.000Z,11.253
2025-10-07T09:00:00.000Z,9.116
2025-10-07T10:00:00.000Z,8.181
2025-10-07T11:00:00.000Z,7.633
2025-10-07T12:00:00.000Z,7.654
2025-10-07T13:00:00.000Z,7.449
2025-10-07T14:00:00.000Z,7.879
2025-10-07T15:00:00.000Z,6.547
2025-10-07T16:00:00.000Z,4.082
2025-10-07T17:00:00.000Z,0.890
2025-10-07T18:00:00.000Z,0.519
2025-10-07T19:00:00.000Z,0.428
2025-10-07T20:00:00.000Z,0.364
2025-10-07T21:00:00.000Z,0.236
2025-10-07T22:00:00.000Z,0.000
2025-10-07T23:00:00.000Z,-0.001
2025-10-08T00:00:00.000Z,-0.001
2025-10-08T01:00:00.000Z,-0.001
2025-10-08T02:00:00.000Z,0.000
2025-10-08T03:00:00.000Z,0.125
2025-10-08T04:00:00.000Z,0.447
2025-10-08T05:00:00.000Z,1.088
2025-10-08T06:00:00.000Z,2.058
2025-10-08T07:00:00.000Z,2.025
2025-10-08T08:00:00.000Z,1.739
2025-10-08T09:00:00.000Z,1.629
2025-10-08T10:00:00.000Z,2.500
2025-10-08T11:00:00.000Z,2.857
2025-10-08T12:00:00.000Z,2.400
2025-10-08T13:00:00.000Z,2.439
2025-10-08T14:00:00.000Z,5.307
2025-10-08T15:00:00.000Z,8.253
2025-10-08T16:00:00.000Z,10.983
2025-10-08T17:00:00.000Z,11.324
2025-10-08T18:00:00.000Z,9.815
2025-10-08T19:00:00.000Z,8.476
2025-10-08T20:00:00.000Z,6.022
2025-10-08T21:00:00.000Z,3.779
2025-10-08T22:00:00.000Z,4.442
2025-10-08T23:00:00.000Z,3.918
2025-10-09T00:00:00.000Z,3.746
2025-10-09T01:00:00.000Z,4.001
2025-10-09T02:00:00.000Z,4.253
2025-10-09T03:00:00.000Z,7.339
2025-10-09T04:00:00.000Z,9.531
2025-10-09T05:00:00.000Z,11.293
2025-10-09T06:00:00.000Z,11.446
2025-10-09T07:00:00.000Z,10.024
2025-10-09T08:00:00.000Z,8.482
2025-10-09T09:00:00.000Z,6.708
2025-10-09T10:00:00.000Z,4.745
2025-10-09T11:00:00.000Z,3.811
2025-10-09T12:00:00.000Z,3.259
2025-10-09T13:00:00.000Z,2.930
2025-10-09T14:00:00.000Z,1.625
2025-10-09T15:00:00.000Z,1.538
2025-10-09T16:00:00.000Z,0.958
2025-10-09T17:00:00.000Z,0.800
2025-10-09T18:00:00.000Z,1.297
2025-10-09T19:00:00.000Z,1.265
2025-10-09T20:00:00.000Z,1.116
2025-10-09T21:00:00.000Z,0.950
2025-10-09T22:00:00.000Z,0.223
2025-10-09T23:00:00.000Z,0.128
2025-10-10T00:00:00.000Z,0.098
2025-10-10T01:00:00.000Z,0.111
2025-10-10T02:00:00.000Z,0.273
2025-10-10T03:00:00.000Z,0.874
2025-10-10T04:00:00.000Z,2.804
2025-10-10T05:00:00.000Z,6.306
2025-10-10T06:00:00.000Z,6.946
2025-10-10T07:00:00.000Z,4.774
2025-10-10T08:00:00.000Z,3.756
2025-10-10T09:00:00.000Z,2.182
2025-10-10T10:00:00.000Z,1.257
2025-10-10T11:00:00.000Z,1.162
2025-10-10T12:00:00.000Z,1.054
2025-10-10T13:00:00.000Z,0.807
2025-10-10T14:00:00.000Z,0.799
2025-10-10T15:00:00.000Z,0.833
2025-10-10T16:00:00.000Z,0.826
2025-10-10T17:00:00.000Z,0.702
2025-10-10T18:00:00.000Z,0.323
2025-10-10T19:00:00.000Z,0.040
2025-10-10T20:00:00.000Z,-0.002
2025-10-10T21:00:00.000Z,-0.013
2025-10-10T22:00:00.000Z,-0.006
2025-10-10T23:00:00.000Z,-0.002
2025-10-11T00:00:00.000Z,-0.010
2025-10-11T01:00:00.000Z,-0.010
2025-10-11T02:00:00.000Z,-0.014
2025-10-11T03:00:00.000Z,-0.003
2025-10-11T04:00:00.000Z,0.000
2025-10-11T05:00:00.000Z,0.000
2025-10-11T06:00:00.000Z,0.035
2025-10-11T07:00:00.000Z,0.045
2025-10-11T08:00:00.000Z,0.055
2025-10-11T09:00:00.000Z,0.032
2025-10-11T10:00:00.000Z,0.035
2025-10-11T11:00:00.000Z,0.014
2025-10-11T12:00:00.000Z,0.063
2025-10-11T13:00:00.000Z,0.114
2025-10-11T14:00:00.000Z,0.302
2025-10-11T15:00:00.000Z,0.318
2025-10-11T16:00:00.000Z,0.346
2025-10-11T17:00:00.000Z,0.311
2025-10-11T18:00:00.000Z,0.181
2025-10-11T19:00:00.000Z,0.242
2025-10-11T20:00:00.000Z,0.221
2025-10-11T21:00:00.000Z,0.176
2025-10-11T22:00:00.000Z,0.219
2025-10-11T23:00:00.000Z,0.124
2025-10-12T00:00:00.000Z,0.086
2025-10-12T01:00:00.000Z,0.032
2025-10-12T02:00:00.000Z,0.027
2025-10-12T03:00:00.000Z,0.016
2025-10-12T04:00:00.000Z,0.017
2025-10-12T05:00:00.000Z,0.044
2025-10-12T06:00:00.000Z,0.111
2025-10-12T07:00:00.000Z,0.126
2025-10-12T08:00:00.000Z,0.114
2025-10-12T09:00:00.000Z,0.100
2025-10-12T10:00:00.000Z,0.001
2025-10-12T11:00:00.000Z,0.000
2025-10-12T12:00:00.000Z,0.000
2025-10-12T13:00:00.000Z,0.131
2025-10-12T14:00:00.000Z,0.247
2025-10-12T15:00:00.000Z,0.254
2025-10-12T16:00:00.000Z,0.259
2025-10-12T17:00:00.000Z,0.191
2025-10-12T18:00:00.000Z,0.133
2025-10-12T19:00:00.000Z,0.187
2025-10-12T20:00:00.000Z,0.150
2025-10-12T21:00:00.000Z,0.108
2025-10-12T22:00:00.000Z,0.000
2025-10-12T23:00:00.000Z,0.000
2025-10-13T00:00:00.000Z,0.000
2025-10-13T01:00:00.000Z,0.000
2025-10-13T02:00:00.000Z,0.124
2025-10-13T03:00:00.000Z,0.285
2025-10-13T04:00:00.000Z,1.042
2025-10-13T05:00:00.000Z,4.930
2025-10-13T06:00:00.000Z,8.222
2025-10-13T07:00:00.000Z,8.897
2025-10-13T08:00:00.000Z,7.665
2025-10-13T09:00:00.000Z,6.801
2025-10-13T10:00:00.000Z,6.033
2025-10-13T11:00:00.000Z,5.972
2025-10-13T12:00:00.000Z,6.267
2025-10-13T13:00:00.000Z,6.943
2025-10-13T14:00:00.000Z,7.894
2025-10-13T15:00:00.000Z,11.550
2025-10-13T16:00:00.000Z,15.891
2025-10-13T17:00:00.000Z,15.209
2025-10-13T18:00:00.000Z,11.876
2025-10-13T19:00:00.000Z,9.859
2025-10-13T20:00:00.000Z,9.532
2025-10-13T21:00:00.000Z,8.284
2025-10-13T22:00:00.000Z,9.329
2025-10-13T23:00:00.000Z,8.598
2025-10-14T00:00:00.000Z,8.228
2025-10-14T01:00:00.000Z,8.315
2025-10-14T02:00:00.000Z,8.314
2025-10-14T03:00:00.000Z,12.019
2025-10-14T04:00:00.000Z,21.305
2025-10-14T05:00:00.000Z,23.454
2025-10-14T06:00:00.000Z,24.999
2025-10-14T07:00:00.000Z,21.701
2025-10-14T08:00:00.000Z,23.808
2025-10-14T09:00:00.000Z,18.935
2025-10-14T10:00:00.000Z,24.744
2025-10-14T11:00:00.000Z,22.555
2025-10-14T12:00:00.000Z,18.096
2025-10-14T13:00:00.000Z,19.105
2025-10-14T14:00:00.000Z,22.956
2025-10-14T15:00:00.000Z,27.871
2025-10-14T16:00:00.000Z,45.611
2025-10-14T17:00:00.000Z,43.805
2025-10-14T18:00:00.000Z,23.784
2025-10-14T19:00:00.000Z,16.206
2025-10-14T20:00:00.000Z,12.887
2025-10-14T21:00:00.000Z,9.455
2025-10-14T22:00:00.000Z,4.495
2025-10-14T23:00:00.000Z,5.471
2025-10-15T00:00:00.000Z,5.137
2025-10-15T01:00:00.000Z,4.999
2025-10-15T02:00:00.000Z,5.063
2025-10-15T03:00:00.000Z,7.044
2025-10-15T04:00:00.000Z,12.000
2025-10-15T05:00:00.000Z,20.802
2025-10-15T06:00:00.000Z,24.229
2025-10-15T07:00:00.000Z,17.922
2025-10-15T08:00:00.000Z,14.226
2025-10-15T09:00:00.000Z,11.217
2025-10-15T10:00:00.000Z,10.184
2025-10-15T11:00:00.000Z,10.500
2025-10-15T12:00:00.000Z,10.970
2025-10-15T13:00:00.000Z,10.004
2025-10-15T14:00:00.000Z,9.639
2025-10-15T15:00:00.000Z,9.441
2025-10-15T16:00:00.000Z,7.860
2025-10-15T17:00:00.000Z,4.634
2025-10-15T18:00:00.000Z,1.349
2025-10-15T19:00:00.000Z,0.541
2025-10-15T20:00:00.000Z,0.247
2025-10-15T21:00:00.000Z,0.138
2025-10-15T22:00:00.000Z,-0.005
2025-10-15T23:00:00.000Z,-0.010
2025-10-16T00:00:00.000Z,-0.010
2025-10-16T01:00:00.000Z,-0.010
2025-10-16T02:00:00.000Z,-0.002
2025-10-16T03:00:00.000Z,0.001
2025-10-16T04:00:00.000Z,0.258
2025-10-16T05:00:00.000Z,0.351
2025-10-16T06:00:00.000Z,0.506
2025-10-16T07:00:00.000Z,0.479
2025-10-16T08:00:00.000Z,0.383
2025-10-16T09:00:00.000Z,0.361
2025-10-16T10:00:00.000Z,0.350
2025-10-16T11:00:00.000Z,0.376
2025-10-16T12:00:00.000Z,0.464
2025-10-16T13:00:00.000Z,2.500
2025-10-16T14:00:00.000Z,1.260
2025-10-16T15:00:00.000Z,3.344
2025-10-16T16:00:00.000Z,4.098
2025-10-16T17:00:00.000Z,4.454
2025-10-16T18:00:00.000Z,3.931
2025-10-16T19:00:00.000Z,3.829
2025-10-16T20:00:00.000Z,3.025
2025-10-16T21:00:00.000Z,2.551
2025-10-16T22:00:00.000Z,1.419
2025-10-16T23:00:00.000Z,1.445
2025-10-17T00:00:00.000Z,1.482
2025-10-17T01:00:00.000Z,1.852
2025-10-17T02:00:00.000Z,2.557
2025-10-17T03:00:00.000Z,11.998
2025-10-17T04:00:00.000Z,18.970
2025-10-17T05:00:00.000Z,26.607
2025-10-17T06:00:00.000Z,24.474
2025-10-17T07:00:00.000Z,16.640
2025-10-17T08:00:00.000Z,14.200
2025-10-17T09:00:00.000Z,15.204
2025-10-17T10:00:00.000Z,16.201
2025-10-17T11:00:00.000Z,16.764
2025-10-17T12:00:00.000Z,16.209
2025-10-17T13:00:00.000Z,15.209
2025-10-17T14:00:00.000Z,16.206
2025-10-17T15:00:00.000Z,16.471
2025-10-17T16:00:00.000Z,16.763
2025-10-17T17:00:00.000Z,16.088
2025-10-17T18:00:00.000Z,10.007
2025-10-17T19:00:00.000Z,9.550
2025-10-17T20:00:00.000Z,9.546
2025-10-17T21:00:00.000Z,8.415
2025-10-17T22:00:00.000Z,10.147
2025-10-17T23:00:00.000Z,9.148
2025-10-18T00:00:00.000Z,8.305
2025-10-18T01:00:00.000Z,7.186
2025-10-18T02:00:00.000Z,6.266
2025-10-18T03:00:00.000Z,5.587
2025-10-18T04:00:00.000Z,4.870
2025-10-18T05:00:00.000Z,5.193
2025-10-18T06:00:00.000Z,6.241
2025-10-18T07:00:00.000Z,3.718
2025-10-18T08:00:00.000Z,4.440
2025-10-18T09:00:00.000Z,4.419
2025-10-18T10:00:00.000Z,3.019
2025-10-18T11:00:00.000Z,2.307
2025-10-18T12:00:00.000Z,2.500
2025-10-18T13:00:00.000Z,3.196
2025-10-18T14:00:00.000Z,3.069
2025-10-18T15:00:00.000Z,3.730
2025-10-18T16:00:00.000Z,4.297
2025-10-18T17:00:00.000Z,3.154
2025-10-18T18:00:00.000Z,1.629
2025-10-18T19:00:00.000Z,0.808
2025-10-18T20:00:00.000Z,0.431
2025-10-18T21:00:00.000Z,0.401
2025-10-18T22:00:00.000Z,0.322
2025-10-18T23:00:00.000Z,0.297
2025-10-19T00:00:00.000Z,0.177
2025-10-19T01:00:00.000Z,0.163
2025-10-19T02:00:00.000Z,0.194
2025-10-19T03:00:00.000Z,0.203
2025-10-19T04:00:00.000Z,0.171
2025-10-19T05:00:00.000Z,0.213
2025-10-19T06:00:00.000Z,0.264
2025-10-19T07:00:00.000Z,0.365
2025-10-19T08:00:00.000Z,0.383
2025-10-19T09:00:00.000Z,0.596
2025-10-19T10:00:00.000Z,0.748
2025-10-19T11:00:00.000Z,0.817
2025-10-19T12:00:00.000Z,0.681
2025-10-19T13:00:00.000Z,0.563
2025-10-19T14:00:00.000Z,0.720
2025-10-19T15:00:00.000Z,1.677
2025-10-19T16:00:00.000Z,2.123
2025-10-19T17:00:00.000Z,1.100
2025-10-19T18:00:00.000Z,0.550
2025-10-19T19:00:00.000Z,0.785
2025-10-19T20:00:00.000Z,0.766
2025-10-19T21:00:00.000Z,0.943
2025-10-19T22:00:00.000Z,1.607
2025-10-19T23:00:00.000Z,1.935
2025-10-20T00:00:00.000Z,2.139
2025-10-20T01:00:00.000Z,2.262
2025-10-20T02:00:00.000Z,2.425
2025-10-20T03:00:00.000Z,3.916
2025-10-20T04:00:00.000Z,8.657
2025-10-20T05:00:00.000Z,15.376
2025-10-20T06:00:00.000Z,15.705
2025-10-20T07:00:00.000Z,11.479
2025-10-20T08:00:00.000Z,6.585
2025-10-20T09:00:00.000Z,6.083
2025-10-20T10:00:00.000Z,5.424
2025-10-20T11:00:00.000Z,5.683
2025-10-20T12:00:00.000Z,6.033
2025-10-20T13:00:00.000Z,8.039
2025-10-20T14:00:00.000Z,8.619
2025-10-20T15:00:00.000Z,9.562
2025-10-20T16:00:00.000Z,10.257
2025-10-20T17:00:00.000Z,7.286
2025-10-20T18:00:00.000Z,3.545
2025-10-20T19:00:00.000Z,2.909
2025-10-20T20:00:00.000Z,2.073
2025-10-20T21:00:00.000Z,1.413
2025-10-20T22:00:00.000Z,0.771
2025-10-20T23:00:00.000Z,0.526
2025-10-21T00:00:00.000Z,0.549
2025-10-21T01:00:00.000Z,0.495
2025-10-21T02:00:00.000Z,0.543
2025-10-21T03:00:00.000Z,0.970
2025-10-21T04:00:00.000Z,1.451
2025-10-21T05:00:00.000Z,1.673
2025-10-21T06:00:00.000Z,1.763
2025-10-21T07:00:00.000Z,1.635
2025-10-21T08:00:00.000Z,1.553
2025-10-21T09:00:00.000Z,1.489
2025-10-21T10:00:00.000Z,1.226
2025-10-21T11:00:00.000Z,1.052
2025-10-21T12:00:00.000Z,1.201
2025-10-21T13:00:00.000Z,1.341
2025-10-21T14:00:00.000Z,1.406
2025-10-21T15:00:00.000Z,1.457
2025-10-21T16:00:00.000Z,1.497
2025-10-21T17:00:00.000Z,1.240
2025-10-21T18:00:00.000Z,0.674
2025-10-21T19:00:00.000Z,0.606
2025-10-21T20:00:00.000Z,0.416
2025-10-21T21:00:00.000Z,0.223
2025-10-21T22:00:00.000Z,0.398
2025-10-21T23:00:00.000Z,0.288
2025-10-22T00:00:00.000Z,0.288
2025-10-22T01:00:00.000Z,0.298
2025-10-22T02:00:00.000Z,0.390
2025-10-22T03:00:00.000Z,0.912
2025-10-22T04:00:00.000Z,1.361
2025-10-22T05:00:00.000Z,1.536
2025-10-22T06:00:00.000Z,2.513
2025-10-22T07:00:00.000Z,2.195
2025-10-22T08:00:00.000Z,1.524
2025-10-22T09:00:00.000Z,1.524
2025-10-22T10:00:00.000Z,1.490
2025-10-22T11:00:00.000Z,1.487
2025-10-22T12:00:00.000Z,1.742
2025-10-22T13:00:00.000Z,1.234
2025-10-22T14:00:00.000Z,0.664
2025-10-22T15:00:00.000Z,1.449
2025-10-22T16:00:00.000Z,0.920
2025-10-22T17:00:00.000Z,0.500
2025-10-22T18:00:00.000Z,0.396
2025-10-22T19:00:00.000Z,0.399
2025-10-22T20:00:00.000Z,0.472
2025-10-22T21:00:00.000Z,0.498
2025-10-22T22:00:00.000Z,0.444
2025-10-22T23:00:00.000Z,0.401
2025-10-23T00:00:00.000Z,0.400
2025-10-23T01:00:00.000Z,0.347
2025-10-23T02:00:00.000Z,0.462
2025-10-23T03:00:00.000Z,0.844
2025-10-23T04:00:00.000Z,1.570
2025-10-23T05:00:00.000Z,2.957
2025-10-23T06:00:00.000Z,5.564
2025-10-23T07:00:00.000Z,6.720
2025-10-23T08:00:00.000Z,6.817
2025-10-23T09:00:00.000Z,6.644
2025-10-23T10:00:00.000Z,6.430
2025-10-23T11:00:00.000Z,6.370
2025-10-23T12:00:00.000Z,6.211
2025-10-23T13:00:00.000Z,6.548
2025-10-23T14:00:00.000Z,6.581
2025-10-23T15:00:00.000Z,6.691
2025-10-23T16:00:00.000Z,6.682
2025-10-23T17:00:00.000Z,6.494
2025-10-23T18:00:00.000Z,4.280
2025-10-23T19:00:00.000Z,3.996
2025-10-23T20:00:00.000Z,3.838
2025-10-23T21:00:00.000Z,3.105
2025-10-23T22:00:00.000Z,1.442
2025-10-23T23:00:00.000Z,1.024
2025-10-24T00:00:00.000Z,1.265
2025-10-24T01:00:00.000Z,1.826
2025-10-24T02:00:00.000Z,2.200
2025-10-24T03:00:00.000Z,4.751
2025-10-24T04:00:00.000Z,8.331
2025-10-24T05:00:00.000Z,9.268
2025-10-24T06:00:00.000Z,13.392
2025-10-24T07:00:00.000Z,11.158
2025-10-24T08:00:00.000Z,11.055
2025-10-24T09:00:00.000Z,10.294
2025-10-24T10:00:00.000Z,8.563
2025-10-24T11:00:00.000Z,8.389
2025-10-24T12:00:00.000Z,9.698
2025-10-24T13:00:00.000Z,8.644
2025-10-24T14:00:00.000Z,8.468
2025-10-24T15:00:00.000Z,12.238
2025-10-24T16:00:00.000Z,6.516
2025-10-24T17:00:00.000Z,4.115
2025-10-24T18:00:00.000Z,3.506
2025-10-24T19:00:00.000Z,3.454
2025-10-24T20:00:00.000Z,2.357
2025-10-24T21:00:00.000Z,1.133
2025-10-24T22:00:00.000Z,0.488
2025-10-24T23:00:00.000Z,0.437
2025-10-25T00:00:00.000Z,0.292
2025-10-25T01:00:00.000Z,0.148
2025-10-25T02:00:00.000Z,0.119
2025-10-25T03:00:00.000Z,0.121
2025-10-25T04:00:00.000Z,0.165
2025-10-25T05:00:00.000Z,0.296
2025-10-25T06:00:00.000Z,0.367
2025-10-25T07:00:00.000Z,0.485
2025-10-25T08:00:00.000Z,0.470
2025-10-25T09:00:00.000Z,0.436
2025-10-25T10:00:00.000Z,0.564
2025-10-25T11:00:00.000Z,0.486
2025-10-25T12:00:00.000Z,0.469
2025-10-25T13:00:00.000Z,0.493
2025-10-25T14:00:00.000Z,0.519
2025-10-25T15:00:00.000Z,0.966
2025-10-25T16:00:00.000Z,0.983
2025-10-25T17:00:00.000Z,0.486
2025-10-25T18:00:00.000Z,0.433
2025-10-25T19:00:00.000Z,0.395
2025-10-25T20:00:00.000Z,0.351
2025-10-25T21:00:00.000Z,0.362
2025-10-25T22:00:00.000Z,0.304
2025-10-25T23:00:00.000Z,0.305
2025-10-26T00:00:00.000Z,0.266
2025-10-26T01:00:00.000Z,0.202
2025-10-26T02:00:00.000Z,0.101
2025-10-26T03:00:00.000Z,0.072
2025-10-26T04:00:00.000Z,0.110
2025-10-26T05:00:00.000Z,0.167
2025-10-26T06:00:00.000Z,0.242
2025-10-26T07:00:00.000Z,0.307
2025-10-26T08:00:00.000Z,0.295
2025-10-26T09:00:00.000Z,0.346
2025-10-26T10:00:00.000Z,0.390
2025-10-26T11:00:00.000Z,0.404
2025-10-26T12:00:00.000Z,0.477
2025-10-26T13:00:00.000Z,0.566
2025-10-26T14:00:00.000Z,0.722
2025-10-26T15:00:00.000Z,1.184
2025-10-26T16:00:00.000Z,1.908
2025-10-26T17:00:00.000Z,2.368
2025-10-26T18:00:00.000Z,2.039
2025-10-26T19:00:00.000Z,1.391
2025-10-26T20:00:00.000Z,1.183
2025-10-26T21:00:00.000Z,1.094
2025-10-26T22:00:00.000Z,0.667
2025-10-26T23:00:00.000Z,0.484
2025-10-27T00:00:00.000Z,0.486
2025-10-27T01:00:00.000Z,0.448
2025-10-27T02:00:00.000Z,0.485
2025-10-27T03:00:00.000Z,0.499
2025-10-27T04:00:00.000Z,1.050
2025-10-27T05:00:00.000Z,3.785
2025-10-27T06:00:00.000Z,6.179
2025-10-27T07:00:00.000Z,7.156
2025-10-27T08:00:00.000Z,6.655
2025-10-27T09:00:00.000Z,6.176
2025-10-27T10:00:00.000Z,6.894
2025-10-27T11:00:00.000Z,5.935
2025-10-27T12:00:00.000Z,5.235
2025-10-27T13:00:00.000Z,5.525
2025-10-27T14:00:00.000Z,5.607
2025-10-27T15:00:00.000Z,6.029
2025-10-27T16:00:00.000Z,5.056
2025-10-27T17:00:00.000Z,5.787
2025-10-27T18:00:00.000Z,6.014
2025-10-27T19:00:00.000Z,5.207
2025-10-27T20:00:00.000Z,4.636
2025-10-27T21:00:00.000Z,3.436
2025-10-27T22:00:00.000Z,1.944
2025-10-27T23:00:00.000Z,2.270
2025-10-28T00:00:00.000Z,2.036
2025-10-28T01:00:00.000Z,1.143
2025-10-28T02:00:00.000Z,1.017
2025-10-28T03:00:00.000Z,1.095
2025-10-28T04:00:00.000Z,2.863
2025-10-28T05:00:00.000Z,5.312
2025-10-28T06:00:00.000Z,6.874
2025-10-28T07:00:00.000Z,7.921
2025-10-28T08:00:00.000Z,7.911
2025-10-28T09:00:00.000Z,7.785
2025-10-28T10:00:00.000Z,7.798
2025-10-28T11:00:00.000Z,7.223
2025-10-28T12:00:00.000Z,6.563
2025-10-28T13:00:00.000Z,7.591
2025-10-28T14:00:00.000Z,9.674
2025-10-28T15:00:00.000Z,11.020
2025-10-28T16:00:00.000Z,11.694
2025-10-28T17:00:00.000Z,10.366
2025-10-28T18:00:00.000Z,9.893
2025-10-28T19:00:00.000Z,8.360
2025-10-28T20:00:00.000Z,7.381
2025-10-28T21:00:00.000Z,6.993
2025-10-28T22:00:00.000Z,6.005
2025-10-28T23:00:00.000Z,5.804
2025-10-29T00:00:00.000Z,5.444
2025-10-29T01:00:00.000Z,5.280
2025-10-29T02:00:00.000Z,5.458
2025-10-29T03:00:00.000Z,6.050
2025-10-29T04:00:00.000Z,7.558
2025-10-29T05:00:00.000Z,10.050
2025-10-29T06:00:00.000Z,9.727
2025-10-29T07:00:00.000Z,11.120
2025-10-29T08:00:00.000Z,9.035
2025-10-29T09:00:00.000Z,10.230
2025-10-29T10:00:00.000Z,10.487
2025-10-29T11:00:00.000Z,9.989
2025-10-29T12:00:00.000Z,9.427
2025-10-29T13:00:00.000Z,8.798
2025-10-29T14:00:00.000Z,10.342
2025-10-29T15:00:00.000Z,11.997
2025-10-29T16:00:00.000Z,14.047
2025-10-29T17:00:00.000Z,13.539
2025-10-29T18:00:00.000Z,11.240
2025-10-29T19:00:00.000Z,9.384
2025-10-29T20:00:00.000Z,8.821
2025-10-29T21:00:00.000Z,6.547
2025-10-29T22:00:00.000Z,5.613
2025-10-29T23:00:00.000Z,6.906
2025-10-30T00:00:00.000Z,6.206
2025-10-30T01:00:00.000Z,5.570
2025-10-30T02:00:00.000Z,5.120
2025-10-30T03:00:00.000Z,5.103
2025-10-30T04:00:00.000Z,5.469
2025-10-30T05:00:00.000Z,7.033
2025-10-30T06:00:00.000Z,8.280
2025-10-30T07:00:00.000Z,8.846
2025-10-30T08:00:00.000Z,7.166
2025-10-30T09:00:00.000Z,6.030
2025-10-30T10:00:00.000Z,4.754
2025-10-30T11:00:00.000Z,4.312
2025-10-30T12:00:00.000Z,3.943
2025-10-30T13:00:00.000Z,3.305
2025-10-30T14:00:00.000Z,2.543
2025-10-30T15:00:00.000Z,2.206
2025-10-30T16:00:00.000Z,1.680
2025-10-30T17:00:00.000Z,1.638
2025-10-30T18:00:00.000Z,1.553
2025-10-30T19:00:00.000Z,1.420
2025-10-30T20:00:00.000Z,1.304
2025-10-30T21:00:00.000Z,0.585
2025-10-30T22:00:00.000Z,0.521
2025-10-30T23:00:00.000Z,0.530
2025-10-31T00:00:00.000Z,0.498
2025-10-31T01:00:00.000Z,0.501
2025-10-31T02:00:00.000Z,0.514
2025-10-31T03:00:00.000Z,0.803
2025-10-31T04:00:00.000Z,1.441
2025-10-31T05:00:00.000Z,2.854
2025-10-31T06:00:00.000Z,6.933
2025-10-31T07:00:00.000Z,8.188
2025-10-31T08:00:00.000Z,6.538
2025-10-31T09:00:00.000Z,7.425
2025-10-31T10:00:00.000Z,7.586
2025-10-31T11:00:00.000Z,6.894
2025-10-31T12:00:00.000Z,7.044
2025-10-31T13:00:00.000Z,9.885
2025-10-31T14:00:00.000Z,11.000
2025-10-31T15:00:00.000Z,13.340
2025-10-31T16:00:00.000Z,10.888
2025-10-31T17:00:00.000Z,9.920
2025-10-31T18:00:00.000Z,8.369
2025-10-31T19:00:00.000Z,6.250
2025-10-31T20:00:00.000Z,6.905
2025-10-31T21:00:00.000Z,6.927
2025-10-31T22:00:00.000Z,4.506
2025-10-31T23:00:00.000Z,4.872
2025-11-01T00:00:00.000Z,4.115
2025-11-01T01:00:00.000Z,4.589
2025-11-01T02:00:00.000Z,4.816
2025-11-01T03:00:00.000Z,5.174
2025-11-01T04:00:00.000Z,4.995
2025-11-01T05:00:00.000Z,5.006
2025-11-01T06:00:00.000Z,6.390
2025-11-01T07:00:00.000Z,5.801
2025-11-01T08:00:00.000Z,7.977
2025-11-01T09:00:00.000Z,7.075
2025-11-01T10:00:00.000Z,5.694
2025-11-01T11:00:00.000Z,5.829
2025-11-01T12:00:00.000Z,6.210
2025-11-01T13:00:00.000Z,7.647
2025-11-01T14:00:00.000Z,9.134
2025-11-01T15:00:00.000Z,9.181
2025-11-01T16:00:00.000Z,6.547
2025-11-01T17:00:00.000Z,4.909
2025-11-01T18:00:00.000Z,3.000
2025-11-01T19:00:00.000Z,1.291
2025-11-01T20:00:00.000Z,1.119
2025-11-01T21:00:00.000Z,1.019
2025-11-01T22:00:00.000Z,0.859
2025-11-01T23:00:00.000Z,0.546
2025-11-02T00:00:00.000Z,0.511
2025-11-02T01:00:00.000Z,0.467
2025-11-02T02:00:00.000Z,0.698
2025-11-02T03:00:00.000Z,0.416
2025-11-02T04:00:00.000Z,0.256
2025-11-02T05:00:00.000Z,0.295
2025-11-02T06:00:00.000Z,0.343
2025-11-02T07:00:00.000Z,0.430
2025-11-02T08:00:00.000Z,0.461
2025-11-02T09:00:00.000Z,0.533
2025-11-02T10:00:00.000Z,0.605
2025-11-02T11:00:00.000Z,0.560
2025-11-02T12:00:00.000Z,0.532
2025-11-02T13:00:00.000Z,0.536
2025-11-02T14:00:00.000Z,0.555
2025-11-02T15:00:00.000Z,0.706
2025-11-02T16:00:00.000Z,1.210
2025-11-02T17:00:00.000Z,1.226
2025-11-02T18:00:00.000Z,0.763
2025-11-02T19:00:00.000Z,0.688
2025-11-02T20:00:00.000Z,1.052
2025-11-02T21:00:00.000Z,1.072
2025-11-02T22:00:00.000Z,1.492
2025-11-02T23:00:00.000Z,0.908
2025-11-03T00:00:00.000Z,1.128
2025-11-03T01:00:00.000Z,0.980
2025-11-03T02:00:00.000Z,1.106
2025-11-03T03:00:00.000Z,0.903
2025-11-03T04:00:00.000Z,1.025
2025-11-03T05:00:00.000Z,3.000
2025-11-03T06:00:00.000Z,5.069
2025-11-03T07:00:00.000Z,5.420
2025-11-03T08:00:00.000Z,4.759
2025-11-03T09:00:00.000Z,4.003
2025-11-03T10:00:00.000Z,3.548
2025-11-03T11:00:00.000Z,3.458
2025-11-03T12:00:00.000Z,3.516
2025-11-03T13:00:00.000Z,3.619
2025-11-03T14:00:00.000Z,3.552
2025-11-03T15:00:00.000Z,2.977
2025-11-03T16:00:00.000Z,3.288
2025-11-03T17:00:00.000Z,2.187
2025-11-03T18:00:00.000Z,1.721
2025-11-03T19:00:00.000Z,1.343
2025-11-03T20:00:00.000Z,1.225
2025-11-03T21:00:00.000Z,1.053
2025-11-03T22:00:00.000Z,0.728
2025-11-03T23:00:00.000Z,0.324
2025-11-04T00:00:00.000Z,0.233
2025-11-04T01:00:00.000Z,0.168
2025-11-04T02:00:00.000Z,0.183
2025-11-04T03:00:00.000Z,0.190
2025-11-04T04:00:00.000Z,0.262
2025-11-04T05:00:00.000Z,0.339
2025-11-04T06:00:00.000Z,0.789
2025-11-04T07:00:00.000Z,0.413
2025-11-04T08:00:00.000Z,0.363
2025-11-04T09:00:00.000Z,0.295
2025-11-04T10:00:00.000Z,0.276
2025-11-04T11:00:00.000Z,0.263
2025-11-04T12:00:00.000Z,0.219
2025-11-04T13:00:00.000Z,0.223
2025-11-04T14:00:00.000Z,0.254
2025-11-04T15:00:00.000Z,0.373
2025-11-04T16:00:00.000Z,0.439
2025-11-04T17:00:00.000Z,0.365
2025-11-04T18:00:00.000Z,0.245
2025-11-04T19:00:00.000Z,0.142
2025-11-04T20:00:00.000Z,0.131
2025-11-04T21:00:00.000Z,0.092
2025-11-04T22:00:00.000Z,0.039
2025-11-04T23:00:00.000Z,-0.008
2025-11-05T00:00:00.000Z,-0.020
2025-11-05T01:00:00.000Z,-0.044
2025-11-05T02:00:00.000Z,-0.004
2025-11-05T03:00:00.000Z,0.006
2025-11-05T04:00:00.000Z,0.138
2025-11-05T05:00:00.000Z,0.294
2025-11-05T06:00:00.000Z,0.850
2025-11-05T07:00:00.000Z,0.924
2025-11-05T08:00:00.000Z,1.212
2025-11-05T09:00:00.000Z,1.193
2025-11-05T10:00:00.000Z,1.161
2025-11-05T11:00:00.000Z,1.234
2025-11-05T12:00:00.000Z,1.315
2025-11-05T13:00:00.000Z,1.270
2025-11-05T14:00:00.000Z,1.337
2025-11-05T15:00:00.000Z,1.360
2025-11-05T16:00:00.000Z,1.340
2025-11-05T17:00:00.000Z,1.354
2025-11-05T18:00:00.000Z,1.238
2025-11-05T19:00:00.000Z,1.177
2025-11-05T20:00:00.000Z,1.129
2025-11-05T21:00:00.000Z,0.972
2025-11-05T22:00:00.000Z,0.837
2025-11-05T23:00:00.000Z,0.240
2025-11-06T00:00:00.000Z,0.255
2025-11-06T01:00:00.000Z,0.257
2025-11-06T02:00:00.000Z,0.287
2025-11-06T03:00:00.000Z,0.378
2025-11-06T04:00:00.000Z,1.095
2025-11-06T05:00:00.000Z,1.477
2025-11-06T06:00:00.000Z,1.685
2025-11-06T07:00:00.000Z,1.779
2025-11-06T08:00:00.000Z,2.574
2025-11-06T09:00:00.000Z,3.985
2025-11-06T10:00:00.000Z,4.603
2025-11-06T11:00:00.000Z,4.034
2025-11-06T12:00:00.000Z,3.477
2025-11-06T13:00:00.000Z,3.420
2025-11-06T14:00:00.000Z,2.185
2025-11-06T15:00:00.000Z,2.997
2025-11-06T16:00:00.000Z,3.534
2025-11-06T17:00:00.000Z,3.432
2025-11-06T18:00:00.000Z,3.001
2025-11-06T19:00:00.000Z,2.062
2025-11-06T20:00:00.000Z,1.942
2025-11-06T21:00:00.000Z,1.770
2025-11-06T22:00:00.000Z,1.553
2025-11-06T23:00:00.000Z,1.501
2025-11-07T00:00:00.000Z,1.515
2025-11-07T01:00:00.000Z,1.507
2025-11-07T02:00:00.000Z,1.514
2025-11-07T03:00:00.000Z,1.587
2025-11-07T04:00:00.000Z,2.869
2025-11-07T05:00:00.000Z,4.120
2025-11-07T06:00:00.000Z,6.497
2025-11-07T07:00:00.000Z,8.796
2025-11-07T08:00:00.000Z,8.692
2025-11-07T09:00:00.000Z,9.177
2025-11-07T10:00:00.000Z,7.999
2025-11-07T11:00:00.000Z,8.796
2025-11-07T12:00:00.000Z,8.770
2025-11-07T13:00:00.000Z,8.040
2025-11-07T14:00:00.000Z,9.433
2025-11-07T15:00:00.000Z,11.694
2025-11-07T16:00:00.000Z,9.928
2025-11-07T17:00:00.000Z,9.348
2025-11-07T18:00:00.000Z,6.500
2025-11-07T19:00:00.000Z,4.747
2025-11-07T20:00:00.000Z,4.501
2025-11-07T21:00:00.000Z,3.335
2025-11-07T22:00:00.000Z,2.333
2025-11-07T23:00:00.000Z,2.725
2025-11-08T00:00:00.000Z,2.745
2025-11-08T01:00:00.000Z,2.847
2025-11-08T02:00:00.000Z,2.623
2025-11-08T03:00:00.000Z,3.705
2025-11-08T04:00:00.000Z,3.916
2025-11-08T05:00:00.000Z,3.329
2025-11-08T06:00:00.000Z,3.431
2025-11-08T07:00:00.000Z,3.846
2025-11-08T08:00:00.000Z,4.550
2025-11-08T09:00:00.000Z,4.500
2025-11-08T10:00:00.000Z,4.652
2025-11-08T11:00:00.000Z,4.951
2025-11-08T12:00:00.000Z,5.086
2025-11-08T13:00:00.000Z,6.477
2025-11-08T14:00:00.000Z,7.731
2025-11-08T15:00:00.000Z,9.800
2025-11-08T16:00:00.000Z,10.112
2025-11-08T17:00:00.000Z,8.227
2025-11-08T18:00:00.000Z,4.935
2025-11-08T19:00:00.000Z,3.301
2025-11-08T20:00:00.000Z,2.484
2025-11-08T21:00:00.000Z,2.094
2025-11-08T22:00:00.000Z,1.759
2025-11-08T23:00:00.000Z,1.640
2025-11-09T00:00:00.000Z,1.553
2025-11-09T01:00:00.000Z,1.535
2025-11-09T02:00:00.000Z,1.593
2025-11-09T03:00:00.000Z,1.588
2025-11-09T04:00:00.000Z,1.632
2025-11-09T05:00:00.000Z,1.613
2025-11-09T06:00:00.000Z,1.669
2025-11-09T07:00:00.000Z,1.694
2025-11-09T08:00:00.000Z,1.820
2025-11-09T09:00:00.000Z,3.587
2025-11-09T10:00:00.000Z,3.887
2025-11-09T11:00:00.000Z,3.859
2025-11-09T12:00:00.000Z,3.849
2025-11-09T13:00:00.000Z,3.850
2025-11-09T14:00:00.000Z,4.348
2025-11-09T15:00:00.000Z,4.362
2025-11-09T16:00:00.000Z,4.591
2025-11-09T17:00:00.000Z,4.481
2025-11-09T18:00:00.000Z,4.028
2025-11-09T19:00:00.000Z,3.271
2025-11-09T20:00:00.000Z,3.153
2025-11-09T21:00:00.000Z,2.218
2025-11-09T22:00:00.000Z,1.854
2025-11-09T23:00:00.000Z,1.828
2025-11-10T00:00:00.000Z,1.824
2025-11-10T01:00:00.000Z,1.811
2025-11-10T02:00:00.000Z,1.812
2025-11-10T03:00:00.000Z,1.833
2025-11-10T04:00:00.000Z,3.300
2025-11-10T05:00:00.000Z,8.176
2025-11-10T06:00:00.000Z,11.333
2025-11-10T07:00:00.000Z,11.857
2025-11-10T08:00:00.000Z,11.157
2025-11-10T09:00:00.000Z,10.590
2025-11-10T10:00:00.000Z,10.450
2025-11-10T11:00:00.000Z,10.014
2025-11-10T12:00:00.000Z,10.156
2025-11-10T13:00:00.000Z,10.641
2025-11-10T14:00:00.000Z,11.390
2025-11-10T15:00:00.000Z,12.275
2025-11-10T16:00:00.000Z,13.595
2025-11-10T17:00:00.000Z,12.076
2025-11-10T18:00:00.000Z,9.345
2025-11-10T19:00:00.000Z,8.404
2025-11-10T20:00:00.000Z,8.131
2025-11-10T21:00:00.000Z,6.668
2025-11-10T22:00:00.000Z,5.837
2025-11-10T23:00:00.000Z,7.121
2025-11-11T00:00:00.000Z,5.394
2025-11-11T01:00:00.000Z,4.775
2025-11-11T02:00:00.000Z,4.479
2025-11-11T03:00:00.000Z,4.423
2025-11-11T04:00:00.000Z,8.606
2025-11-11T05:00:00.000Z,9.222
2025-11-11T06:00:00.000Z,9.746
2025-11-11T07:00:00.000Z,9.588
2025-11-11T08:00:00.000Z,8.723
2025-11-11T09:00:00.000Z,8.170
2025-11-11T10:00:00.000Z,7.841
2025-11-11T11:00:00.000Z,7.659
2025-11-11T12:00:00.000Z,7.313
2025-11-11T13:00:00.000Z,7.299
2025-11-11T14:00:00.000Z,8.131
2025-11-11T15:00:00.000Z,7.201
2025-11-11T16:00:00.000Z,8.395
2025-11-11T17:00:00.000Z,5.001
2025-11-11T18:00:00.000Z,2.041
2025-11-11T19:00:00.000Z,1.391
2025-11-11T20:00:00.000Z,1.278
2025-11-11T21:00:00.000Z,0.726
2025-11-11T22:00:00.000Z,0.519
2025-11-11T23:00:00.000Z,0.580
2025-11-12T00:00:00.000Z,0.485
2025-11-12T01:00:00.000Z,0.452
2025-11-12T02:00:00.000Z,0.426
2025-11-12T03:00:00.000Z,0.431
2025-11-12T04:00:00.000Z,0.507
2025-11-12T05:00:00.000Z,1.001
2025-11-12T06:00:00.000Z,0.990
2025-11-12T07:00:00.000Z,1.135
2025-11-12T08:00:00.000Z,0.981
2025-11-12T09:00:00.000Z,0.996
2025-11-12T10:00:00.000Z,0.764
2025-11-12T11:00:00.000Z,0.742
2025-11-12T12:00:00.000Z,0.729
2025-11-12T13:00:00.000Z,0.732
2025-11-12T14:00:00.000Z,0.705
2025-11-12T15:00:00.000Z,0.681
2025-11-12T16:00:00.000Z,0.580
2025-11-12T17:00:00.000Z,0.550
2025-11-12T18:00:00.000Z,0.477
2025-11-12T19:00:00.000Z,0.278
2025-11-12T20:00:00.000Z,0.196
2025-11-12T21:00:00.000Z,0.074
2025-11-12T22:00:00.000Z,-0.001
2025-11-12T23:00:00.000Z,0.011
2025-11-13T00:00:00.000Z,0.032
2025-11-13T01:00:00.000Z,0.031
2025-11-13T02:00:00.000Z,0.018
2025-11-13T03:00:00.000Z,0.094
2025-11-13T04:00:00.000Z,0.160
2025-11-13T05:00:00.000Z,0.397
2025-11-13T06:00:00.000Z,1.209
2025-11-13T07:00:00.000Z,1.330
2025-11-13T08:00:00.000Z,1.507
2025-11-13T09:00:00.000Z,2.350
2025-11-13T10:00:00.000Z,2.138
2025-11-13T11:00:00.000Z,2.339
2025-11-13T12:00:00.000Z,1.696
2025-11-13T13:00:00.000Z,1.433
2025-11-13T14:00:00.000Z,1.381
2025-11-13T15:00:00.000Z,1.421
2025-11-13T16:00:00.000Z,1.457
2025-11-13T17:00:00.000Z,1.439
2025-11-13T18:00:00.000Z,1.350
2025-11-13T19:00:00.000Z,0.926
2025-11-13T20:00:00.000Z,0.500
2025-11-13T21:00:00.000Z,0.441
2025-11-13T22:00:00.000Z,0.382
2025-11-13T23:00:00.000Z,0.320
2025-11-14T00:00:00.000Z,0.309
2025-11-14T01:00:00.000Z,0.335
2025-11-14T02:00:00.000Z,0.349
2025-11-14T03:00:00.000Z,0.450
2025-11-14T04:00:00.000Z,1.418
2025-11-14T05:00:00.000Z,2.792
2025-11-14T06:00:00.000Z,7.326
2025-11-14T07:00:00.000Z,8.664
2025-11-14T08:00:00.000Z,8.324
2025-11-14T09:00:00.000Z,7.753
2025-11-14T10:00:00.000Z,7.385
2025-11-14T11:00:00.000Z,6.954
2025-11-14T12:00:00.000Z,7.029
2025-11-14T13:00:00.000Z,6.809
2025-11-14T14:00:00.000Z,7.341
2025-11-14T15:00:00.000Z,6.935
2025-11-14T16:00:00.000Z,7.099
2025-11-14T17:00:00.000Z,4.907
2025-11-14T18:00:00.000Z,3.053
2025-11-14T19:00:00.000Z,1.668
2025-11-14T20:00:00.000Z,1.555
2025-11-14T21:00:00.000Z,1.372
2025-11-14T22:00:00.000Z,1.217
2025-11-14T23:00:00.000Z,1.207
2025-11-15T00:00:00.000Z,0.627
2025-11-15T01:00:00.000Z,0.489
2025-11-15T02:00:00.000Z,0.474
2025-11-15T03:00:00.000Z,0.483
2025-11-15T04:00:00.000Z,0.488
2025-11-15T05:00:00.000Z,0.541
2025-11-15T06:00:00.000Z,0.594
2025-11-15T07:00:00.000Z,0.622
2025-11-15T08:00:00.000Z,0.614
2025-11-15T09:00:00.000Z,0.632
2025-11-15T10:00:00.000Z,0.618
2025-11-15T11:00:00.000Z,0.618
2025-11-15T12:00:00.000Z,0.631
2025-11-15T13:00:00.000Z,0.642
2025-11-15T14:00:00.000Z,0.845
2025-11-15T15:00:00.000Z,1.013
2025-11-15T16:00:00.000Z,0.829
2025-11-15T17:00:00.000Z,0.688
2025-11-15T18:00:00.000Z,0.630
2025-11-15T19:00:00.000Z,0.567
2025-11-15T20:00:00.000Z,0.550
2025-11-15T21:00:00.000Z,0.526
2025-11-15T22:00:00.000Z,0.465
2025-11-15T23:00:00.000Z,0.389
2025-11-16T00:00:00.000Z,0.392
2025-11-16T01:00:00.000Z,0.440
2025-11-16T02:00:00.000Z,0.507
2025-11-16T03:00:00.000Z,0.764
2025-11-16T04:00:00.000Z,1.380
2025-11-16T05:00:00.000Z,1.472
2025-11-16T06:00:00.000Z,1.666
2025-11-16T07:00:00.000Z,1.862
2025-11-16T08:00:00.000Z,3.091
2025-11-16T09:00:00.000Z,4.515
2025-11-16T10:00:00.000Z,4.761
2025-11-16T11:00:00.000Z,4.758
2025-11-16T12:00:00.000Z,5.270
2025-11-16T13:00:00.000Z,5.621
2025-11-16T14:00:00.000Z,6.104
2025-11-16T15:00:00.000Z,7.133
2025-11-16T16:00:00.000Z,7.536
2025-11-16T17:00:00.000Z,7.452
2025-11-16T18:00:00.000Z,6.399
2025-11-16T19:00:00.000Z,5.256
2025-11-16T20:00:00.000Z,4.793
2025-11-16T21:00:00.000Z,4.670
2025-11-16T22:00:00.000Z,3.978
2025-11-16T23:00:00.000Z,5.051
2025-11-17T00:00:00.000Z,3.793
2025-11-17T01:00:00.000Z,3.633
2025-11-17T02:00:00.000Z,3.771
2025-11-17T03:00:00.000Z,4.027
2025-11-17T04:00:00.000Z,5.015
2025-11-17T05:00:00.000Z,7.243
2025-11-17T06:00:00.000Z,9.444
2025-11-17T07:00:00.000Z,11.143
2025-11-17T08:00:00.000Z,10.506
2025-11-17T09:00:00.000Z,9.653
2025-11-17T10:00:00.000Z,8.312
2025-11-17T11:00:00.000Z,10.082
2025-11-17T12:00:00.000Z,9.344
2025-11-17T13:00:00.000Z,8.610
2025-11-17T14:00:00.000Z,9.286
2025-11-17T15:00:00.000Z,9.749
2025-11-17T16:00:00.000Z,10.315
2025-11-17T17:00:00.000Z,10.005
2025-11-17T18:00:00.000Z,9.669
2025-11-17T19:00:00.000Z,9.029
2025-11-17T20:00:00.000Z,9.073
2025-11-17T21:00:00.000Z,8.562
2025-11-17T22:00:00.000Z,7.831
2025-11-17T23:00:00.000Z,8.312
2025-11-18T00:00:00.000Z,8.119
2025-11-18T01:00:00.000Z,7.765
2025-11-18T02:00:00.000Z,7.634
2025-11-18T03:00:00.000Z,7.920
2025-11-18T04:00:00.000Z,8.438
2025-11-18T05:00:00.000Z,10.984
2025-11-18T06:00:00.000Z,11.848
2025-11-18T07:00:00.000Z,12.288
2025-11-18T08:00:00.000Z,11.507
2025-11-18T09:00:00.000Z,10.007
2025-11-18T10:00:00.000Z,9.319
2025-11-18T11:00:00.000Z,9.425
2025-11-18T12:00:00.000Z,10.964
2025-11-18T13:00:00.000Z,12.529
2025-11-18T14:00:00.000Z,13.639
2025-11-18T15:00:00.000Z,16.546
2025-11-18T16:00:00.000Z,15.679
2025-11-18T17:00:00.000Z,16.669
2025-11-18T18:00:00.000Z,13.918
2025-11-18T19:00:00.000Z,11.131
2025-11-18T20:00:00.000Z,10.073
2025-11-18T21:00:00.000Z,9.811
2025-11-18T22:00:00.000Z,8.996
2025-11-18T23:00:00.000Z,8.966
2025-11-19T00:00:00.000Z,8.787
2025-11-19T01:00:00.000Z,8.575
2025-11-19T02:00:00.000Z,8.472
2025-11-19T03:00:00.000Z,8.658
2025-11-19T04:00:00.000Z,10.036
2025-11-19T05:00:00.000Z,11.378
2025-11-19T06:00:00.000Z,14.418
2025-11-19T07:00:00.000Z,15.734
2025-11-19T08:00:00.000Z,14.489
2025-11-19T09:00:00.000Z,12.996
2025-11-19T10:00:00.000Z,12.154
2025-11-19T11:00:00.000Z,12.057
2025-11-19T12:00:00.000Z,12.415
2025-11-19T13:00:00.000Z,13.054
2025-11-19T14:00:00.000Z,16.758
2025-11-19T15:00:00.000Z,17.604
2025-11-19T16:00:00.000Z,17.001
2025-11-19T17:00:00.000Z,14.695
2025-11-19T18:00:00.000Z,12.862
2025-11-19T19:00:00.000Z,10.836
2025-11-19T20:00:00.000Z,10.216
2025-11-19T21:00:00.000Z,9.917
2025-11-19T22:00:00.000Z,8.950
2025-11-19T23:00:00.000Z,9.106
2025-11-20T00:00:00.000Z,8.725
2025-11-20T01:00:00.000Z,8.488
2025-11-20T02:00:00.000Z,8.454
2025-11-20T03:00:00.000Z,8.470
2025-11-20T04:00:00.000Z,8.937
2025-11-20T05:00:00.000Z,10.309
2025-11-20T06:00:00.000Z,14.441
2025-11-20T07:00:00.000Z,15.623
2025-11-20T08:00:00.000Z,15.314
2025-11-20T09:00:00.000Z,14.193
2025-11-20T10:00:00.000Z,13.223
2025-11-20T11:00:00.000Z,12.789
2025-11-20T12:00:00.000Z,12.679
2025-11-20T13:00:00.000Z,13.420
2025-11-20T14:00:00.000Z,14.969
2025-11-20T15:00:00.000Z,17.312
2025-11-20T16:00:00.000Z,17.495
2025-11-20T17:00:00.000Z,16.288
2025-11-20T18:00:00.000Z,15.197
2025-11-20T19:00:00.000Z,13.256
2025-11-20T20:00:00.000Z,11.540
2025-11-20T21:00:00.000Z,10.435
2025-11-20T22:00:00.000Z,9.086
2025-11-20T23:00:00.000Z,9.573
2025-11-21T00:00:00.000Z,9.183
2025-11-21T01:00:00.000Z,8.757
2025-11-21T02:00:00.000Z,8.654
2025-11-21T03:00:00.000Z,8.865
2025-11-21T04:00:00.000Z,9.656
2025-11-21T05:00:00.000Z,12.441
2025-11-21T06:00:00.000Z,17.645
2025-11-21T07:00:00.000Z,19.994
2025-11-21T08:00:00.000Z,17.852
2025-11-21T09:00:00.000Z,14.823
2025-11-21T10:00:00.000Z,13.715
2025-11-21T11:00:00.000Z,13.026
2025-11-21T12:00:00.000Z,13.538
2025-11-21T13:00:00.000Z,15.171
2025-11-21T14:00:00.000Z,19.384
2025-11-21T15:00:00.000Z,24.565
2025-11-21T16:00:00.000Z,24.432
2025-11-21T17:00:00.000Z,19.931
2025-11-21T18:00:00.000Z,16.670
2025-11-21T19:00:00.000Z,13.769
2025-11-21T20:00:00.000Z,11.013
2025-11-21T21:00:00.000Z,10.275
2025-11-21T22:00:00.000Z,9.197
2025-11-21T23:00:00.000Z,6.270
2025-11-22T00:00:00.000Z,3.434
2025-11-22T01:00:00.000Z,2.566
2025-11-22T02:00:00.000Z,2.132
2025-11-22T03:00:00.000Z,2.039
2025-11-22T04:00:00.000Z,1.943
2025-11-22T05:00:00.000Z,2.002
2025-11-22T06:00:00.000Z,2.224
2025-11-22T07:00:00.000Z,2.404
2025-11-22T08:00:00.000Z,2.774
2025-11-22T09:00:00.000Z,2.761
2025-11-22T10:00:00.000Z,2.449
2025-11-22T11:00:00.000Z,2.195
2025-11-22T12:00:00.000Z,1.875
2025-11-22T13:00:00.000Z,1.800
2025-11-22T14:00:00.000Z,2.324
2025-11-22T15:00:00.000Z,2.385
2025-11-22T16:00:00.000Z,2.639
2025-11-22T17:00:00.000Z,2.865
2025-11-22T18:00:00.000Z,2.933
2025-11-22T19:00:00.000Z,3.000
2025-11-22T20:00:00.000Z,3.249
2025-11-22T21:00:00.000Z,3.087
2025-11-22T22:00:00.000Z,2.940
2025-11-22T23:00:00.000Z,0.920
2025-11-23T00:00:00.000Z,0.934
2025-11-23T01:00:00.000Z,1.113
2025-11-23T02:00:00.000Z,1.379
2025-11-23T03:00:00.000Z,1.875
2025-11-23T04:00:00.000Z,2.124
2025-11-23T05:00:00.000Z,2.746
2025-11-23T06:00:00.000Z,3.815
2025-11-23T07:00:00.000Z,4.920
2025-11-23T08:00:00.000Z,6.293
2025-11-23T09:00:00.000Z,6.545
2025-11-23T10:00:00.000Z,6.665
2025-11-23T11:00:00.000Z,6.793
2025-11-23T12:00:00.000Z,6.627
2025-11-23T13:00:00.000Z,6.949
2025-11-23T14:00:00.000Z,7.729
2025-11-23T15:00:00.000Z,7.789
2025-11-23T16:00:00.000Z,8.084
2025-11-23T17:00:00.000Z,8.254
2025-11-23T18:00:00.000Z,8.375
2025-11-23T19:00:00.000Z,7.785
2025-11-23T20:00:00.000Z,7.386
2025-11-23T21:00:00.000Z,7.323
2025-11-23T22:00:00.000Z,6.931
2025-11-23T23:00:00.000Z,6.760
2025-11-24T00:00:00.000Z,6.789
2025-11-24T01:00:00.000Z,6.864
2025-11-24T02:00:00.000Z,6.922
2025-11-24T03:00:00.000Z,6.924
2025-11-24T04:00:00.000Z,7.616
2025-11-24T05:00:00.000Z,9.229
2025-11-24T06:00:00.000Z,10.133
2025-11-24T07:00:00.000Z,10.410
2025-11-24T08:00:00.000Z,12.470
2025-11-24T09:00:00.000Z,14.066
2025-11-24T10:00:00.000Z,12.937
2025-11-24T11:00:00.000Z,12.393
2025-11-24T12:00:00.000Z,12.050
2025-11-24T13:00:00.000Z,13.261
2025-11-24T14:00:00.000Z,14.824
2025-11-24T15:00:00.000Z,17.156
2025-11-24T16:00:00.000Z,18.075
2025-11-24T17:00:00.000Z,16.169
2025-11-24T18:00:00.000Z,13.619
2025-11-24T19:00:00.000Z,11.225
2025-11-24T20:00:00.000Z,10.209
2025-11-24T21:00:00.000Z,9.270
2025-11-24T22:00:00.000Z,8.003
2025-11-24T23:00:00.000Z,6.787
2025-11-25T00:00:00.000Z,6.483
2025-11-25T01:00:00.000Z,6.345
2025-11-25T02:00:00.000Z,6.205
2025-11-25T03:00:00.000Z,6.281
2025-11-25T04:00:00.000Z,6.658
2025-11-25T05:00:00.000Z,8.227
2025-11-25T06:00:00.000Z,16.632
2025-11-25T07:00:00.000Z,19.958
2025-11-25T08:00:00.000Z,18.426
2025-11-25T09:00:00.000Z,16.545
2025-11-25T10:00:00.000Z,18.914
2025-11-25T11:00:00.000Z,20.093
2025-11-25T12:00:00.000Z,18.310
2025-11-25T13:00:00.000Z,17.284
2025-11-25T14:00:00.000Z,16.772
2025-11-25T15:00:00.000Z,13.226
2025-11-25T16:00:00.000Z,10.767
2025-11-25T17:00:00.000Z,12.454
2025-11-25T18:00:00.000Z,10.130
2025-11-25T19:00:00.000Z,5.979
2025-11-25T20:00:00.000Z,7.064
2025-11-25T21:00:00.000Z,6.035
2025-11-25T22:00:00.000Z,4.788
2025-11-25T23:00:00.000Z,4.149
2025-11-26T00:00:00.000Z,2.279
2025-11-26T01:00:00.000Z,2.157
2025-11-26T02:00:00.000Z,2.268
2025-11-26T03:00:00.000Z,2.281
2025-11-26T04:00:00.000Z,4.385
2025-11-26T05:00:00.000Z,6.091
2025-11-26T06:00:00.000Z,4.301
2025-11-26T07:00:00.000Z,3.939
2025-11-26T08:00:00.000Z,3.890
2025-11-26T09:00:00.000Z,4.098
2025-11-26T10:00:00.000Z,3.014
2025-11-26T11:00:00.000Z,2.836
2025-11-26T12:00:00.000Z,2.116
2025-11-26T13:00:00.000Z,1.564
2025-11-26T14:00:00.000Z,2.129
2025-11-26T15:00:00.000Z,1.103
2025-11-26T16:00:00.000Z,0.703
2025-11-26T17:00:00.000Z,0.691
2025-11-26T18:00:00.000Z,0.660
2025-11-26T19:00:00.000Z,0.580
2025-11-26T20:00:00.000Z,0.565
2025-11-26T21:00:00.000Z,0.503
2025-11-26T22:00:00.000Z,0.452
2025-11-26T23:00:00.000Z,0.474
2025-11-27T00:00:00.000Z,0.394
2025-11-27T01:00:00.000Z,0.331
2025-11-27T02:00:00.000Z,0.296
2025-11-27T03:00:00.000Z,0.306
2025-11-27T04:00:00.000Z,0.342
2025-11-27T05:00:00.000Z,0.407
2025-11-27T06:00:00.000Z,0.498
2025-11-27T07:00:00.000Z,0.546
2025-11-27T08:00:00.000Z,0.500
2025-11-27T09:00:00.000Z,0.477
2025-11-27T10:00:00.000Z,0.463
2025-11-27T11:00:00.000Z,0.494
2025-11-27T12:00:00.000Z,0.546
2025-11-27T13:00:00.000Z,0.472
2025-11-27T14:00:00.000Z,0.507
2025-11-27T15:00:00.000Z,0.496
2025-11-27T16:00:00.000Z,0.502
2025-11-27T17:00:00.000Z,0.563
2025-11-27T18:00:00.000Z,0.527
2025-11-27T19:00:00.000Z,0.508
2025-11-27T20:00:00.000Z,0.543
2025-11-27T21:00:00.000Z,0.499
2025-11-27T22:00:00.000Z,0.438
2025-11-27T23:00:00.000Z,0.598
2025-11-28T00:00:00.000Z,0.597
2025-11-28T01:00:00.000Z,0.411
2025-11-28T02:00:00.000Z,0.385
2025-11-28T03:00:00.000Z,0.321
2025-11-28T04:00:00.000Z,0.333
2025-11-28T05:00:00.000Z,0.388
2025-11-28T06:00:00.000Z,0.411
2025-11-28T07:00:00.000Z,0.406
2025-11-28T08:00:00.000Z,0.388
2025-11-28T09:00:00.000Z,0.375
2025-11-28T10:00:00.000Z,0.352
2025-11-28T11:00:00.000Z,0.345
2025-11-28T12:00:00.000Z,0.307
2025-11-28T13:00:00.000Z,0.266
2025-11-28T14:00:00.000Z,0.317
2025-11-28T15:00:00.000Z,0.388
2025-11-28T16:00:00.000Z,0.399
2025-11-28T17:00:00.000Z,0.218
2025-11-28T18:00:00.000Z,0.170
2025-11-28T19:00:00.000Z,0.063
2025-11-28T20:00:00.000Z,0.103
2025-11-28T21:00:00.000Z,0.004
2025-11-28T22:00:00.000Z,-0.001
2025-11-28T23:00:00.000Z,0.000
2025-11-29T00:00:00.000Z,-0.001
2025-11-29T01:00:00.000Z,-0.001
2025-11-29T02:00:00.000Z,-0.001
2025-11-29T03:00:00.000Z,-0.001
2025-11-29T04:00:00.000Z,0.000
2025-11-29T05:00:00.000Z,0.000
2025-11-29T06:00:00.000Z,0.000
2025-11-29T07:00:00.000Z,0.001
2025-11-29T08:00:00.000Z,0.002
2025-11-29T09:00:00.000Z,0.066
2025-11-29T10:00:00.000Z,0.121
2025-11-29T11:00:00.000Z,0.056
2025-11-29T12:00:00.000Z,0.078
2025-11-29T13:00:00.000Z,0.198
2025-11-29T14:00:00.000Z,0.203
2025-11-29T15:00:00.000Z,0.299
2025-11-29T16:00:00.000Z,0.262
2025-11-29T17:00:00.000Z,0.297
2025-11-29T18:00:00.000Z,0.206
2025-11-29T19:00:00.000Z,0.181
2025-11-29T20:00:00.000Z,0.186
2025-11-29T21:00:00.000Z,0.199
2025-11-29T22:00:00.000Z,0.173
2025-11-29T23:00:00.000Z,0.000
2025-11-30T00:00:00.000Z,0.000
2025-11-30T01:00:00.000Z,0.002
2025-11-30T02:00:00.000Z,0.199
2025-11-30T03:00:00.000Z,0.225
2025-11-30T04:00:00.000Z,0.431
2025-11-30T05:00:00.000Z,0.786
2025-11-30T06:00:00.000Z,1.022
2025-11-30T07:00:00.000Z,1.022
2025-11-30T08:00:00.000Z,1.534
2025-11-30T09:00:00.000Z,2.069
2025-11-30T10:00:00.000Z,2.638
2025-11-30T11:00:00.000Z,3.000
2025-11-30T12:00:00.000Z,3.238
2025-11-30T13:00:00.000Z,3.527
2025-11-30T14:00:00.000Z,4.289
2025-11-30T15:00:00.000Z,5.185
2025-11-30T16:00:00.000Z,6.538
2025-11-30T17:00:00.000Z,5.019
2025-11-30T18:00:00.000Z,4.819
2025-11-30T19:00:00.000Z,4.058
2025-11-30T20:00:00.000Z,3.629
2025-11-30T21:00:00.000Z,3.092
2025-11-30T22:00:00.000Z,2.077
2025-11-30T23:00:00.000Z,1.852
2025-12-01T00:00:00.000Z,1.653
2025-12-01T01:00:00.000Z,1.578
2025-12-01T02:00:00.000Z,1.586
2025-12-01T03:00:00.000Z,1.624
2025-12-01T04:00:00.000Z,2.423
2025-12-01T05:00:00.000Z,3.264
2025-12-01T06:00:00.000Z,4.379
2025-12-01T07:00:00.000Z,6.925
2025-12-01T08:00:00.000Z,7.560
2025-12-01T09:00:00.000Z,7.794
2025-12-01T10:00:00.000Z,7.647
2025-12-01T11:00:00.000Z,7.458
2025-12-01T12:00:00.000Z,7.646
2025-12-01T13:00:00.000Z,7.598
2025-12-01T14:00:00.000Z,7.692
2025-12-01T15:00:00.000Z,7.925
2025-12-01T16:00:00.000Z,7.874
2025-12-01T17:00:00.000Z,7.402
2025-12-01T18:00:00.000Z,6.967
2025-12-01T19:00:00.000Z,6.564
2025-12-01T20:00:00.000Z,5.375
2025-12-01T21:00:00.000Z,4.179
2025-12-01T22:00:00.000Z,4.967
2025-12-01T23:00:00.000Z,3.316
2025-12-02T00:00:00.000Z,3.404
2025-12-02T01:00:00.000Z,4.816
2025-12-02T02:00:00.000Z,5.001
2025-12-02T03:00:00.000Z,5.512
2025-12-02T04:00:00.000Z,9.946
2025-12-02T05:00:00.000Z,9.300
2025-12-02T06:00:00.000Z,9.892
2025-12-02T07:00:00.000Z,10.474
2025-12-02T08:00:00.000Z,9.245
2025-12-02T09:00:00.000Z,5.801
2025-12-02T10:00:00.000Z,7.499
2025-12-02T11:00:00.000Z,6.785
2025-12-02T12:00:00.000Z,2.536
2025-12-02T13:00:00.000Z,1.261
2025-12-02T14:00:00.000Z,1.151
2025-12-02T15:00:00.000Z,0.893
2025-12-02T16:00:00.000Z,0.803
2025-12-02T17:00:00.000Z,0.671
2025-12-02T18:00:00.000Z,0.639
2025-12-02T19:00:00.000Z,0.401
2025-12-02T20:00:00.000Z,0.349
2025-12-02T21:00:00.000Z,0.222
2025-12-02T22:00:00.000Z,0.201
2025-12-02T23:00:00.000Z,0.125
2025-12-03T00:00:00.000Z,0.088
2025-12-03T01:00:00.000Z,0.022
2025-12-03T02:00:00.000Z,0.111
2025-12-03T03:00:00.000Z,0.170
2025-12-03T04:00:00.000Z,0.214
2025-12-03T05:00:00.000Z,0.459
2025-12-03T06:00:00.000Z,0.740
2025-12-03T07:00:00.000Z,0.899
2025-12-03T08:00:00.000Z,1.145
2025-12-03T09:00:00.000Z,1.497
2025-12-03T10:00:00.000Z,2.002
2025-12-03T11:00:00.000Z,2.001
2025-12-03T12:00:00.000Z,2.297
2025-12-03T13:00:00.000Z,2.599
2025-12-03T14:00:00.000Z,3.791
2025-12-03T15:00:00.000Z,3.875
2025-12-03T16:00:00.000Z,4.001
2025-12-03T17:00:00.000Z,4.999
2025-12-03T18:00:00.000Z,4.723
2025-12-03T19:00:00.000Z,3.000
2025-12-03T20:00:00.000Z,3.417
2025-12-03T21:00:00.000Z,3.047
2025-12-03T22:00:00.000Z,2.550
2025-12-03T23:00:00.000Z,2.247
2025-12-04T00:00:00.000Z,2.314
2025-12-04T01:00:00.000Z,2.599
2025-12-04T02:00:00.000Z,3.134
2025-12-04T03:00:00.000Z,3.998
2025-12-04T04:00:00.000Z,6.333
2025-12-04T05:00:00.000Z,7.581
2025-12-04T06:00:00.000Z,11.111
2025-12-04T07:00:00.000Z,13.092
2025-12-04T08:00:00.000Z,10.346
2025-12-04T09:00:00.000Z,12.395
2025-12-04T10:00:00.000Z,13.747
2025-12-04T11:00:00.000Z,13.231
2025-12-04T12:00:00.000Z,13.512
2025-12-04T13:00:00.000Z,14.217
2025-12-04T14:00:00.000Z,13.990
2025-12-04T15:00:00.000Z,13.935
2025-12-04T16:00:00.000Z,13.734
2025-12-04T17:00:00.000Z,13.631
2025-12-04T18:00:00.000Z,12.878
2025-12-04T19:00:00.000Z,11.429
2025-12-04T20:00:00.000Z,9.937
2025-12-04T21:00:00.000Z,8.855
2025-12-04T22:00:00.000Z,7.703
2025-12-04T23:00:00.000Z,7.444
2025-12-05T00:00:00.000Z,7.357
2025-12-05T01:00:00.000Z,7.316
2025-12-05T02:00:00.000Z,7.301
2025-12-05T03:00:00.000Z,7.326
2025-12-05T04:00:00.000Z,7.413
2025-12-05T05:00:00.000Z,10.071
2025-12-05T06:00:00.000Z,15.202
2025-12-05T07:00:00.000Z,17.191
2025-12-05T08:00:00.000Z,17.167
2025-12-05T09:00:00.000Z,16.010
2025-12-05T10:00:00.000Z,15.659
2025-12-05T11:00:00.000Z,15.124
2025-12-05T12:00:00.000Z,14.753
2025-12-05T13:00:00.000Z,15.047
2025-12-05T14:00:00.000Z,15.860
2025-12-05T15:00:00.000Z,16.730
2025-12-05T16:00:00.000Z,15.687
2025-12-05T17:00:00.000Z,14.281
2025-12-05T18:00:00.000Z,11.548
2025-12-05T19:00:00.000Z,8.465
2025-12-05T20:00:00.000Z,8.775
2025-12-05T21:00:00.000Z,7.409
2025-12-05T22:00:00.000Z,6.390
2025-12-05T23:00:00.000Z,5.493
2025-12-06T00:00:00.000Z,3.813
2025-12-06T01:00:00.000Z,3.022
2025-12-06T02:00:00.000Z,2.932
2025-12-06T03:00:00.000Z,3.001
2025-12-06T04:00:00.000Z,3.255
2025-12-06T05:00:00.000Z,2.952
2025-12-06T06:00:00.000Z,2.984
2025-12-06T07:00:00.000Z,3.040
2025-12-06T08:00:00.000Z,3.015
2025-12-06T09:00:00.000Z,2.931
2025-12-06T10:00:00.000Z,3.064
2025-12-06T11:00:00.000Z,3.022
2025-12-06T12:00:00.000Z,2.891
2025-12-06T13:00:00.000Z,2.630
2025-12-06T14:00:00.000Z,2.588
2025-12-06T15:00:00.000Z,2.581
2025-12-06T16:00:00.000Z,2.309
2025-12-06T17:00:00.000Z,1.904
2025-12-06T18:00:00.000Z,1.762
2025-12-06T19:00:00.000Z,1.595
2025-12-06T20:00:00.000Z,1.466
2025-12-06T21:00:00.000Z,1.348
2025-12-06T22:00:00.000Z,1.241
2025-12-06T23:00:00.000Z,1.073
2025-12-07T00:00:00.000Z,0.960
2025-12-07T01:00:00.000Z,0.852
2025-12-07T02:00:00.000Z,0.732
2025-12-07T03:00:00.000Z,0.925
2025-12-07T04:00:00.000Z,0.993
2025-12-07T05:00:00.000Z,1.434
2025-12-07T06:00:00.000Z,1.898
2025-12-07T07:00:00.000Z,1.987
2025-12-07T08:00:00.000Z,2.113
2025-12-07T09:00:00.000Z,2.177
2025-12-07T10:00:00.000Z,2.450
2025-12-07T11:00:00.000Z,2.558
2025-12-07T12:00:00.000Z,2.714
2025-12-07T13:00:00.000Z,3.141
2025-12-07T14:00:00.000Z,3.328
2025-12-07T15:00:00.000Z,3.659
2025-12-07T16:00:00.000Z,3.694
2025-12-07T17:00:00.000Z,3.489
2025-12-07T18:00:00.000Z,3.165
2025-12-07T19:00:00.000Z,3.141
2025-12-07T20:00:00.000Z,3.272
2025-12-07T21:00:00.000Z,3.171
2025-12-07T22:00:00.000Z,2.520
2025-12-07T23:00:00.000Z,1.564
2025-12-08T00:00:00.000Z,1.060
2025-12-08T01:00:00.000Z,0.912
2025-12-08T02:00:00.000Z,0.720
2025-12-08T03:00:00.000Z,1.053
2025-12-08T04:00:00.000Z,2.229
2025-12-08T05:00:00.000Z,3.870
2025-12-08T06:00:00.000Z,5.842
2025-12-08T07:00:00.000Z,6.396
2025-12-08T08:00:00.000Z,6.341
2025-12-08T09:00:00.000Z,6.262
2025-12-08T10:00:00.000Z,6.768
2025-12-08T11:00:00.000Z,6.683
2025-12-08T12:00:00.000Z,6.554
2025-12-08T13:00:00.000Z,6.196
2025-12-08T14:00:00.000Z,6.754
2025-12-08T15:00:00.000Z,6.707
2025-12-08T16:00:00.000Z,6.991
2025-12-08T17:00:00.000Z,5.660
2025-12-08T18:00:00.000Z,5.196
2025-12-08T19:00:00.000Z,4.166
2025-12-08T20:00:00.000Z,3.937
2025-12-08T21:00:00.000Z,3.570
2025-12-08T22:00:00.000Z,3.069
2025-12-08T23:00:00.000Z,3.128
2025-12-09T00:00:00.000Z,3.345
2025-12-09T01:00:00.000Z,2.230
2025-12-09T02:00:00.000Z,2.144
2025-12-09T03:00:00.000Z,2.333
2025-12-09T04:00:00.000Z,4.007
2025-12-09T05:00:00.000Z,6.409
2025-12-09T06:00:00.000Z,8.193
2025-12-09T07:00:00.000Z,9.611
2025-12-09T08:00:00.000Z,10.176
2025-12-09T09:00:00.000Z,9.165
2025-12-09T10:00:00.000Z,8.915
2025-12-09T11:00:00.000Z,8.791
2025-12-09T12:00:00.000Z,9.050
2025-12-09T13:00:00.000Z,9.515
2025-12-09T14:00:00.000Z,10.648
2025-12-09T15:00:00.000Z,10.393
2025-12-09T16:00:00.000Z,10.089
2025-12-09T17:00:00.000Z,10.063
2025-12-09T18:00:00.000Z,8.917
2025-12-09T19:00:00.000Z,7.641
2025-12-09T20:00:00.000Z,7.570
2025-12-09T21:00:00.000Z,6.240
2025-12-09T22:00:00.000Z,4.424
2025-12-09T23:00:00.000Z,4.256
2025-12-10T00:00:00.000Z,3.677
2025-12-10T01:00:00.000Z,3.278
2025-12-10T02:00:00.000Z,2.985
2025-12-10T03:00:00.000Z,2.800
2025-12-10T04:00:00.000Z,5.110
2025-12-10T05:00:00.000Z,6.001
2025-12-10T06:00:00.000Z,7.700
2025-12-10T07:00:00.000Z,7.501
2025-12-10T08:00:00.000Z,7.483
2025-12-10T09:00:00.000Z,6.720
2025-12-10T10:00:00.000Z,4.517
2025-12-10T11:00:00.000Z,4.115
2025-12-10T12:00:00.000Z,3.893
2025-12-10T13:00:00.000Z,3.631
2025-12-10T14:00:00.000Z,3.823
2025-12-10T15:00:00.000Z,3.680
2025-12-10T16:00:00.000Z,3.600
2025-12-10T17:00:00.000Z,3.442
2025-12-10T18:00:00.000Z,2.950
2025-12-10T19:00:00.000Z,2.477
2025-12-10T20:00:00.000Z,2.059
2025-12-10T21:00:00.000Z,1.513
2025-12-10T22:00:00.000Z,1.316
2025-12-10T23:00:00.000Z,1.844
2025-12-11T00:00:00.000Z,1.860
2025-12-11T01:00:00.000Z,1.970
2025-12-11T02:00:00.000Z,2.331
2025-12-11T03:00:00.000Z,2.482
2025-12-11T04:00:00.000Z,2.999
2025-12-11T05:00:00.000Z,4.087
2025-12-11T06:00:00.000Z,5.685
2025-12-11T07:00:00.000Z,5.704
2025-12-11T08:00:00.000Z,5.534
2025-12-11T09:00:00.000Z,4.882
2025-12-11T10:00:00.000Z,5.685
2025-12-11T11:00:00.000Z,6.110
2025-12-11T12:00:00.000Z,5.704
2025-12-11T13:00:00.000Z,5.500
2025-12-11T14:00:00.000Z,6.319
2025-12-11T15:00:00.000Z,6.417
2025-12-11T16:00:00.000Z,6.321
2025-12-11T17:00:00.000Z,5.997
2025-12-11T18:00:00.000Z,5.992
2025-12-11T19:00:00.000Z,5.903
2025-12-11T20:00:00.000Z,4.979
2025-12-11T21:00:00.000Z,4.156
2025-12-11T22:00:00.000Z,3.639
2025-12-11T23:00:00.000Z,4.796
2025-12-12T00:00:00.000Z,3.781
2025-12-12T01:00:00.000Z,3.433
2025-12-12T02:00:00.000Z,3.082
2025-12-12T03:00:00.000Z,3.087
2025-12-12T04:00:00.000Z,3.377
2025-12-12T05:00:00.000Z,3.875
2025-12-12T06:00:00.000Z,7.183
2025-12-12T07:00:00.000Z,7.204
2025-12-12T08:00:00.000Z,9.079
2025-12-12T09:00:00.000Z,8.644
2025-12-12T10:00:00.000Z,8.434
2025-12-12T11:00:00.000Z,7.701
2025-12-12T12:00:00.000Z,12.007
2025-12-12T13:00:00.000Z,13.571
2025-12-12T14:00:00.000Z,13.680
2025-12-12T15:00:00.000Z,14.355
2025-12-12T16:00:00.000Z,15.618
2025-12-12T17:00:00.000Z,14.208
2025-12-12T18:00:00.000Z,13.447
2025-12-12T19:00:00.000Z,8.000
2025-12-12T20:00:00.000Z,9.718
2025-12-12T21:00:00.000Z,8.000
2025-12-12T22:00:00.000Z,7.791
2025-12-12T23:00:00.000Z,7.894
2025-12-13T00:00:00.000Z,7.301
2025-12-13T01:00:00.000Z,5.616
2025-12-13T02:00:00.000Z,5.351
2025-12-13T03:00:00.000Z,4.805
2025-12-13T04:00:00.000Z,6.944
2025-12-13T05:00:00.000Z,6.890
2025-12-13T06:00:00.000Z,7.700
2025-12-13T07:00:00.000Z,9.975
2025-12-13T08:00:00.000Z,9.811
2025-12-13T09:00:00.000Z,8.244
2025-12-13T10:00:00.000Z,7.743
2025-12-13T11:00:00.000Z,10.298
2025-12-13T12:00:00.000Z,10.254
2025-12-13T13:00:00.000Z,9.140
2025-12-13T14:00:00.000Z,7.300
2025-12-13T15:00:00.000Z,5.167
2025-12-13T16:00:00.000Z,4.581
2025-12-13T17:00:00.000Z,4.169
2025-12-13T18:00:00.000Z,4.011
2025-12-13T19:00:00.000Z,3.991
2025-12-13T20:00:00.000Z,3.750
2025-12-13T21:00:00.000Z,3.444
2025-12-13T22:00:00.000Z,3.145
2025-12-13T23:00:00.000Z,3.034
2025-12-14T00:00:00.000Z,3.036
2025-12-14T01:00:00.000Z,2.821
2025-12-14T02:00:00.000Z,2.597
2025-12-14T03:00:00.000Z,2.407
2025-12-14T04:00:00.000Z,2.242
2025-12-14T05:00:00.000Z,2.325
2025-12-14T06:00:00.000Z,2.410
2025-12-14T07:00:00.000Z,2.547
2025-12-14T08:00:00.000Z,2.660
2025-12-14T09:00:00.000Z,2.682
2025-12-14T10:00:00.000Z,2.670
2025-12-14T11:00:00.000Z,2.751
2025-12-14T12:00:00.000Z,2.773
2025-12-14T13:00:00.000Z,2.901
2025-12-14T14:00:00.000Z,2.974
2025-12-14T15:00:00.000Z,3.020
2025-12-14T16:00:00.000Z,3.064
2025-12-14T17:00:00.000Z,3.069
2025-12-14T18:00:00.000Z,3.000
2025-12-14T19:00:00.000Z,2.887
2025-12-14T20:00:00.000Z,2.894
2025-12-14T21:00:00.000Z,2.722
2025-12-14T22:00:00.000Z,2.518
2025-12-14T23:00:00.000Z,2.181
2025-12-15T00:00:00.000Z,2.163
2025-12-15T01:00:00.000Z,1.934
2025-12-15T02:00:00.000Z,1.735
2025-12-15T03:00:00.000Z,1.545
2025-12-15T04:00:00.000Z,1.806
2025-12-15T05:00:00.000Z,2.258
2025-12-15T06:00:00.000Z,1.905
2025-12-15T07:00:00.000Z,1.860
2025-12-15T08:00:00.000Z,1.608
2025-12-15T09:00:00.000Z,1.390
2025-12-15T10:00:00.000Z,1.227
2025-12-15T11:00:00.000Z,1.383
2025-12-15T12:00:00.000Z,1.224
2025-12-15T13:00:00.000Z,1.172
2025-12-15T14:00:00.000Z,1.319
2025-12-15T15:00:00.000Z,1.540
2025-12-15T16:00:00.000Z,1.699
2025-12-15T17:00:00.000Z,1.997
2025-12-15T18:00:00.000Z,2.187
2025-12-15T19:00:00.000Z,2.253
2025-12-15T20:00:00.000Z,2.489
2025-12-15T21:00:00.000Z,2.454
2025-12-15T22:00:00.000Z,2.407
2025-12-15T23:00:00.000Z,2.581
2025-12-16T00:00:00.000Z,2.638
2025-12-16T01:00:00.000Z,2.653
2025-12-16T02:00:00.000Z,2.600
2025-12-16T03:00:00.000Z,2.427
2025-12-16T04:00:00.000Z,3.900
2025-12-16T05:00:00.000Z,6.801
2025-12-16T06:00:00.000Z,9.767
2025-12-16T07:00:00.000Z,6.969
2025-12-16T08:00:00.000Z,4.710
2025-12-16T09:00:00.000Z,3.702
2025-12-16T10:00:00.000Z,3.076
2025-12-16T11:00:00.000Z,2.870
2025-12-16T12:00:00.000Z,2.746
2025-12-16T13:00:00.000Z,2.724
2025-12-16T14:00:00.000Z,2.575
2025-12-16T15:00:00.000Z,2.468
2025-12-16T16:00:00.000Z,2.385
2025-12-16T17:00:00.000Z,2.257
2025-12-16T18:00:00.000Z,2.089
2025-12-16T19:00:00.000Z,1.912
2025-12-16T20:00:00.000Z,1.889
2025-12-16T21:00:00.000Z,1.706
2025-12-16T22:00:00.000Z,1.490
2025-12-16T23:00:00.000Z,2.223
2025-12-17T00:00:00.000Z,2.082
2025-12-17T01:00:00.000Z,2.013
2025-12-17T02:00:00.000Z,2.054
2025-12-17T03:00:00.000Z,2.173
2025-12-17T04:00:00.000Z,2.487
2025-12-17T05:00:00.000Z,3.027
2025-12-17T06:00:00.000Z,3.571
2025-12-17T07:00:00.000Z,3.705
2025-12-17T08:00:00.000Z,3.512
2025-12-17T09:00:00.000Z,3.253
2025-12-17T10:00:00.000Z,2.699
2025-12-17T11:00:00.000Z,2.591
2025-12-17T12:00:00.000Z,2.490
2025-12-17T13:00:00.000Z,2.490
2025-12-17T14:00:00.000Z,2.622
2025-12-17T15:00:00.000Z,2.623
2025-12-17T16:00:00.000Z,2.618
2025-12-17T17:00:00.000Z,2.474
2025-12-17T18:00:00.000Z,2.333
2025-12-17T19:00:00.000Z,2.039
2025-12-17T20:00:00.000Z,1.971
2025-12-17T21:00:00.000Z,1.834
2025-12-17T22:00:00.000Z,1.663
2025-12-17T23:00:00.000Z,0.679
2025-12-18T00:00:00.000Z,0.563
2025-12-18T01:00:00.000Z,0.557
2025-12-18T02:00:00.000Z,0.553
2025-12-18T03:00:00.000Z,0.592
2025-12-18T04:00:00.000Z,1.172
2025-12-18T05:00:00.000Z,2.008
2025-12-18T06:00:00.000Z,2.010
2025-12-18T07:00:00.000Z,1.902
2025-12-18T08:00:00.000Z,1.504
2025-12-18T09:00:00.000Z,1.002
2025-12-18T10:00:00.000Z,0.594
2025-12-18T11:00:00.000Z,0.566
2025-12-18T12:00:00.000Z,0.501
2025-12-18T13:00:00.000Z,0.453
2025-12-18T14:00:00.000Z,0.429
2025-12-18T15:00:00.000Z,0.382
2025-12-18T16:00:00.000Z,0.306
2025-12-18T17:00:00.000Z,0.317
2025-12-18T18:00:00.000Z,0.263
2025-12-18T19:00:00.000Z,0.214
2025-12-18T20:00:00.000Z,0.196
2025-12-18T21:00:00.000Z,0.152
2025-12-18T22:00:00.000Z,0.029
2025-12-18T23:00:00.000Z,-0.002
2025-12-19T00:00:00.000Z,-0.001
2025-12-19T01:00:00.000Z,0.000
2025-12-19T02:00:00.000Z,0.010
2025-12-19T03:00:00.000Z,0.102
2025-12-19T04:00:00.000Z,0.246
2025-12-19T05:00:00.000Z,0.353
2025-12-19T06:00:00.000Z,0.471
2025-12-19T07:00:00.000Z,0.494
2025-12-19T08:00:00.000Z,0.460
2025-12-19T09:00:00.000Z,0.434
2025-12-19T10:00:00.000Z,0.418
2025-12-19T11:00:00.000Z,0.429
2025-12-19T12:00:00.000Z,0.410
2025-12-19T13:00:00.000Z,0.426
2025-12-19T14:00:00.000Z,0.457
2025-12-19T15:00:00.000Z,0.421
2025-12-19T16:00:00.000Z,0.367
2025-12-19T17:00:00.000Z,0.313
2025-12-19T18:00:00.000Z,0.221
2025-12-19T19:00:00.000Z,0.176
2025-12-19T20:00:00.000Z,0.135
2025-12-19T21:00:00.000Z,0.075
2025-12-19T22:00:00.000Z,0.002
2025-12-19T23:00:00.000Z,-0.001
2025-12-20T00:00:00.000Z,-0.001
2025-12-20T01:00:00.000Z,-0.001
2025-12-20T02:00:00.000Z,-0.001
2025-12-20T03:00:00.000Z,0.000
2025-12-20T04:00:00.000Z,0.001
2025-12-20T05:00:00.000Z,0.063
2025-12-20T06:00:00.000Z,0.186
2025-12-20T07:00:00.000Z,0.201
2025-12-20T08:00:00.000Z,0.250
2025-12-20T09:00:00.000Z,0.299
2025-12-20T10:00:00.000Z,0.400
2025-12-20T11:00:00.000Z,0.370
2025-12-20T12:00:00.000Z,0.429
2025-12-20T13:00:00.000Z,0.478
2025-12-20T14:00:00.000Z,0.496
2025-12-20T15:00:00.000Z,0.526
2025-12-20T16:00:00.000Z,0.553
2025-12-20T17:00:00.000Z,0.575
2025-12-20T18:00:00.000Z,0.537
2025-12-20T19:00:00.000Z,0.488
2025-12-20T20:00:00.000Z,0.508
2025-12-20T21:00:00.000Z,0.486
2025-12-20T22:00:00.000Z,0.413
2025-12-20T23:00:00.000Z,0.254
2025-12-21T00:00:00.000Z,0.236
2025-12-21T01:00:00.000Z,0.226
2025-12-21T02:00:00.000Z,0.241
2025-12-21T03:00:00.000Z,0.258
2025-12-21T04:00:00.000Z,0.322
2025-12-21T05:00:00.000Z,0.376
2025-12-21T06:00:00.000Z,0.458
2025-12-21T07:00:00.000Z,0.522
2025-12-21T08:00:00.000Z,0.564
2025-12-21T09:00:00.000Z,0.594
2025-12-21T10:00:00.000Z,0.619
2025-12-21T11:00:00.000Z,0.611
2025-12-21T12:00:00.000Z,0.660
2025-12-21T13:00:00.000Z,0.735
2025-12-21T14:00:00.000Z,0.793
2025-12-21T15:00:00.000Z,1.000
2025-12-21T16:00:00.000Z,2.002
2025-12-21T17:00:00.000Z,2.105
2025-12-21T18:00:00.000Z,1.092
2025-12-21T19:00:00.000Z,0.988
2025-12-21T20:00:00.000Z,1.106
2025-12-21T21:00:00.000Z,1.146
2025-12-21T22:00:00.000Z,1.214
2025-12-21T23:00:00.000Z,1.095
2025-12-22T00:00:00.000Z,1.355
2025-12-22T01:00:00.000Z,1.336
2025-12-22T02:00:00.000Z,1.653
2025-12-22T03:00:00.000Z,1.860
2025-12-22T04:00:00.000Z,2.768
2025-12-22T05:00:00.000Z,4.063
2025-12-22T06:00:00.000Z,5.008
2025-12-22T07:00:00.000Z,5.583
2025-12-22T08:00:00.000Z,7.327
2025-12-22T09:00:00.000Z,7.384
2025-12-22T10:00:00.000Z,7.466
2025-12-22T11:00:00.000Z,7.478
2025-12-22T12:00:00.000Z,7.457
2025-12-22T13:00:00.000Z,7.774
2025-12-22T14:00:00.000Z,8.765
2025-12-22T15:00:00.000Z,9.668
2025-12-22T16:00:00.000Z,8.800
2025-12-22T17:00:00.000Z,8.015
2025-12-22T18:00:00.000Z,7.441
2025-12-22T19:00:00.000Z,7.285
2025-12-22T20:00:00.000Z,7.121
2025-12-22T21:00:00.000Z,7.107
2025-12-22T22:00:00.000Z,5.905
2025-12-22T23:00:00.000Z,5.030
2025-12-23T00:00:00.000Z,4.481
2025-12-23T01:00:00.000Z,3.695
2025-12-23T02:00:00.000Z,3.100
2025-12-23T03:00:00.000Z,3.043
2025-12-23T04:00:00.000Z,3.303
2025-12-23T05:00:00.000Z,3.669
2025-12-23T06:00:00.000Z,3.911
2025-12-23T07:00:00.000Z,3.505
2025-12-23T08:00:00.000Z,3.497
2025-12-23T09:00:00.000Z,3.426
2025-12-23T10:00:00.000Z,3.011
2025-12-23T11:00:00.000Z,3.354
2025-12-23T12:00:00.000Z,3.329
2025-12-23T13:00:00.000Z,3.435
2025-12-23T14:00:00.000Z,3.232
2025-12-23T15:00:00.000Z,3.207
2025-12-23T16:00:00.000Z,2.994
2025-12-23T17:00:00.000Z,2.827
2025-12-23T18:00:00.000Z,2.746
2025-12-23T19:00:00.000Z,2.272
2025-12-23T20:00:00.000Z,1.853
2025-12-23T21:00:00.000Z,1.541
2025-12-23T22:00:00.000Z,1.424
2025-12-23T23:00:00.000Z,1.564
2025-12-24T00:00:00.000Z,1.428
2025-12-24T01:00:00.000Z,1.067
2025-12-24T02:00:00.000Z,2.001
2025-12-24T03:00:00.000Z,3.008
2025-12-24T04:00:00.000Z,3.892
2025-12-24T05:00:00.000Z,4.247
2025-12-24T06:00:00.000Z,5.520
2025-12-24T07:00:00.000Z,5.330
2025-12-24T08:00:00.000Z,5.356
2025-12-24T09:00:00.000Z,5.741
2025-12-24T10:00:00.000Z,3.753
2025-12-24T11:00:00.000Z,0.593
2025-12-24T12:00:00.000Z,0.575
2025-12-24T13:00:00.000Z,0.541
2025-12-24T14:00:00.000Z,0.512
2025-12-24T15:00:00.000Z,0.496
2025-12-24T16:00:00.000Z,0.457
2025-12-24T17:00:00.000Z,0.440
2025-12-24T18:00:00.000Z,0.369
2025-12-24T19:00:00.000Z,0.255
2025-12-24T20:00:00.000Z,0.247
2025-12-24T21:00:00.000Z,0.213
2025-12-24T22:00:00.000Z,0.173
2025-12-24T23:00:00.000Z,0.122
2025-12-25T00:00:00.000Z,0.035
2025-12-25T01:00:00.000Z,0.008
2025-12-25T02:00:00.000Z,0.000
2025-12-25T03:00:00.000Z,-0.001
2025-12-25T04:00:00.000Z,0.000
2025-12-25T05:00:00.000Z,0.001
2025-12-25T06:00:00.000Z,0.000
2025-12-25T07:00:00.000Z,0.006
2025-12-25T08:00:00.000Z,0.026
2025-12-25T09:00:00.000Z,0.033
2025-12-25T10:00:00.000Z,0.082
2025-12-25T11:00:00.000Z,0.102
2025-12-25T12:00:00.000Z,0.132
2025-12-25T13:00:00.000Z,0.150
2025-12-25T14:00:00.000Z,0.101
2025-12-25T15:00:00.000Z,0.111
2025-12-25T16:00:00.000Z,0.100
2025-12-25T17:00:00.000Z,0.145
2025-12-25T18:00:00.000Z,0.151
2025-12-25T19:00:00.000Z,0.124
2025-12-25T20:00:00.000Z,0.151
2025-12-25T21:00:00.000Z,0.102
2025-12-25T22:00:00.000Z,0.071
2025-12-25T23:00:00.000Z,0.156
2025-12-26T00:00:00.000Z,0.167
2025-12-26T01:00:00.000Z,0.169
2025-12-26T02:00:00.000Z,0.172
2025-12-26T03:00:00.000Z,0.178
2025-12-26T04:00:00.000Z,0.209
2025-12-26T05:00:00.000Z,0.220
2025-12-26T06:00:00.000Z,0.228
2025-12-26T07:00:00.000Z,0.225
2025-12-26T08:00:00.000Z,0.238
2025-12-26T09:00:00.000Z,0.238
2025-12-26T10:00:00.000Z,0.257
2025-12-26T11:00:00.000Z,0.257
2025-12-26T12:00:00.000Z,0.289
2025-12-26T13:00:00.000Z,0.382
2025-12-26T14:00:00.000Z,0.423
2025-12-26T15:00:00.000Z,0.448
2025-12-26T16:00:00.000Z,0.476
2025-12-26T17:00:00.000Z,0.508
2025-12-26T18:00:00.000Z,0.508
2025-12-26T19:00:00.000Z,0.474
2025-12-26T20:00:00.000Z,0.457
2025-12-26T21:00:00.000Z,0.390
2025-12-26T22:00:00.000Z,0.289
2025-12-26T23:00:00.000Z,0.230
2025-12-27T00:00:00.000Z,0.082
2025-12-27T01:00:00.000Z,0.000
2025-12-27T02:00:00.000Z,-0.002
2025-12-27T03:00:00.000Z,-0.002
2025-12-27T04:00:00.000Z,-0.005
2025-12-27T05:00:00.000Z,-0.001
2025-12-27T06:00:00.000Z,-0.001
2025-12-27T07:00:00.000Z,0.001
2025-12-27T08:00:00.000Z,0.049
2025-12-27T09:00:00.000Z,0.092
2025-12-27T10:00:00.000Z,0.114
2025-12-27T11:00:00.000Z,0.159
2025-12-27T12:00:00.000Z,0.199
2025-12-27T13:00:00.000Z,0.205
2025-12-27T14:00:00.000Z,0.216
2025-12-27T15:00:00.000Z,0.226
2025-12-27T16:00:00.000Z,0.219
2025-12-27T17:00:00.000Z,0.206
2025-12-27T18:00:00.000Z,0.202
2025-12-27T19:00:00.000Z,0.166
2025-12-27T20:00:00.000Z,0.118
2025-12-27T21:00:00.000Z,0.011
2025-12-27T22:00:00.000Z,0.003
2025-12-27T23:00:00.000Z,-0.001
2025-12-28T00:00:00.000Z,0.000
2025-12-28T01:00:00.000Z,0.000
2025-12-28T02:00:00.000Z,0.002
2025-12-28T03:00:00.000Z,0.044
2025-12-28T04:00:00.000Z,0.173
2025-12-28T05:00:00.000Z,0.216
2025-12-28T06:00:00.000Z,0.302
2025-12-28T07:00:00.000Z,0.410
2025-12-28T08:00:00.000Z,0.401
2025-12-28T09:00:00.000Z,0.401
2025-12-28T10:00:00.000Z,0.372
2025-12-28T11:00:00.000Z,0.411
2025-12-28T12:00:00.000Z,0.401
2025-12-28T13:00:00.000Z,0.403
2025-12-28T14:00:00.000Z,0.413
2025-12-28T15:00:00.000Z,0.394
2025-12-28T16:00:00.000Z,0.400
2025-12-28T17:00:00.000Z,0.344
2025-12-28T18:00:00.000Z,0.310
2025-12-28T19:00:00.000Z,0.286
2025-12-28T20:00:00.000Z,0.303
2025-12-28T21:00:00.000Z,0.274
2025-12-28T22:00:00.000Z,0.233
2025-12-28T23:00:00.000Z,0.175
2025-12-29T00:00:00.000Z,0.165
2025-12-29T01:00:00.000Z,0.106
2025-12-29T02:00:00.000Z,0.118
2025-12-29T03:00:00.000Z,0.147
2025-12-29T04:00:00.000Z,0.203
2025-12-29T05:00:00.000Z,0.238
2025-12-29T06:00:00.000Z,0.309
2025-12-29T07:00:00.000Z,0.319
2025-12-29T08:00:00.000Z,0.355
2025-12-29T09:00:00.000Z,0.390
2025-12-29T10:00:00.000Z,0.399
2025-12-29T11:00:00.000Z,0.396
2025-12-29T12:00:00.000Z,0.433
2025-12-29T13:00:00.000Z,0.458
2025-12-29T14:00:00.000Z,0.482
2025-12-29T15:00:00.000Z,0.500
2025-12-29T16:00:00.000Z,0.476
2025-12-29T17:00:00.000Z,0.443
2025-12-29T18:00:00.000Z,0.407
2025-12-29T19:00:00.000Z,0.387
2025-12-29T20:00:00.000Z,0.309
2025-12-29T21:00:00.000Z,0.257
2025-12-29T22:00:00.000Z,0.209
2025-12-29T23:00:00.000Z,0.200
2025-12-30T00:00:00.000Z,0.199
2025-12-30T01:00:00.000Z,0.199
2025-12-30T02:00:00.000Z,0.200
2025-12-30T03:00:00.000Z,0.200
2025-12-30T04:00:00.000Z,0.259
2025-12-30T05:00:00.000Z,0.333
2025-12-30T06:00:00.000Z,0.426
2025-12-30T07:00:00.000Z,0.472
2025-12-30T08:00:00.000Z,0.570
2025-12-30T09:00:00.000Z,0.774
2025-12-30T10:00:00.000Z,1.218
2025-12-30T11:00:00.000Z,1.318
2025-12-30T12:00:00.000Z,1.806
2025-12-30T13:00:00.000Z,3.206
2025-12-30T14:00:00.000Z,4.696
2025-12-30T15:00:00.000Z,6.510
2025-12-30T16:00:00.000Z,7.622
2025-12-30T17:00:00.000Z,8.008
2025-12-30T18:00:00.000Z,9.303
2025-12-30T19:00:00.000Z,8.953
2025-12-30T20:00:00.000Z,8.301
2025-12-30T21:00:00.000Z,8.409
2025-12-30T22:00:00.000Z,7.722
2025-12-30T23:00:00.000Z,6.537
2025-12-31T00:00:00.000Z,5.495
2025-12-31T01:00:00.000Z,5.254
2025-12-31T02:00:00.000Z,5.223
2025-12-31T03:00:00.000Z,5.250
2025-12-31T04:00:00.000Z,6.615
2025-12-31T05:00:00.000Z,7.077
2025-12-31T06:00:00.000Z,7.859
2025-12-31T07:00:00.000Z,9.272
2025-12-31T08:00:00.000Z,9.029
2025-12-31T09:00:00.000Z,8.939
2025-12-31T10:00:00.000Z,8.292
2025-12-31T11:00:00.000Z,8.305
2025-12-31T12:00:00.000Z,11.199
2025-12-31T13:00:00.000Z,13.277
2025-12-31T14:00:00.000Z,13.761
2025-12-31T15:00:00.000Z,16.180
2025-12-31T16:00:00.000Z,14.877
2025-12-31T17:00:00.000Z,15.200
2025-12-31T18:00:00.000Z,14.000
2025-12-31T19:00:00.000Z,13.141
2025-12-31T20:00:00.000Z,12.991
2025-12-31T21:00:00.000Z,11.574