hour,price
2025-12-31T22:00:00.000Z,8.665
2025-12-31T23:00:00.000Z,11.169
2026-01-01T00:00:00.000Z,10.101
2026-01-01T01:00:00.000Z,7.331
2026-01-01T02:00:00.000Z,8.431
2026-01-01T03:00:00.000Z,7.902
2026-01-01T04:00:00.000Z,8.911
2026-01-01T05:00:00.000Z,10.080
2026-01-01T06:00:00.000Z,7.501
2026-01-01T07:00:00.000Z,7.516
2026-01-01T08:00:00.000Z,6.080
2026-01-01T09:00:00.000Z,6.577
2026-01-01T10:00:00.000Z,6.528
2026-01-01T11:00:00.000Z,5.765
2026-01-01T12:00:00.000Z,7.431
2026-01-01T13:00:00.000Z,6.978
2026-01-01T14:00:00.000Z,5.125
2026-01-01T15:00:00.000Z,4.943
2026-01-01T16:00:00.000Z,4.776
2026-01-01T17:00:00.000Z,4.539
2026-01-01T18:00:00.000Z,4.077
2026-01-01T19:00:00.000Z,2.586
2026-01-01T20:00:00.000Z,3.395
2026-01-01T21:00:00.000Z,2.821
2026-01-01T22:00:00.000Z,1.860
2026-01-01T23:00:00.000Z,1.447
2026-01-02T00:00:00.000Z,1.129
2026-01-02T01:00:00.000Z,0.981
2026-01-02T02:00:00.000Z,0.765
2026-01-02T03:00:00.000Z,0.793
2026-01-02T04:00:00.000Z,1.493
2026-01-02T05:00:00.000Z,2.207
2026-01-02T06:00:00.000Z,3.981
2026-01-02T07:00:00.000Z,5.723
2026-01-02T08:00:00.000Z,6.450
2026-01-02T09:00:00.000Z,5.688
2026-01-02T10:00:00.000Z,5.509
2026-01-02T11:00:00.000Z,5.890
2026-01-02T12:00:00.000Z,6.312
2026-01-02T13:00:00.000Z,5.889
2026-01-02T14:00:00.000Z,6.200
2026-01-02T15:00:00.000Z,5.446
2026-01-02T16:00:00.000Z,5.200
2026-01-02T17:00:00.000Z,4.188
2026-01-02T18:00:00.000Z,3.484
2026-01-02T19:00:00.000Z,2.651
2026-01-02T20:00:00.000Z,4.018
2026-01-02T21:00:00.000Z,3.045
2026-01-02T22:00:00.000Z,3.220
2026-01-02T23:00:00.000Z,6.105
2026-01-03T00:00:00.000Z,4.219
2026-01-03T01:00:00.000Z,3.936
2026-01-03T02:00:00.000Z,3.738
2026-01-03T03:00:00.000Z,3.850
2026-01-03T04:00:00.000Z,4.129
2026-01-03T05:00:00.000Z,4.792
2026-01-03T06:00:00.000Z,5.467
2026-01-03T07:00:00.000Z,6.406
2026-01-03T08:00:00.000Z,8.423
2026-01-03T09:00:00.000Z,9.103
2026-01-03T10:00:00.000Z,8.274
2026-01-03T11:00:00.000Z,8.466
2026-01-03T12:00:00.000Z,8.450
2026-01-03T13:00:00.000Z,8.557
2026-01-03T14:00:00.000Z,9.231
2026-01-03T15:00:00.000Z,9.769
2026-01-03T16:00:00.000Z,10.763
2026-01-03T17:00:00.000Z,10.836
2026-01-03T18:00:00.000Z,9.062
2026-01-03T19:00:00.000Z,7.339
2026-01-03T20:00:00.000Z,7.623
2026-01-03T21:00:00.000Z,7.619
2026-01-03T22:00:00.000Z,8.165
2026-01-03T23:00:00.000Z,8.399
2026-01-04T00:00:00.000Z,8.266
2026-01-04T01:00:00.000Z,8.237
2026-01-04T02:00:00.000Z,8.114
2026-01-04T03:00:00.000Z,8.012
2026-01-04T04:00:00.000Z,8.085
2026-01-04T05:00:00.000Z,8.120
2026-01-04T06:00:00.000Z,8.389
2026-01-04T07:00:00.000Z,8.561
2026-01-04T08:00:00.000Z,9.157
2026-01-04T09:00:00.000Z,9.420
2026-01-04T10:00:00.000Z,9.088
2026-01-04T11:00:00.000Z,8.954
2026-01-04T12:00:00.000Z,8.678
2026-01-04T13:00:00.000Z,9.678
2026-01-04T14:00:00.000Z,10.241
2026-01-04T15:00:00.000Z,11.236
2026-01-04T16:00:00.000Z,12.449
2026-01-04T17:00:00.000Z,12.548
2026-01-04T18:00:00.000Z,11.972
2026-01-04T19:00:00.000Z,11.245
2026-01-04T20:00:00.000Z,12.709
2026-01-04T21:00:00.000Z,11.005
2026-01-04T22:00:00.000Z,8.921
2026-01-04T23:00:00.000Z,13.040
2026-01-05T00:00:00.000Z,10.754
2026-01-05T01:00:00.000Z,9.690
2026-01-05T02:00:00.000Z,10.365
2026-01-05T03:00:00.000Z,10.651
2026-01-05T04:00:00.000Z,12.607
2026-01-05T05:00:00.000Z,12.345
2026-01-05T06:00:00.000Z,12.931
2026-01-05T07:00:00.000Z,15.117
2026-01-05T08:00:00.000Z,15.214
2026-01-05T09:00:00.000Z,14.598
2026-01-05T10:00:00.000Z,13.998
2026-01-05T11:00:00.000Z,13.768
2026-01-05T12:00:00.000Z,14.277
2026-01-05T13:00:00.000Z,15.900
2026-01-05T14:00:00.000Z,20.027
2026-01-05T15:00:00.000Z,22.268
2026-01-05T16:00:00.000Z,22.836
2026-01-05T17:00:00.000Z,21.892
2026-01-05T18:00:00.000Z,18.275
2026-01-05T19:00:00.000Z,14.703
2026-01-05T20:00:00.000Z,12.910
2026-01-05T21:00:00.000Z,12.384
2026-01-05T22:00:00.000Z,11.131
2026-01-05T23:00:00.000Z,12.482
2026-01-06T00:00:00.000Z,11.726
2026-01-06T01:00:00.000Z,10.168
2026-01-06T02:00:00.000Z,10.698
2026-01-06T03:00:00.000Z,11.452
2026-01-06T04:00:00.000Z,10.700
2026-01-06T05:00:00.000Z,12.109
2026-01-06T06:00:00.000Z,13.846
2026-01-06T07:00:00.000Z,16.477
2026-01-06T08:00:00.000Z,16.872
2026-01-06T09:00:00.000Z,15.478
2026-01-06T10:00:00.000Z,14.724
2026-01-06T11:00:00.000Z,13.738
2026-01-06T12:00:00.000Z,13.019
2026-01-06T13:00:00.000Z,13.062
2026-01-06T14:00:00.000Z,13.820
2026-01-06T15:00:00.000Z,14.748
2026-01-06T16:00:00.000Z,15.499
2026-01-06T17:00:00.000Z,14.763
2026-01-06T18:00:00.000Z,13.272
2026-01-06T19:00:00.000Z,11.051
2026-01-06T20:00:00.000Z,10.703
2026-01-06T21:00:00.000Z,9.371
2026-01-06T22:00:00.000Z,6.876
2026-01-06T23:00:00.000Z,6.616
2026-01-07T00:00:00.000Z,4.985
2026-01-07T01:00:00.000Z,4.000
2026-01-07T02:00:00.000Z,4.000
2026-01-07T03:00:00.000Z,4.100
2026-01-07T04:00:00.000Z,6.001
2026-01-07T05:00:00.000Z,8.360
2026-01-07T06:00:00.000Z,9.422
2026-01-07T07:00:00.000Z,10.223
2026-01-07T08:00:00.000Z,10.465
2026-01-07T09:00:00.000Z,10.534
2026-01-07T10:00:00.000Z,10.194
2026-01-07T11:00:00.000Z,9.872
2026-01-07T12:00:00.000Z,9.587
2026-01-07T13:00:00.000Z,9.566
2026-01-07T14:00:00.000Z,9.692
2026-01-07T15:00:00.000Z,10.044
2026-01-07T16:00:00.000Z,11.718
2026-01-07T17:00:00.000Z,11.618
2026-01-07T18:00:00.000Z,9.769
2026-01-07T19:00:00.000Z,6.204
2026-01-07T20:00:00.000Z,6.710
2026-01-07T21:00:00.000Z,6.510
2026-01-07T22:00:00.000Z,3.520
2026-01-07T23:00:00.000Z,6.384
2026-01-08T00:00:00.000Z,5.001
2026-01-08T01:00:00.000Z,4.306
2026-01-08T02:00:00.000Z,4.123
2026-01-08T03:00:00.000Z,4.675
2026-01-08T04:00:00.000Z,6.057
2026-01-08T05:00:00.000Z,8.234
2026-01-08T06:00:00.000Z,9.205
2026-01-08T07:00:00.000Z,9.209
2026-01-08T08:00:00.000Z,8.414
2026-01-08T09:00:00.000Z,8.881
2026-01-08T10:00:00.000Z,9.500
2026-01-08T11:00:00.000Z,9.689
2026-01-08T12:00:00.000Z,9.500
2026-01-08T13:00:00.000Z,8.000
2026-01-08T14:00:00.000Z,10.000
2026-01-08T15:00:00.000Z,9.831
2026-01-08T16:00:00.000Z,10.945
2026-01-08T17:00:00.000Z,12.000
2026-01-08T18:00:00.000Z,9.801
2026-01-08T19:00:00.000Z,7.408
2026-01-08T20:00:00.000Z,8.385
2026-01-08T21:00:00.000Z,7.401
2026-01-08T22:00:00.000Z,5.781
2026-01-08T23:00:00.000Z,9.505
2026-01-09T00:00:00.000Z,7.956
2026-01-09T01:00:00.000Z,7.737
2026-01-09T02:00:00.000Z,6.822
2026-01-09T03:00:00.000Z,8.691
2026-01-09T04:00:00.000Z,11.890
2026-01-09T05:00:00.000Z,13.851
2026-01-09T06:00:00.000Z,18.106
2026-01-09T07:00:00.000Z,16.040
2026-01-09T08:00:00.000Z,17.967
2026-01-09T09:00:00.000Z,13.800
2026-01-09T10:00:00.000Z,17.293
2026-01-09T11:00:00.000Z,16.149
2026-01-09T12:00:00.000Z,15.708
2026-01-09T13:00:00.000Z,14.160
2026-01-09T14:00:00.000Z,14.753
2026-01-09T15:00:00.000Z,15.425
2026-01-09T16:00:00.000Z,13.308
2026-01-09T17:00:00.000Z,12.001
2026-01-09T18:00:00.000Z,11.508
2026-01-09T19:00:00.000Z,10.271
2026-01-09T20:00:00.000Z,10.407
2026-01-09T21:00:00.000Z,8.913
2026-01-09T22:00:00.000Z,7.308
2026-01-09T23:00:00.000Z,5.964
2026-01-10T00:00:00.000Z,6.247
2026-01-10T01:00:00.000Z,6.141
2026-01-10T02:00:00.000Z,6.250
2026-01-10T03:00:00.000Z,6.231
2026-01-10T04:00:00.000Z,6.426
2026-01-10T05:00:00.000Z,6.828
2026-01-10T06:00:00.000Z,7.595
2026-01-10T07:00:00.000Z,8.383
2026-01-10T08:00:00.000Z,8.984
2026-01-10T09:00:00.000Z,9.453
2026-01-10T10:00:00.000Z,9.835
2026-01-10T11:00:00.000Z,9.834
2026-01-10T12:00:00.000Z,10.166
2026-01-10T13:00:00.000Z,10.677
2026-01-10T14:00:00.000Z,11.348
2026-01-10T15:00:00.000Z,12.404
2026-01-10T16:00:00.000Z,13.520
2026-01-10T17:00:00.000Z,13.267
2026-01-10T18:00:00.000Z,12.439
2026-01-10T19:00:00.000Z,11.585
2026-01-10T20:00:00.000Z,10.765
2026-01-10T21:00:00.000Z,9.800
2026-01-10T22:00:00.000Z,8.799
2026-01-10T23:00:00.000Z,7.375
2026-01-11T00:00:00.000Z,7.000
2026-01-11T01:00:00.000Z,6.945
2026-01-11T02:00:00.000Z,7.539
2026-01-11T03:00:00.000Z,7.687
2026-01-11T04:00:00.000Z,7.944
2026-01-11T05:00:00.000Z,7.813
2026-01-11T06:00:00.000Z,7.812
2026-01-11T07:00:00.000Z,8.000
2026-01-11T08:00:00.000Z,9.624
2026-01-11T09:00:00.000Z,9.756
2026-01-11T10:00:00.000Z,9.707
2026-01-11T11:00:00.000Z,9.464
2026-01-11T12:00:00.000Z,9.409
2026-01-11T13:00:00.000Z,9.639
2026-01-11T14:00:00.000Z,9.943
2026-01-11T15:00:00.000Z,11.261
2026-01-11T16:00:00.000Z,11.844
2026-01-11T17:00:00.000Z,11.376
2026-01-11T18:00:00.000Z,10.208
2026-01-11T19:00:00.000Z,9.108
2026-01-11T20:00:00.000Z,8.929
2026-01-11T21:00:00.000Z,9.026
2026-01-11T22:00:00.000Z,8.275
2026-01-11T23:00:00.000Z,7.884
2026-01-12T00:00:00.000Z,7.772
2026-01-12T01:00:00.000Z,7.753
2026-01-12T02:00:00.000Z,7.632
2026-01-12T03:00:00.000Z,7.678
2026-01-12T04:00:00.000Z,7.975
2026-01-12T05:00:00.000Z,12.997
2026-01-12T06:00:00.000Z,18.500
2026-01-12T07:00:00.000Z,19.475
2026-01-12T08:00:00.000Z,17.727
2026-01-12T09:00:00.000Z,20.556
2026-01-12T10:00:00.000Z,20.592
2026-01-12T11:00:00.000Z,19.265
2026-01-12T12:00:00.000Z,16.001
2026-01-12T13:00:00.000Z,13.653
2026-01-12T14:00:00.000Z,14.228
2026-01-12T15:00:00.000Z,12.855
2026-01-12T16:00:00.000Z,12.022
2026-01-12T17:00:00.000Z,12.306
2026-01-12T18:00:00.000Z,10.837
2026-01-12T19:00:00.000Z,10.860
2026-01-12T20:00:00.000Z,10.311
2026-01-12T21:00:00.000Z,8.599
2026-01-12T22:00:00.000Z,7.528
2026-01-12T23:00:00.000Z,5.936
2026-01-13T00:00:00.000Z,5.528
2026-01-13T01:00:00.000Z,6.000
2026-01-13T02:00:00.000Z,5.430
2026-01-13T03:00:00.000Z,6.332
2026-01-13T04:00:00.000Z,7.380
2026-01-13T05:00:00.000Z,8.986
2026-01-13T06:00:00.000Z,11.980
2026-01-13T07:00:00.000Z,13.410
2026-01-13T08:00:00.000Z,12.498
2026-01-13T09:00:00.000Z,13.563
2026-01-13T10:00:00.000Z,13.999
2026-01-13T11:00:00.000Z,12.875
2026-01-13T12:00:00.000Z,12.639
2026-01-13T13:00:00.000Z,11.798
2026-01-13T14:00:00.000Z,12.000
2026-01-13T15:00:00.000Z,12.506
2026-01-13T16:00:00.000Z,12.082
2026-01-13T17:00:00.000Z,12.407
2026-01-13T18:00:00.000Z,9.702
2026-01-13T19:00:00.000Z,8.930
2026-01-13T20:00:00.000Z,10.596
2026-01-13T21:00:00.000Z,7.710
2026-01-13T22:00:00.000Z,5.001
2026-01-13T23:00:00.000Z,6.131
2026-01-14T00:00:00.000Z,4.925
2026-01-14T01:00:00.000Z,4.060
2026-01-14T02:00:00.000Z,3.658
2026-01-14T03:00:00.000Z,3.225
2026-01-14T04:00:00.000Z,4.115
2026-01-14T05:00:00.000Z,4.342
2026-01-14T06:00:00.000Z,4.791
2026-01-14T07:00:00.000Z,4.706
2026-01-14T08:00:00.000Z,4.486
2026-01-14T09:00:00.000Z,4.444
2026-01-14T10:00:00.000Z,6.800
2026-01-14T11:00:00.000Z,6.000
2026-01-14T12:00:00.000Z,5.314
2026-01-14T13:00:00.000Z,4.992
2026-01-14T14:00:00.000Z,3.765
2026-01-14T15:00:00.000Z,2.893
2026-01-14T16:00:00.000Z,2.307
2026-01-14T17:00:00.000Z,3.226
2026-01-14T18:00:00.000Z,3.038
2026-01-14T19:00:00.000Z,2.923
2026-01-14T20:00:00.000Z,3.100
2026-01-14T21:00:00.000Z,3.153
2026-01-14T22:00:00.000Z,2.844
2026-01-14T23:00:00.000Z,5.019
2026-01-15T00:00:00.000Z,4.999
2026-01-15T01:00:00.000Z,4.983
2026-01-15T02:00:00.000Z,5.072
2026-01-15T03:00:00.000Z,5.623
2026-01-15T04:00:00.000Z,7.014
2026-01-15T05:00:00.000Z,7.582
2026-01-15T06:00:00.000Z,8.463
2026-01-15T07:00:00.000Z,8.846
2026-01-15T08:00:00.000Z,9.569
2026-01-15T09:00:00.000Z,9.362
2026-01-15T10:00:00.000Z,9.400
2026-01-15T11:00:00.000Z,8.936
2026-01-15T12:00:00.000Z,9.407
2026-01-15T13:00:00.000Z,9.376
2026-01-15T14:00:00.000Z,10.619
2026-01-15T15:00:00.000Z,11.580
2026-01-15T16:00:00.000Z,11.970
2026-01-15T17:00:00.000Z,10.171
2026-01-15T18:00:00.000Z,9.059
2026-01-15T19:00:00.000Z,8.366
2026-01-15T20:00:00.000Z,7.816
2026-01-15T21:00:00.000Z,6.806
2026-01-15T22:00:00.000Z,5.332
2026-01-15T23:00:00.000Z,5.727
2026-01-16T00:00:00.000Z,4.985
2026-01-16T01:00:00.000Z,4.358
2026-01-16T02:00:00.000Z,4.025
2026-01-16T03:00:00.000Z,4.236
2026-01-16T04:00:00.000Z,4.462
2026-01-16T05:00:00.000Z,5.081
2026-01-16T06:00:00.000Z,6.500
2026-01-16T07:00:00.000Z,6.708
2026-01-16T08:00:00.000Z,6.402
2026-01-16T09:00:00.000Z,6.069
2026-01-16T10:00:00.000Z,5.805
2026-01-16T11:00:00.000Z,5.842
2026-01-16T12:00:00.000Z,5.572
2026-01-16T13:00:00.000Z,4.553
2026-01-16T14:00:00.000Z,4.546
2026-01-16T15:00:00.000Z,4.062
2026-01-16T16:00:00.000Z,3.835
2026-01-16T17:00:00.000Z,3.323
2026-01-16T18:00:00.000Z,2.966
2026-01-16T19:00:00.000Z,2.477
2026-01-16T20:00:00.000Z,2.351
2026-01-16T21:00:00.000Z,2.000
2026-01-16T22:00:00.000Z,2.035
2026-01-16T23:00:00.000Z,2.159
2026-01-17T00:00:00.000Z,2.226
2026-01-17T01:00:00.000Z,2.253
2026-01-17T02:00:00.000Z,2.349
2026-01-17T03:00:00.000Z,2.157
2026-01-17T04:00:00.000Z,2.866
2026-01-17T05:00:00.000Z,2.952
2026-01-17T06:00:00.000Z,3.647
2026-01-17T07:00:00.000Z,3.807
2026-01-17T08:00:00.000Z,3.805
2026-01-17T09:00:00.000Z,4.074
2026-01-17T10:00:00.000Z,4.060
2026-01-17T11:00:00.000Z,3.976
2026-01-17T12:00:00.000Z,4.113
2026-01-17T13:00:00.000Z,4.417
2026-01-17T14:00:00.000Z,4.700
2026-01-17T15:00:00.000Z,5.097
2026-01-17T16:00:00.000Z,5.853
2026-01-17T17:00:00.000Z,4.794
2026-01-17T18:00:00.000Z,4.675
2026-01-17T19:00:00.000Z,4.592
2026-01-17T20:00:00.000Z,5.024
2026-01-17T21:00:00.000Z,5.102
2026-01-17T22:00:00.000Z,4.856
2026-01-17T23:00:00.000Z,5.657
2026-01-18T00:00:00.000Z,5.929
2026-01-18T01:00:00.000Z,5.942
2026-01-18T02:00:00.000Z,6.583
2026-01-18T03:00:00.000Z,7.069
2026-01-18T04:00:00.000Z,7.831
2026-01-18T05:00:00.000Z,7.437
2026-01-18T06:00:00.000Z,8.183
2026-01-18T07:00:00.000Z,8.172
2026-01-18T08:00:00.000Z,8.965
2026-01-18T09:00:00.000Z,9.705
2026-01-18T10:00:00.000Z,9.557
2026-01-18T11:00:00.000Z,9.379
2026-01-18T12:00:00.000Z,9.418
2026-01-18T13:00:00.000Z,9.792
2026-01-18T14:00:00.000Z,10.268
2026-01-18T15:00:00.000Z,11.164
2026-01-18T16:00:00.000Z,12.597
2026-01-18T17:00:00.000Z,13.498
2026-01-18T18:00:00.000Z,11.983
2026-01-18T19:00:00.000Z,11.229
2026-01-18T20:00:00.000Z,10.365
2026-01-18T21:00:00.000Z,9.953
2026-01-18T22:00:00.000Z,9.814
2026-01-18T23:00:00.000Z,8.933
2026-01-19T00:00:00.000Z,8.727
2026-01-19T01:00:00.000Z,8.696
2026-01-19T02:00:00.000Z,8.663
2026-01-19T03:00:00.000Z,8.727
2026-01-19T04:00:00.000Z,9.133
2026-01-19T05:00:00.000Z,12.226
2026-01-19T06:00:00.000Z,15.500
2026-01-19T07:00:00.000Z,17.125
2026-01-19T08:00:00.000Z,15.852
2026-01-19T09:00:00.000Z,13.346
2026-01-19T10:00:00.000Z,12.314
2026-01-19T11:00:00.000Z,12.076
2026-01-19T12:00:00.000Z,12.474
2026-01-19T13:00:00.000Z,14.172
2026-01-19T14:00:00.000Z,16.668
2026-01-19T15:00:00.000Z,19.452
2026-01-19T16:00:00.000Z,20.604
2026-01-19T17:00:00.000Z,19.500
2026-01-19T18:00:00.000Z,17.626
2026-01-19T19:00:00.000Z,15.308
2026-01-19T20:00:00.000Z,13.079
2026-01-19T21:00:00.000Z,12.244
2026-01-19T22:00:00.000Z,10.877
2026-01-19T23:00:00.000Z,11.054
2026-01-20T00:00:00.000Z,11.011
2026-01-20T01:00:00.000Z,10.640
2026-01-20T02:00:00.000Z,10.595
2026-01-20T03:00:00.000Z,10.880
2026-01-20T04:00:00.000Z,11.990
2026-01-20T05:00:00.000Z,17.853
2026-01-20T06:00:00.000Z,23.283
2026-01-20T07:00:00.000Z,26.222
2026-01-20T08:00:00.000Z,22.183
2026-01-20T09:00:00.000Z,18.019
2026-01-20T10:00:00.000Z,13.768
2026-01-20T11:00:00.000Z,15.506
2026-01-20T12:00:00.000Z,14.993
2026-01-20T13:00:00.000Z,15.125
2026-01-20T14:00:00.000Z,19.049
2026-01-20T15:00:00.000Z,26.948
2026-01-20T16:00:00.000Z,25.000
2026-01-20T17:00:00.000Z,19.879
2026-01-20T18:00:00.000Z,17.839
2026-01-20T19:00:00.000Z,15.346
2026-01-20T20:00:00.000Z,13.762
2026-01-20T21:00:00.000Z,11.646
2026-01-20T22:00:00.000Z,10.425
2026-01-20T23:00:00.000Z,9.845
2026-01-21T00:00:00.000Z,9.346
2026-01-21T01:00:00.000Z,9.237
2026-01-21T02:00:00.000Z,9.039
2026-01-21T03:00:00.000Z,8.902
2026-01-21T04:00:00.000Z,10.818
2026-01-21T05:00:00.000Z,12.999
2026-01-21T06:00:00.000Z,12.898
2026-01-21T07:00:00.000Z,15.069
2026-01-21T08:00:00.000Z,14.010
2026-01-21T09:00:00.000Z,11.937
2026-01-21T10:00:00.000Z,10.816
2026-01-21T11:00:00.000Z,11.826
2026-01-21T12:00:00.000Z,10.421
2026-01-21T13:00:00.000Z,10.947
2026-01-21T14:00:00.000Z,12.371
2026-01-21T15:00:00.000Z,13.853
2026-01-21T16:00:00.000Z,13.144
2026-01-21T17:00:00.000Z,12.018
2026-01-21T18:00:00.000Z,10.660
2026-01-21T19:00:00.000Z,9.926
2026-01-21T20:00:00.000Z,9.374
2026-01-21T21:00:00.000Z,9.994
2026-01-21T22:00:00.000Z,8.798
2026-01-21T23:00:00.000Z,8.922
2026-01-22T00:00:00.000Z,8.338
2026-01-22T01:00:00.000Z,8.203
2026-01-22T02:00:00.000Z,8.178
2026-01-22T03:00:00.000Z,8.503
2026-01-22T04:00:00.000Z,10.755
2026-01-22T05:00:00.000Z,13.000
2026-01-22T06:00:00.000Z,16.194
2026-01-22T07:00:00.000Z,15.999
2026-01-22T08:00:00.000Z,16.044
2026-01-22T09:00:00.000Z,15.025
2026-01-22T10:00:00.000Z,15.305
2026-01-22T11:00:00.000Z,15.511
2026-01-22T12:00:00.000Z,15.941
2026-01-22T13:00:00.000Z,15.301
2026-01-22T14:00:00.000Z,18.261
2026-01-22T15:00:00.000Z,18.627
2026-01-22T16:00:00.000Z,16.705
2026-01-22T17:00:00.000Z,15.421
2026-01-22T18:00:00.000Z,13.999
2026-01-22T19:00:00.000Z,12.272
2026-01-22T20:00:00.000Z,10.993
2026-01-22T21:00:00.000Z,10.732
2026-01-22T22:00:00.000Z,9.419
2026-01-22T23:00:00.000Z,10.772
2026-01-23T00:00:00.000Z,11.110
2026-01-23T01:00:00.000Z,11.157
2026-01-23T02:00:00.000Z,10.461
2026-01-23T03:00:00.000Z,10.581
2026-01-23T04:00:00.000Z,13.000
2026-01-23T05:00:00.000Z,18.034
2026-01-23T06:00:00.000Z,19.465
2026-01-23T07:00:00.000Z,21.133
2026-01-23T08:00:00.000Z,20.000
2026-01-23T09:00:00.000Z,18.535
2026-01-23T10:00:00.000Z,19.478
2026-01-23T11:00:00.000Z,19.747
2026-01-23T12:00:00.000Z,18.926
2026-01-23T13:00:00.000Z,18.720
2026-01-23T14:00:00.000Z,19.870
2026-01-23T15:00:00.000Z,18.020
2026-01-23T16:00:00.000Z,18.547
2026-01-23T17:00:00.000Z,17.846
2026-01-23T18:00:00.000Z,15.855
2026-01-23T19:00:00.000Z,13.445
2026-01-23T20:00:00.000Z,13.208
2026-01-23T21:00:00.000Z,11.978
2026-01-23T22:00:00.000Z,10.106
2026-01-23T23:00:00.000Z,12.000
2026-01-24T00:00:00.000Z,10.797
2026-01-24T01:00:00.000Z,10.523
2026-01-24T02:00:00.000Z,10.426
2026-01-24T03:00:00.000Z,10.225
2026-01-24T04:00:00.000Z,10.348
2026-01-24T05:00:00.000Z,10.778
2026-01-24T06:00:00.000Z,11.179
2026-01-24T07:00:00.000Z,12.464
2026-01-24T08:00:00.000Z,14.091
2026-01-24T09:00:00.000Z,14.930
2026-01-24T10:00:00.000Z,14.793
2026-01-24T11:00:00.000Z,14.450
2026-01-24T12:00:00.000Z,14.398
2026-01-24T13:00:00.000Z,14.020
2026-01-24T14:00:00.000Z,14.211
2026-01-24T15:00:00.000Z,14.251
2026-01-24T16:00:00.000Z,14.846
2026-01-24T17:00:00.000Z,14.175
2026-01-24T18:00:00.000Z,13.000
2026-01-24T19:00:00.000Z,11.910
2026-01-24T20:00:00.000Z,11.710
2026-01-24T21:00:00.000Z,10.811
2026-01-24T22:00:00.000Z,9.566
2026-01-24T23:00:00.000Z,9.361
2026-01-25T00:00:00.000Z,9.831
2026-01-25T01:00:00.000Z,9.668
2026-01-25T02:00:00.000Z,9.582
2026-01-25T03:00:00.000Z,9.505
2026-01-25T04:00:00.000Z,9.314
2026-01-25T05:00:00.000Z,8.834
2026-01-25T06:00:00.000Z,9.278
2026-01-25T07:00:00.000Z,9.595
2026-01-25T08:00:00.000Z,9.884
2026-01-25T09:00:00.000Z,10.854
2026-01-25T10:00:00.000Z,11.232
2026-01-25T11:00:00.000Z,11.657
2026-01-25T12:00:00.000Z,11.306
2026-01-25T13:00:00.000Z,11.133
2026-01-25T14:00:00.000Z,11.158
2026-01-25T15:00:00.000Z,11.673
2026-01-25T16:00:00.000Z,12.777
2026-01-25T17:00:00.000Z,13.343
2026-01-25T18:00:00.000Z,12.739
2026-01-25T19:00:00.000Z,12.037
2026-01-25T20:00:00.000Z,11.128
2026-01-25T21:00:00.000Z,10.789
2026-01-25T22:00:00.000Z,10.147
2026-01-25T23:00:00.000Z,10.028
2026-01-26T00:00:00.000Z,9.816
2026-01-26T01:00:00.000Z,9.567
2026-01-26T02:00:00.000Z,9.531
2026-01-26T03:00:00.000Z,9.492
2026-01-26T04:00:00.000Z,13.705
2026-01-26T05:00:00.000Z,17.634
2026-01-26T06:00:00.000Z,20.719
2026-01-26T07:00:00.000Z,23.648
2026-01-26T08:00:00.000Z,24.827
2026-01-26T09:00:00.000Z,22.631
2026-01-26T10:00:00.000Z,22.134
2026-01-26T11:00:00.000Z,18.320
2026-01-26T12:00:00.000Z,18.864
2026-01-26T13:00:00.000Z,16.820
2026-01-26T14:00:00.000Z,16.707
2026-01-26T15:00:00.000Z,16.606
2026-01-26T16:00:00.000Z,17.850
2026-01-26T17:00:00.000Z,17.798
2026-01-26T18:00:00.000Z,16.922
2026-01-26T19:00:00.000Z,14.841
2026-01-26T20:00:00.000Z,14.000
2026-01-26T21:00:00.000Z,12.571
2026-01-26T22:00:00.000Z,10.788
2026-01-26T23:00:00.000Z,11.997
2026-01-27T00:00:00.000Z,11.575
2026-01-27T01:00:00.000Z,11.563
2026-01-27T02:00:00.000Z,11.730
2026-01-27T03:00:00.000Z,11.786
2026-01-27T04:00:00.000Z,13.363
2026-01-27T05:00:00.000Z,18.189
2026-01-27T06:00:00.000Z,27.000
2026-01-27T07:00:00.000Z,27.501
2026-01-27T08:00:00.000Z,23.127
2026-01-27T09:00:00.000Z,24.766
2026-01-27T10:00:00.000Z,29.830
2026-01-27T11:00:00.000Z,23.821
2026-01-27T12:00:00.000Z,23.394
2026-01-27T13:00:00.000Z,24.935
2026-01-27T14:00:00.000Z,31.233
2026-01-27T15:00:00.000Z,31.550
2026-01-27T16:00:00.000Z,31.235
2026-01-27T17:00:00.000Z,30.878
2026-01-27T18:00:00.000Z,29.567
2026-01-27T19:00:00.000Z,24.087
2026-01-27T20:00:00.000Z,16.034
2026-01-27T21:00:00.000Z,18.030
2026-01-27T22:00:00.000Z,13.562
2026-01-27T23:00:00.000Z,12.946
2026-01-28T00:00:00.000Z,12.274
2026-01-28T01:00:00.000Z,10.910
2026-01-28T02:00:00.000Z,10.906
2026-01-28T03:00:00.000Z,12.999
2026-01-28T04:00:00.000Z,14.999
2026-01-28T05:00:00.000Z,20.756
2026-01-28T06:00:00.000Z,21.713
2026-01-28T07:00:00.000Z,22.623
2026-01-28T08:00:00.000Z,19.907
2026-01-28T09:00:00.000Z,21.547
2026-01-28T10:00:00.000Z,19.535
2026-01-28T11:00:00.000Z,18.899
2026-01-28T12:00:00.000Z,18.099
2026-01-28T13:00:00.000Z,20.769
2026-01-28T14:00:00.000Z,21.988
2026-01-28T15:00:00.000Z,23.277
2026-01-28T16:00:00.000Z,21.008
2026-01-28T17:00:00.000Z,18.540
2026-01-28T18:00:00.000Z,19.730
2026-01-28T19:00:00.000Z,14.786
2026-01-28T20:00:00.000Z,14.044
2026-01-28T21:00:00.000Z,13.933
2026-01-28T22:00:00.000Z,11.335
2026-01-28T23:00:00.000Z,10.863
2026-01-29T00:00:00.000Z,10.403
2026-01-29T01:00:00.000Z,10.196
2026-01-29T02:00:00.000Z,10.097
2026-01-29T03:00:00.000Z,11.143
2026-01-29T04:00:00.000Z,18.154
2026-01-29T05:00:00.000Z,23.453
2026-01-29T06:00:00.000Z,24.787
2026-01-29T07:00:00.000Z,25.859
2026-01-29T08:00:00.000Z,25.400
2026-01-29T09:00:00.000Z,27.200
2026-01-29T10:00:00.000Z,25.319
2026-01-29T11:00:00.000Z,27.200
2026-01-29T12:00:00.000Z,25.687
2026-01-29T13:00:00.000Z,26.779
2026-01-29T14:00:00.000Z,26.680
2026-01-29T15:00:00.000Z,24.340
2026-01-29T16:00:00.000Z,23.070
2026-01-29T17:00:00.000Z,22.099
2026-01-29T18:00:00.000Z,23.942
2026-01-29T19:00:00.000Z,21.352
2026-01-29T20:00:00.000Z,20.899
2026-01-29T21:00:00.000Z,19.301
2026-01-29T22:00:00.000Z,16.106
2026-01-29T23:00:00.000Z,15.404
2026-01-30T00:00:00.000Z,14.999
2026-01-30T01:00:00.000Z,14.874
2026-01-30T02:00:00.000Z,14.727
2026-01-30T03:00:00.000Z,15.662
2026-01-30T04:00:00.000Z,21.102
2026-01-30T05:00:00.000Z,33.457
2026-01-30T06:00:00.000Z,31.319
2026-01-30T07:00:00.000Z,32.937
2026-01-30T08:00:00.000Z,32.176
2026-01-30T09:00:00.000Z,32.682
2026-01-30T10:00:00.000Z,31.660
2026-01-30T11:00:00.000Z,30.095
2026-01-30T12:00:00.000Z,27.446
2026-01-30T13:00:00.000Z,27.473
2026-01-30T14:00:00.000Z,28.899
2026-01-30T15:00:00.000Z,32.775
2026-01-30T16:00:00.000Z,29.319
2026-01-30T17:00:00.000Z,31.766
2026-01-30T18:00:00.000Z,24.790
2026-01-30T19:00:00.000Z,19.023
2026-01-30T20:00:00.000Z,19.002
2026-01-30T21:00:00.000Z,17.687
2026-01-30T22:00:00.000Z,14.141
2026-01-30T23:00:00.000Z,18.059
2026-01-31T00:00:00.000Z,16.040
2026-01-31T01:00:00.000Z,15.100
2026-01-31T02:00:00.000Z,15.000
2026-01-31T03:00:00.000Z,15.200
2026-01-31T04:00:00.000Z,16.309
2026-01-31T05:00:00.000Z,16.720
2026-01-31T06:00:00.000Z,15.102
2026-01-31T07:00:00.000Z,17.209
2026-01-31T08:00:00.000Z,16.200
2026-01-31T09:00:00.000Z,17.151
2026-01-31T10:00:00.000Z,16.870
2026-01-31T11:00:00.000Z,17.877
2026-01-31T12:00:00.000Z,18.464
2026-01-31T13:00:00.000Z,18.074
2026-01-31T14:00:00.000Z,18.566
2026-01-31T15:00:00.000Z,18.550
2026-01-31T16:00:00.000Z,16.310
2026-01-31T17:00:00.000Z,14.211
2026-01-31T18:00:00.000Z,13.721
2026-01-31T19:00:00.000Z,12.603
2026-01-31T20:00:00.000Z,11.689
2026-01-31T21:00:00.000Z,10.478
2026-01-31T22:00:00.000Z,8.894
2026-01-31T23:00:00.000Z,5.247
2026-02-01T00:00:00.000Z,5.257
2026-02-01T01:00:00.000Z,5.312
2026-02-01T02:00:00.000Z,5.322
2026-02-01T03:00:00.000Z,5.731
2026-02-01T04:00:00.000Z,6.342
2026-02-01T05:00:00.000Z,6.595
2026-02-01T06:00:00.000Z,7.848
2026-02-01T07:00:00.000Z,9.796
2026-02-01T08:00:00.000Z,9.284
2026-02-01T09:00:00.000Z,11.410
2026-02-01T10:00:00.000Z,10.164
2026-02-01T11:00:00.000Z,10.579
2026-02-01T12:00:00.000Z,11.109
2026-02-01T13:00:00.000Z,11.649
2026-02-01T14:00:00.000Z,12.999
2026-02-01T15:00:00.000Z,13.613
2026-02-01T16:00:00.000Z,13.229
2026-02-01T17:00:00.000Z,13.142
2026-02-01T18:00:00.000Z,12.999
2026-02-01T19:00:00.000Z,12.652
2026-02-01T20:00:00.000Z,13.376
2026-02-01T21:00:00.000Z,12.424
2026-02-01T22:00:00.000Z,11.192
2026-02-01T23:00:00.000Z,9.699
2026-02-02T00:00:00.000Z,9.400
2026-02-02T01:00:00.000Z,11.239
2026-02-02T02:00:00.000Z,12.678
2026-02-02T03:00:00.000Z,14.011
2026-02-02T04:00:00.000Z,26.019
2026-02-02T05:00:00.000Z,39.376
2026-02-02T06:00:00.000Z,40.682
2026-02-02T07:00:00.000Z,43.930
2026-02-02T08:00:00.000Z,44.134
2026-02-02T09:00:00.000Z,42.407
2026-02-02T10:00:00.000Z,44.584
2026-02-02T11:00:00.000Z,44.110
2026-02-02T12:00:00.000Z,40.692
2026-02-02T13:00:00.000Z,40.656
2026-02-02T14:00:00.000Z,40.612
2026-02-02T15:00:00.000Z,39.299
2026-02-02T16:00:00.000Z,34.848
2026-02-02T17:00:00.000Z,38.364
2026-02-02T18:00:00.000Z,34.536
2026-02-02T19:00:00.000Z,24.194
2026-02-02T20:00:00.000Z,22.484
2026-02-02T21:00:00.000Z,20.400
2026-02-02T22:00:00.000Z,18.049
2026-02-02T23:00:00.000Z,17.313
2026-02-03T00:00:00.000Z,15.000
2026-02-03T01:00:00.000Z,15.000
2026-02-03T02:00:00.000Z,15.000
2026-02-03T03:00:00.000Z,21.010
2026-02-03T04:00:00.000Z,32.820
2026-02-03T05:00:00.000Z,48.039
2026-02-03T06:00:00.000Z,47.939
2026-02-03T07:00:00.000Z,47.841
2026-02-03T08:00:00.000Z,45.844
2026-02-03T09:00:00.000Z,47.804
2026-02-03T10:00:00.000Z,44.221
2026-02-03T11:00:00.000Z,48.953
2026-02-03T12:00:00.000Z,44.711
2026-02-03T13:00:00.000Z,48.404
2026-02-03T14:00:00.000Z,49.654
2026-02-03T15:00:00.000Z,61.391
2026-02-03T16:00:00.000Z,49.183
2026-02-03T17:00:00.000Z,49.360
2026-02-03T18:00:00.000Z,48.919
2026-02-03T19:00:00.000Z,40.147
2026-02-03T20:00:00.000Z,32.711
2026-02-03T21:00:00.000Z,37.668
2026-02-03T22:00:00.000Z,26.812
2026-02-03T23:00:00.000Z,19.269
2026-02-04T00:00:00.000Z,16.720
2026-02-04T01:00:00.000Z,15.000
2026-02-04T02:00:00.000Z,15.973
2026-02-04T03:00:00.000Z,17.739
2026-02-04T04:00:00.000Z,24.866
2026-02-04T05:00:00.000Z,30.000
2026-02-04T06:00:00.000Z,31.971
2026-02-04T07:00:00.000Z,30.573
2026-02-04T08:00:00.000Z,30.433
2026-02-04T09:00:00.000Z,24.344
2026-02-04T10:00:00.000Z,23.166
2026-02-04T11:00:00.000Z,23.082
2026-02-04T12:00:00.000Z,23.794
2026-02-04T13:00:00.000Z,18.727
2026-02-04T14:00:00.000Z,17.371
2026-02-04T15:00:00.000Z,17.999
2026-02-04T16:00:00.000Z,18.970
2026-02-04T17:00:00.000Z,16.920
2026-02-04T18:00:00.000Z,15.163
2026-02-04T19:00:00.000Z,12.804
2026-02-04T20:00:00.000Z,14.000
2026-02-04T21:00:00.000Z,10.745
2026-02-04T22:00:00.000Z,8.735
2026-02-04T23:00:00.000Z,10.000
2026-02-05T00:00:00.000Z,9.015
2026-02-05T01:00:00.000Z,8.960
2026-02-05T02:00:00.000Z,9.200
2026-02-05T03:00:00.000Z,9.660
2026-02-05T04:00:00.000Z,11.602
2026-02-05T05:00:00.000Z,13.527
2026-02-05T06:00:00.000Z,15.999
2026-02-05T07:00:00.000Z,19.944
2026-02-05T08:00:00.000Z,20.029
2026-02-05T09:00:00.000Z,20.000
2026-02-05T10:00:00.000Z,21.393
2026-02-05T11:00:00.000Z,21.816
2026-02-05T12:00:00.000Z,21.607
2026-02-05T13:00:00.000Z,20.110
2026-02-05T14:00:00.000Z,20.000
2026-02-05T15:00:00.000Z,21.800
2026-02-05T16:00:00.000Z,20.000
2026-02-05T17:00:00.000Z,20.471
2026-02-05T18:00:00.000Z,20.000
2026-02-05T19:00:00.000Z,14.031
2026-02-05T20:00:00.000Z,14.253
2026-02-05T21:00:00.000Z,14.407
2026-02-05T22:00:00.000Z,11.423
2026-02-05T23:00:00.000Z,13.666
2026-02-06T00:00:00.000Z,12.391
2026-02-06T01:00:00.000Z,10.589
2026-02-06T02:00:00.000Z,11.998
2026-02-06T03:00:00.000Z,14.614
2026-02-06T04:00:00.000Z,21.605
2026-02-06T05:00:00.000Z,26.680
2026-02-06T06:00:00.000Z,29.339
2026-02-06T07:00:00.000Z,34.528
2026-02-06T08:00:00.000Z,32.962
2026-02-06T09:00:00.000Z,28.055
2026-02-06T10:00:00.000Z,28.742
2026-02-06T11:00:00.000Z,23.342
2026-02-06T12:00:00.000Z,21.261
2026-02-06T13:00:00.000Z,17.898
2026-02-06T14:00:00.000Z,17.139
2026-02-06T15:00:00.000Z,19.189
2026-02-06T16:00:00.000Z,19.894
2026-02-06T17:00:00.000Z,18.790
2026-02-06T18:00:00.000Z,18.346
2026-02-06T19:00:00.000Z,15.839
2026-02-06T20:00:00.000Z,13.891
2026-02-06T21:00:00.000Z,14.993
2026-02-06T22:00:00.000Z,12.017
2026-02-06T23:00:00.000Z,13.558
2026-02-07T00:00:00.000Z,12.000
2026-02-07T01:00:00.000Z,10.937
2026-02-07T02:00:00.000Z,11.170
2026-02-07T03:00:00.000Z,11.145
2026-02-07T04:00:00.000Z,11.999
2026-02-07T05:00:00.000Z,11.420
2026-02-07T06:00:00.000Z,13.275
2026-02-07T07:00:00.000Z,12.550
2026-02-07T08:00:00.000Z,12.000
2026-02-07T09:00:00.000Z,12.136
2026-02-07T10:00:00.000Z,12.374
2026-02-07T11:00:00.000Z,12.245
2026-02-07T12:00:00.000Z,12.281
2026-02-07T13:00:00.000Z,12.493
2026-02-07T14:00:00.000Z,12.000
2026-02-07T15:00:00.000Z,13.400
2026-02-07T16:00:00.000Z,13.707
2026-02-07T17:00:00.000Z,13.695
2026-02-07T18:00:00.000Z,12.877
2026-02-07T19:00:00.000Z,11.999
2026-02-07T20:00:00.000Z,13.442
2026-02-07T21:00:00.000Z,11.858
2026-02-07T22:00:00.000Z,11.421
2026-02-07T23:00:00.000Z,12.675
2026-02-08T00:00:00.000Z,12.999
2026-02-08T01:00:00.000Z,12.076
2026-02-08T02:00:00.000Z,11.365
2026-02-08T03:00:00.000Z,11.001
2026-02-08T04:00:00.000Z,12.059
2026-02-08T05:00:00.000Z,11.999
2026-02-08T06:00:00.000Z,11.211
2026-02-08T07:00:00.000Z,12.001
2026-02-08T08:00:00.000Z,12.000
2026-02-08T09:00:00.000Z,12.240
2026-02-08T10:00:00.000Z,11.421
2026-02-08T11:00:00.000Z,11.104
2026-02-08T12:00:00.000Z,10.499
2026-02-08T13:00:00.000Z,10.499
2026-02-08T14:00:00.000Z,10.805
2026-02-08T15:00:00.000Z,11.485
2026-02-08T16:00:00.000Z,12.928
2026-02-08T17:00:00.000Z,13.272
2026-02-08T18:00:00.000Z,12.776
2026-02-08T19:00:00.000Z,11.374
2026-02-08T20:00:00.000Z,10.848
2026-02-08T21:00:00.000Z,10.506
2026-02-08T22:00:00.000Z,9.878
2026-02-08T23:00:00.000Z,9.890
2026-02-09T00:00:00.000Z,9.775
2026-02-09T01:00:00.000Z,9.787
2026-02-09T02:00:00.000Z,9.780
2026-02-09T03:00:00.000Z,9.835
2026-02-09T04:00:00.000Z,10.510
2026-02-09T05:00:00.000Z,13.482
2026-02-09T06:00:00.000Z,16.570
2026-02-09T07:00:00.000Z,18.794
2026-02-09T08:00:00.000Z,21.249
2026-02-09T09:00:00.000Z,22.106
2026-02-09T10:00:00.000Z,18.999
2026-02-09T11:00:00.000Z,23.136
2026-02-09T12:00:00.000Z,23.480
2026-02-09T13:00:00.000Z,22.390
2026-02-09T14:00:00.000Z,23.097
2026-02-09T15:00:00.000Z,23.887
2026-02-09T16:00:00.000Z,24.302
2026-02-09T17:00:00.000Z,21.840
2026-02-09T18:00:00.000Z,20.007
2026-02-09T19:00:00.000Z,14.942
2026-02-09T20:00:00.000Z,13.833
2026-02-09T21:00:00.000Z,12.624
2026-02-09T22:00:00.000Z,11.287
2026-02-09T23:00:00.000Z,12.000
2026-02-10T00:00:00.000Z,11.999
2026-02-10T01:00:00.000Z,12.046
2026-02-10T02:00:00.000Z,12.000
2026-02-10T03:00:00.000Z,12.000
2026-02-10T04:00:00.000Z,15.189
2026-02-10T05:00:00.000Z,22.452
2026-02-10T06:00:00.000Z,27.418
2026-02-10T07:00:00.000Z,31.684
2026-02-10T08:00:00.000Z,32.443
2026-02-10T09:00:00.000Z,27.412
2026-02-10T10:00:00.000Z,24.912
2026-02-10T11:00:00.000Z,24.926
2026-02-10T12:00:00.000Z,20.001
2026-02-10T13:00:00.000Z,17.223
2026-02-10T14:00:00.000Z,19.334
2026-02-10T15:00:00.000Z,23.869
2026-02-10T16:00:00.000Z,27.831
2026-02-10T17:00:00.000Z,28.085
2026-02-10T18:00:00.000Z,19.575
2026-02-10T19:00:00.000Z,16.107
2026-02-10T20:00:00.000Z,15.737
2026-02-10T21:00:00.000Z,12.463
2026-02-10T22:00:00.000Z,10.660
2026-02-10T23:00:00.000Z,10.699
2026-02-11T00:00:00.000Z,10.312
2026-02-11T01:00:00.000Z,10.069
2026-02-11T02:00:00.000Z,9.976
2026-02-11T03:00:00.000Z,9.920
2026-02-11T04:00:00.000Z,12.112
2026-02-11T05:00:00.000Z,15.420
2026-02-11T06:00:00.000Z,18.004
2026-02-11T07:00:00.000Z,17.374
2026-02-11T08:00:00.000Z,17.994
2026-02-11T09:00:00.000Z,18.901
2026-02-11T10:00:00.000Z,18.205
2026-02-11T11:00:00.000Z,19.889
2026-02-11T12:00:00.000Z,20.482
2026-02-11T13:00:00.000Z,19.603
2026-02-11T14:00:00.000Z,15.406
2026-02-11T15:00:00.000Z,15.390
2026-02-11T16:00:00.000Z,15.000
2026-02-11T17:00:00.000Z,14.924
2026-02-11T18:00:00.000Z,13.608
2026-02-11T19:00:00.000Z,12.856
2026-02-11T20:00:00.000Z,11.752
2026-02-11T21:00:00.000Z,11.438
2026-02-11T22:00:00.000Z,10.076
2026-02-11T23:00:00.000Z,13.242
2026-02-12T00:00:00.000Z,11.730
2026-02-12T01:00:00.000Z,11.046
2026-02-12T02:00:00.000Z,10.102
2026-02-12T03:00:00.000Z,11.880
2026-02-12T04:00:00.000Z,14.503
2026-02-12T05:00:00.000Z,18.366
2026-02-12T06:00:00.000Z,19.354
2026-02-12T07:00:00.000Z,20.752
2026-02-12T08:00:00.000Z,21.200
2026-02-12T09:00:00.000Z,20.180
2026-02-12T10:00:00.000Z,18.998
2026-02-12T11:00:00.000Z,20.300
2026-02-12T12:00:00.000Z,19.998
2026-02-12T13:00:00.000Z,19.321
2026-02-12T14:00:00.000Z,19.309
2026-02-12T15:00:00.000Z,22.994
2026-02-12T16:00:00.000Z,21.469
2026-02-12T17:00:00.000Z,21.004
2026-02-12T18:00:00.000Z,18.246
2026-02-12T19:00:00.000Z,15.000
2026-02-12T20:00:00.000Z,13.799
2026-02-12T21:00:00.000Z,12.361
2026-02-12T22:00:00.000Z,11.153
2026-02-12T23:00:00.000Z,13.381
2026-02-13T00:00:00.000Z,11.065
2026-02-13T01:00:00.000Z,10.574
2026-02-13T02:00:00.000Z,9.864
2026-02-13T03:00:00.000Z,10.902
2026-02-13T04:00:00.000Z,15.270
2026-02-13T05:00:00.000Z,17.619
2026-02-13T06:00:00.000Z,18.810
2026-02-13T07:00:00.000Z,18.254
2026-02-13T08:00:00.000Z,17.957
2026-02-13T09:00:00.000Z,17.142
2026-02-13T10:00:00.000Z,16.064
2026-02-13T11:00:00.000Z,16.808
2026-02-13T12:00:00.000Z,15.240
2026-02-13T13:00:00.000Z,15.000
2026-02-13T14:00:00.000Z,15.222
2026-02-13T15:00:00.000Z,17.488
2026-02-13T16:00:00.000Z,19.422
2026-02-13T17:00:00.000Z,17.756
2026-02-13T18:00:00.000Z,14.819
2026-02-13T19:00:00.000Z,13.064
2026-02-13T20:00:00.000Z,12.059
2026-02-13T21:00:00.000Z,11.349
2026-02-13T22:00:00.000Z,10.575
2026-02-13T23:00:00.000Z,10.992
2026-02-14T00:00:00.000Z,10.493
2026-02-14T01:00:00.000Z,10.410
2026-02-14T02:00:00.000Z,10.339
2026-02-14T03:00:00.000Z,10.323
2026-02-14T04:00:00.000Z,10.102
2026-02-14T05:00:00.000Z,10.397
2026-02-14T06:00:00.000Z,11.033
2026-02-14T07:00:00.000Z,13.095
2026-02-14T08:00:00.000Z,13.922
2026-02-14T09:00:00.000Z,12.667
2026-02-14T10:00:00.000Z,11.909
2026-02-14T11:00:00.000Z,11.756
2026-02-14T12:00:00.000Z,12.602
2026-02-14T13:00:00.000Z,12.000
2026-02-14T14:00:00.000Z,11.307
2026-02-14T15:00:00.000Z,13.788
2026-02-14T16:00:00.000Z,15.118
2026-02-14T17:00:00.000Z,14.694
2026-02-14T18:00:00.000Z,13.682
2026-02-14T19:00:00.000Z,12.828
2026-02-14T20:00:00.000Z,12.159
2026-02-14T21:00:00.000Z,11.427
2026-02-14T22:00:00.000Z,10.438
2026-02-14T23:00:00.000Z,10.377
2026-02-15T00:00:00.000Z,10.319
2026-02-15T01:00:00.000Z,10.110
2026-02-15T02:00:00.000Z,9.868
2026-02-15T03:00:00.000Z,9.754
2026-02-15T04:00:00.000Z,9.622
2026-02-15T05:00:00.000Z,9.661
2026-02-15T06:00:00.000Z,11.157
2026-02-15T07:00:00.000Z,9.874
2026-02-15T08:00:00.000Z,10.632
2026-02-15T09:00:00.000Z,12.000
2026-02-15T10:00:00.000Z,10.703
2026-02-15T11:00:00.000Z,10.441
2026-02-15T12:00:00.000Z,11.660
2026-02-15T13:00:00.000Z,11.012
2026-02-15T14:00:00.000Z,9.650
2026-02-15T15:00:00.000Z,8.627
2026-02-15T16:00:00.000Z,10.040
2026-02-15T17:00:00.000Z,9.078
2026-02-15T18:00:00.000Z,6.510
2026-02-15T19:00:00.000Z,5.864
2026-02-15T20:00:00.000Z,6.303
2026-02-15T21:00:00.000Z,5.355
2026-02-15T22:00:00.000Z,4.338
2026-02-15T23:00:00.000Z,6.827
2026-02-16T00:00:00.000Z,5.320
2026-02-16T01:00:00.000Z,4.456
2026-02-16T02:00:00.000Z,4.139
2026-02-16T03:00:00.000Z,4.879
2026-02-16T04:00:00.000Z,5.939
2026-02-16T05:00:00.000Z,9.141
2026-02-16T06:00:00.000Z,9.277
2026-02-16T07:00:00.000Z,9.310
2026-02-16T08:00:00.000Z,9.251
2026-02-16T09:00:00.000Z,10.787
2026-02-16T10:00:00.000Z,10.899
2026-02-16T11:00:00.000Z,11.000
2026-02-16T12:00:00.000Z,9.350
2026-02-16T13:00:00.000Z,7.544
2026-02-16T14:00:00.000Z,7.499
2026-02-16T15:00:00.000Z,8.293
2026-02-16T16:00:00.000Z,9.815
2026-02-16T17:00:00.000Z,8.076
2026-02-16T18:00:00.000Z,5.795
2026-02-16T19:00:00.000Z,3.221
2026-02-16T20:00:00.000Z,3.103
2026-02-16T21:00:00.000Z,2.715
2026-02-16T22:00:00.000Z,2.479
2026-02-16T23:00:00.000Z,3.808
2026-02-17T00:00:00.000Z,3.835
2026-02-17T01:00:00.000Z,3.850
2026-02-17T02:00:00.000Z,4.039
2026-02-17T03:00:00.000Z,4.151
2026-02-17T04:00:00.000Z,3.968
2026-02-17T05:00:00.000Z,4.286
2026-02-17T06:00:00.000Z,9.251
2026-02-17T07:00:00.000Z,10.618
2026-02-17T08:00:00.000Z,10.980
2026-02-17T09:00:00.000Z,10.727
2026-02-17T10:00:00.000Z,10.007
2026-02-17T11:00:00.000Z,9.239
2026-02-17T12:00:00.000Z,9.287
2026-02-17T13:00:00.000Z,8.000
2026-02-17T14:00:00.000Z,8.000
2026-02-17T15:00:00.000Z,7.980
2026-02-17T16:00:00.000Z,11.269
2026-02-17T17:00:00.000Z,11.715
2026-02-17T18:00:00.000Z,9.383
2026-02-17T19:00:00.000Z,7.076
2026-02-17T20:00:00.000Z,7.954
2026-02-17T21:00:00.000Z,8.023
2026-02-17T22:00:00.000Z,8.013
2026-02-17T23:00:00.000Z,5.535
2026-02-18T00:00:00.000Z,6.426
2026-02-18T01:00:00.000Z,7.406
2026-02-18T02:00:00.000Z,7.934
2026-02-18T03:00:00.000Z,9.091
2026-02-18T04:00:00.000Z,10.056
2026-02-18T05:00:00.000Z,12.300
2026-02-18T06:00:00.000Z,17.988
2026-02-18T07:00:00.000Z,19.752
2026-02-18T08:00:00.000Z,17.058
2026-02-18T09:00:00.000Z,18.320
2026-02-18T10:00:00.000Z,14.014
2026-02-18T11:00:00.000Z,14.500
2026-02-18T12:00:00.000Z,13.650
2026-02-18T13:00:00.000Z,13.656
2026-02-18T14:00:00.000Z,13.954
2026-02-18T15:00:00.000Z,14.811
2026-02-18T16:00:00.000Z,18.261
2026-02-18T17:00:00.000Z,16.774
2026-02-18T18:00:00.000Z,13.963
2026-02-18T19:00:00.000Z,12.438
2026-02-18T20:00:00.000Z,11.932
2026-02-18T21:00:00.000Z,10.872
2026-02-18T22:00:00.000Z,10.287
2026-02-18T23:00:00.000Z,10.142
2026-02-19T00:00:00.000Z,10.113
2026-02-19T01:00:00.000Z,10.065
2026-02-19T02:00:00.000Z,10.043
2026-02-19T03:00:00.000Z,10.136
2026-02-19T04:00:00.000Z,13.288
2026-02-19T05:00:00.000Z,17.041
2026-02-19T06:00:00.000Z,34.333
2026-02-19T07:00:00.000Z,45.299
2026-02-19T08:00:00.000Z,35.394
2026-02-19T09:00:00.000Z,23.810
2026-02-19T10:00:00.000Z,17.949
2026-02-19T11:00:00.000Z,16.500
2026-02-19T12:00:00.000Z,15.933
2026-02-19T13:00:00.000Z,16.704
2026-02-19T14:00:00.000Z,15.500
2026-02-19T15:00:00.000Z,19.950
2026-02-19T16:00:00.000Z,22.498
2026-02-19T17:00:00.000Z,19.694
2026-02-19T18:00:00.000Z,16.935
2026-02-19T19:00:00.000Z,15.521
2026-02-19T20:00:00.000Z,15.000
2026-02-19T21:00:00.000Z,13.500
2026-02-19T22:00:00.000Z,10.548
2026-02-19T23:00:00.000Z,12.717
2026-02-20T00:00:00.000Z,9.691
2026-02-20T01:00:00.000Z,9.286
2026-02-20T02:00:00.000Z,9.025
2026-02-20T03:00:00.000Z,9.381
2026-02-20T04:00:00.000Z,14.165
2026-02-20T05:00:00.000Z,19.503
2026-02-20T06:00:00.000Z,19.142
2026-02-20T07:00:00.000Z,19.803
2026-02-20T08:00:00.000Z,17.255
2026-02-20T09:00:00.000Z,13.655
2026-02-20T10:00:00.000Z,10.875
2026-02-20T11:00:00.000Z,11.290
2026-02-20T12:00:00.000Z,9.102
2026-02-20T13:00:00.000Z,8.899
2026-02-20T14:00:00.000Z,7.000
2026-02-20T15:00:00.000Z,4.816
2026-02-20T16:00:00.000Z,4.020
2026-02-20T17:00:00.000Z,3.069
2026-02-20T18:00:00.000Z,2.808
2026-02-20T19:00:00.000Z,2.673
2026-02-20T20:00:00.000Z,2.738
2026-02-20T21:00:00.000Z,2.503
2026-02-20T22:00:00.000Z,2.157
2026-02-20T23:00:00.000Z,1.106
2026-02-21T00:00:00.000Z,1.285
2026-02-21T01:00:00.000Z,1.577
2026-02-21T02:00:00.000Z,1.898
2026-02-21T03:00:00.000Z,2.155
2026-02-21T04:00:00.000Z,2.495
2026-02-21T05:00:00.000Z,2.750
2026-02-21T06:00:00.000Z,3.550
2026-02-21T07:00:00.000Z,4.507
2026-02-21T08:00:00.000Z,5.608
2026-02-21T09:00:00.000Z,5.953
2026-02-21T10:00:00.000Z,5.912
2026-02-21T11:00:00.000Z,5.902
2026-02-21T12:00:00.000Z,5.551
2026-02-21T13:00:00.000Z,5.673
2026-02-21T14:00:00.000Z,6.804
2026-02-21T15:00:00.000Z,7.791
2026-02-21T16:00:00.000Z,8.615
2026-02-21T17:00:00.000Z,9.460
2026-02-21T18:00:00.000Z,7.711
2026-02-21T19:00:00.000Z,7.381
2026-02-21T20:00:00.000Z,7.001
2026-02-21T21:00:00.000Z,5.727
2026-02-21T22:00:00.000Z,4.479
2026-02-21T23:00:00.000Z,3.993
2026-02-22T00:00:00.000Z,3.800
2026-02-22T01:00:00.000Z,3.197
2026-02-22T02:00:00.000Z,3.109
2026-02-22T03:00:00.000Z,2.941
2026-02-22T04:00:00.000Z,2.948
2026-02-22T05:00:00.000Z,2.870
2026-02-22T06:00:00.000Z,3.546
2026-02-22T07:00:00.000Z,4.322
2026-02-22T08:00:00.000Z,5.497
2026-02-22T09:00:00.000Z,6.583
2026-02-22T10:00:00.000Z,7.102
2026-02-22T11:00:00.000Z,7.396
2026-02-22T12:00:00.000Z,7.432
2026-02-22T13:00:00.000Z,7.585
2026-02-22T14:00:00.000Z,7.551
2026-02-22T15:00:00.000Z,7.903
2026-02-22T16:00:00.000Z,8.956
2026-02-22T17:00:00.000Z,9.280
2026-02-22T18:00:00.000Z,8.874
2026-02-22T19:00:00.000Z,8.018
2026-02-22T20:00:00.000Z,7.510
2026-02-22T21:00:00.000Z,7.398
2026-02-22T22:00:00.000Z,7.279
2026-02-22T23:00:00.000Z,8.012
2026-02-23T00:00:00.000Z,7.612
2026-02-23T01:00:00.000Z,5.873
2026-02-23T02:00:00.000Z,6.897
2026-02-23T03:00:00.000Z,9.357
2026-02-23T04:00:00.000Z,14.706
2026-02-23T05:00:00.000Z,15.733
2026-02-23T06:00:00.000Z,14.549
2026-02-23T07:00:00.000Z,14.997
2026-02-23T08:00:00.000Z,12.855
2026-02-23T09:00:00.000Z,14.592
2026-02-23T10:00:00.000Z,14.714
2026-02-23T11:00:00.000Z,14.970
2026-02-23T12:00:00.000Z,14.500
2026-02-23T13:00:00.000Z,14.845
2026-02-23T14:00:00.000Z,14.999
2026-02-23T15:00:00.000Z,14.635
2026-02-23T16:00:00.000Z,14.567
2026-02-23T17:00:00.000Z,14.205
2026-02-23T18:00:00.000Z,12.768
2026-02-23T19:00:00.000Z,11.562
2026-02-23T20:00:00.000Z,13.400
2026-02-23T21:00:00.000Z,11.510
2026-02-23T22:00:00.000Z,12.400
2026-02-23T23:00:00.000Z,12.131
2026-02-24T00:00:00.000Z,9.645
2026-02-24T01:00:00.000Z,9.298
2026-02-24T02:00:00.000Z,8.806
2026-02-24T03:00:00.000Z,9.161
2026-02-24T04:00:00.000Z,13.499
2026-02-24T05:00:00.000Z,13.500
2026-02-24T06:00:00.000Z,13.613
2026-02-24T07:00:00.000Z,15.066
2026-02-24T08:00:00.000Z,14.979
2026-02-24T09:00:00.000Z,13.500
2026-02-24T10:00:00.000Z,12.381
2026-02-24T11:00:00.000Z,11.397
2026-02-24T12:00:00.000Z,12.234
2026-02-24T13:00:00.000Z,11.886
2026-02-24T14:00:00.000Z,11.573
2026-02-24T15:00:00.000Z,13.440
2026-02-24T16:00:00.000Z,18.258
2026-02-24T17:00:00.000Z,18.220
2026-02-24T18:00:00.000Z,14.338
2026-02-24T19:00:00.000Z,11.987
2026-02-24T20:00:00.000Z,11.205
2026-02-24T21:00:00.000Z,13.124
2026-02-24T22:00:00.000Z,10.667
2026-02-24T23:00:00.000Z,12.105
2026-02-25T00:00:00.000Z,10.775
2026-02-25T01:00:00.000Z,11.200
2026-02-25T02:00:00.000Z,10.477
2026-02-25T03:00:00.000Z,9.835
2026-02-25T04:00:00.000Z,13.768
2026-02-25T05:00:00.000Z,13.801
2026-02-25T06:00:00.000Z,14.383
2026-02-25T07:00:00.000Z,14.396
2026-02-25T08:00:00.000Z,13.852
2026-02-25T09:00:00.000Z,10.926
2026-02-25T10:00:00.000Z,9.302
2026-02-25T11:00:00.000Z,9.954
2026-02-25T12:00:00.000Z,10.000
2026-02-25T13:00:00.000Z,10.946
2026-02-25T14:00:00.000Z,4.504
2026-02-25T15:00:00.000Z,2.542
2026-02-25T16:00:00.000Z,2.760
2026-02-25T17:00:00.000Z,2.840
2026-02-25T18:00:00.000Z,2.651
2026-02-25T19:00:00.000Z,2.436
2026-02-25T20:00:00.000Z,2.828
2026-02-25T21:00:00.000Z,2.803
2026-02-25T22:00:00.000Z,2.740
2026-02-25T23:00:00.000Z,3.427
2026-02-26T00:00:00.000Z,3.594
2026-02-26T01:00:00.000Z,3.699
2026-02-26T02:00:00.000Z,3.854
2026-02-26T03:00:00.000Z,4.382
2026-02-26T04:00:00.000Z,5.227
2026-02-26T05:00:00.000Z,6.409
2026-02-26T06:00:00.000Z,6.739
2026-02-26T07:00:00.000Z,7.413
2026-02-26T08:00:00.000Z,6.990
2026-02-26T09:00:00.000Z,6.036
2026-02-26T10:00:00.000Z,5.274
2026-02-26T11:00:00.000Z,4.353
2026-02-26T12:00:00.000Z,4.265
2026-02-26T13:00:00.000Z,4.743
2026-02-26T14:00:00.000Z,6.021
2026-02-26T15:00:00.000Z,5.982
2026-02-26T16:00:00.000Z,6.308
2026-02-26T17:00:00.000Z,5.975
2026-02-26T18:00:00.000Z,5.122
2026-02-26T19:00:00.000Z,4.972
2026-02-26T20:00:00.000Z,5.002
2026-02-26T21:00:00.000Z,4.614
2026-02-26T22:00:00.000Z,4.169
2026-02-26T23:00:00.000Z,4.182
2026-02-27T00:00:00.000Z,4.400
2026-02-27T01:00:00.000Z,4.347
2026-02-27T02:00:00.000Z,4.634
2026-02-27T03:00:00.000Z,5.018
2026-02-27T04:00:00.000Z,6.986
2026-02-27T05:00:00.000Z,7.700
2026-02-27T06:00:00.000Z,8.596
2026-02-27T07:00:00.000Z,8.202
2026-02-27T08:00:00.000Z,8.150
2026-02-27T09:00:00.000Z,8.231
2026-02-27T10:00:00.000Z,8.002
2026-02-27T11:00:00.000Z,7.822
2026-02-27T12:00:00.000Z,7.460
2026-02-27T13:00:00.000Z,6.941
2026-02-27T14:00:00.000Z,7.738
2026-02-27T15:00:00.000Z,8.347
2026-02-27T16:00:00.000Z,7.552
2026-02-27T17:00:00.000Z,8.008
2026-02-27T18:00:00.000Z,6.531
2026-02-27T19:00:00.000Z,5.948
2026-02-27T20:00:00.000Z,6.386
2026-02-27T21:00:00.000Z,6.539
2026-02-27T22:00:00.000Z,5.618
2026-02-27T23:00:00.000Z,7.688
2026-02-28T00:00:00.000Z,7.054
2026-02-28T01:00:00.000Z,6.969
2026-02-28T02:00:00.000Z,6.569
2026-02-28T03:00:00.000Z,6.528
2026-02-28T04:00:00.000Z,6.456
2026-02-28T05:00:00.000Z,5.175
2026-02-28T06:00:00.000Z,8.276
2026-02-28T07:00:00.000Z,8.489
2026-02-28T08:00:00.000Z,9.554
2026-02-28T09:00:00.000Z,8.216
2026-02-28T10:00:00.000Z,9.121
2026-02-28T11:00:00.000Z,9.002
2026-02-28T12:00:00.000Z,9.227
2026-02-28T13:00:00.000Z,9.141
2026-02-28T14:00:00.000Z,8.633
2026-02-28T15:00:00.000Z,8.900
2026-02-28T16:00:00.000Z,10.009
2026-02-28T17:00:00.000Z,9.613
2026-02-28T18:00:00.000Z,8.655
2026-02-28T19:00:00.000Z,7.613
2026-02-28T20:00:00.000Z,7.405
2026-02-28T21:00:00.000Z,6.794
2026-02-28T22:00:00.000Z,6.405
2026-02-28T23:00:00.000Z,7.464
2026-03-01T00:00:00.000Z,7.767
2026-03-01T01:00:00.000Z,8.313
2026-03-01T02:00:00.000Z,8.407
2026-03-01T03:00:00.000Z,8.747
2026-03-01T04:00:00.000Z,10.287
2026-03-01T05:00:00.000Z,9.204
2026-03-01T06:00:00.000Z,7.585
2026-03-01T07:00:00.000Z,7.937
2026-03-01T08:00:00.000Z,8.036
2026-03-01T09:00:00.000Z,7.818
2026-03-01T10:00:00.000Z,7.601
2026-03-01T11:00:00.000Z,8.241
2026-03-01T12:00:00.000Z,8.837
2026-03-01T13:00:00.000Z,7.875
2026-03-01T14:00:00.000Z,7.228
2026-03-01T15:00:00.000Z,7.766
2026-03-01T16:00:00.000Z,9.018
2026-03-01T17:00:00.000Z,9.492
2026-03-01T18:00:00.000Z,8.807
2026-03-01T19:00:00.000Z,7.399
2026-03-01T20:00:00.000Z,7.462
2026-03-01T21:00:00.000Z,6.384
2026-03-01T22:00:00.000Z,6.096
2026-03-01T23:00:00.000Z,5.273
2026-03-02T00:00:00.000Z,4.887
2026-03-02T01:00:00.000Z,5.026
2026-03-02T02:00:00.000Z,5.578
2026-03-02T03:00:00.000Z,6.433
2026-03-02T04:00:00.000Z,9.092
2026-03-02T05:00:00.000Z,9.050
2026-03-02T06:00:00.000Z,12.465
2026-03-02T07:00:00.000Z,11.869
2026-03-02T08:00:00.000Z,10.310
2026-03-02T09:00:00.000Z,9.770
2026-03-02T10:00:00.000Z,9.904
2026-03-02T11:00:00.000Z,9.709
2026-03-02T12:00:00.000Z,9.175
2026-03-02T13:00:00.000Z,11.382
2026-03-02T14:00:00.000Z,8.378
2026-03-02T15:00:00.000Z,10.000
2026-03-02T16:00:00.000Z,12.701
2026-03-02T17:00:00.000Z,14.833
2026-03-02T18:00:00.000Z,12.703
2026-03-02T19:00:00.000Z,9.905
2026-03-02T20:00:00.000Z,13.558
2026-03-02T21:00:00.000Z,9.901
2026-03-02T22:00:00.000Z,7.126
2026-03-02T23:00:00.000Z,12.491
2026-03-03T00:00:00.000Z,7.030
2026-03-03T01:00:00.000Z,4.695
2026-03-03T02:00:00.000Z,3.277
2026-03-03T03:00:00.000Z,2.482
2026-03-03T04:00:00.000Z,2.323
2026-03-03T05:00:00.000Z,1.850
2026-03-03T06:00:00.000Z,3.017
2026-03-03T07:00:00.000Z,2.887
2026-03-03T08:00:00.000Z,2.122
2026-03-03T09:00:00.000Z,2.132
2026-03-03T10:00:00.000Z,2.278
2026-03-03T11:00:00.000Z,2.196
2026-03-03T12:00:00.000Z,2.042
2026-03-03T13:00:00.000Z,1.924
2026-03-03T14:00:00.000Z,1.929
2026-03-03T15:00:00.000Z,1.919
2026-03-03T16:00:00.000Z,1.858
2026-03-03T17:00:00.000Z,1.833
2026-03-03T18:00:00.000Z,1.810
2026-03-03T19:00:00.000Z,1.262
2026-03-03T20:00:00.000Z,1.070
2026-03-03T21:00:00.000Z,0.684
2026-03-03T22:00:00.000Z,0.718
2026-03-03T23:00:00.000Z,0.324
2026-03-04T00:00:00.000Z,0.344
2026-03-04T01:00:00.000Z,0.201
2026-03-04T02:00:00.000Z,0.218
2026-03-04T03:00:00.000Z,0.282
2026-03-04T04:00:00.000Z,0.349
2026-03-04T05:00:00.000Z,0.506
2026-03-04T06:00:00.000Z,0.559
2026-03-04T07:00:00.000Z,0.655
2026-03-04T08:00:00.000Z,0.811
2026-03-04T09:00:00.000Z,0.776
2026-03-04T10:00:00.000Z,0.680
2026-03-04T11:00:00.000Z,0.762
2026-03-04T12:00:00.000Z,0.713
2026-03-04T13:00:00.000Z,0.730
2026-03-04T14:00:00.000Z,0.824
2026-03-04T15:00:00.000Z,0.560
2026-03-04T16:00:00.000Z,0.787
2026-03-04T17:00:00.000Z,1.520
2026-03-04T18:00:00.000Z,2.228
2026-03-04T19:00:00.000Z,1.626
2026-03-04T20:00:00.000Z,3.500
2026-03-04T21:00:00.000Z,3.401
2026-03-04T22:00:00.000Z,1.595
2026-03-04T23:00:00.000Z,1.737
2026-03-05T00:00:00.000Z,1.871
2026-03-05T01:00:00.000Z,1.905
2026-03-05T02:00:00.000Z,1.997
2026-03-05T03:00:00.000Z,2.332
2026-03-05T04:00:00.000Z,3.900
2026-03-05T05:00:00.000Z,4.124
2026-03-05T06:00:00.000Z,9.218
2026-03-05T07:00:00.000Z,13.077
2026-03-05T08:00:00.000Z,9.654
2026-03-05T09:00:00.000Z,6.824
2026-03-05T10:00:00.000Z,5.902
2026-03-05T11:00:00.000Z,5.789
2026-03-05T12:00:00.000Z,5.821
2026-03-05T13:00:00.000Z,6.124
2026-03-05T14:00:00.000Z,8.827
2026-03-05T15:00:00.000Z,9.008
2026-03-05T16:00:00.000Z,12.865
2026-03-05T17:00:00.000Z,10.000
2026-03-05T18:00:00.000Z,7.140
2026-03-05T19:00:00.000Z,6.604
2026-03-05T20:00:00.000Z,6.601
2026-03-05T21:00:00.000Z,3.912
2026-03-05T22:00:00.000Z,2.109
2026-03-05T23:00:00.000Z,3.718
2026-03-06T00:00:00.000Z,2.001
2026-03-06T01:00:00.000Z,1.815
2026-03-06T02:00:00.000Z,1.737
2026-03-06T03:00:00.000Z,1.553
2026-03-06T04:00:00.000Z,1.629
2026-03-06T05:00:00.000Z,1.493
2026-03-06T06:00:00.000Z,1.793
2026-03-06T07:00:00.000Z,1.920
2026-03-06T08:00:00.000Z,2.000
2026-03-06T09:00:00.000Z,2.129
2026-03-06T10:00:00.000Z,2.514
2026-03-06T11:00:00.000Z,2.574
2026-03-06T12:00:00.000Z,2.492
2026-03-06T13:00:00.000Z,2.005
2026-03-06T14:00:00.000Z,1.968
2026-03-06T15:00:00.000Z,1.874
2026-03-06T16:00:00.000Z,1.692
2026-03-06T17:00:00.000Z,1.323
2026-03-06T18:00:00.000Z,1.158
2026-03-06T19:00:00.000Z,1.043
2026-03-06T20:00:00.000Z,1.303
2026-03-06T21:00:00.000Z,1.206
2026-03-06T22:00:00.000Z,0.951
2026-03-06T23:00:00.000Z,1.127
2026-03-07T00:00:00.000Z,1.272
2026-03-07T01:00:00.000Z,1.484
2026-03-07T02:00:00.000Z,1.670
2026-03-07T03:00:00.000Z,1.917
2026-03-07T04:00:00.000Z,2.036
2026-03-07T05:00:00.000Z,2.257
2026-03-07T06:00:00.000Z,2.389
2026-03-07T07:00:00.000Z,2.468
2026-03-07T08:00:00.000Z,2.421
2026-03-07T09:00:00.000Z,2.439
2026-03-07T10:00:00.000Z,2.391
2026-03-07T11:00:00.000Z,2.366
2026-03-07T12:00:00.000Z,2.198
2026-03-07T13:00:00.000Z,2.241
2026-03-07T14:00:00.000Z,2.111
2026-03-07T15:00:00.000Z,2.047
2026-03-07T16:00:00.000Z,1.987
2026-03-07T17:00:00.000Z,1.652
2026-03-07T18:00:00.000Z,1.299
2026-03-07T19:00:00.000Z,1.009
2026-03-07T20:00:00.000Z,1.239
2026-03-07T21:00:00.000Z,1.059
2026-03-07T22:00:00.000Z,0.854
2026-03-07T23:00:00.000Z,1.863
2026-03-08T00:00:00.000Z,1.980
2026-03-08T01:00:00.000Z,2.000
2026-03-08T02:00:00.000Z,1.895
2026-03-08T03:00:00.000Z,1.946
2026-03-08T04:00:00.000Z,2.039
2026-03-08T05:00:00.000Z,2.089
2026-03-08T06:00:00.000Z,2.550
2026-03-08T07:00:00.000Z,2.845
2026-03-08T08:00:00.000Z,2.637
2026-03-08T09:00:00.000Z,2.791
2026-03-08T10:00:00.000Z,2.627
2026-03-08T11:00:00.000Z,2.541
2026-03-08T12:00:00.000Z,2.745
2026-03-08T13:00:00.000Z,2.944
2026-03-08T14:00:00.000Z,3.219
2026-03-08T15:00:00.000Z,3.394
2026-03-08T16:00:00.000Z,3.359
2026-03-08T17:00:00.000Z,3.669
2026-03-08T18:00:00.000Z,3.206
2026-03-08T19:00:00.000Z,3.025
2026-03-08T20:00:00.000Z,3.523
2026-03-08T21:00:00.000Z,3.801
2026-03-08T22:00:00.000Z,3.713
2026-03-08T23:00:00.000Z,3.652
2026-03-09T00:00:00.000Z,3.550
2026-03-09T01:00:00.000Z,3.606
2026-03-09T02:00:00.000Z,3.619
2026-03-09T03:00:00.000Z,3.815
2026-03-09T04:00:00.000Z,4.399
2026-03-09T05:00:00.000Z,6.025
2026-03-09T06:00:00.000Z,7.262
2026-03-09T07:00:00.000Z,7.478
2026-03-09T08:00:00.000Z,7.465
2026-03-09T09:00:00.000Z,7.970
2026-03-09T10:00:00.000Z,6.860
2026-03-09T11:00:00.000Z,6.481
2026-03-09T12:00:00.000Z,6.176
2026-03-09T13:00:00.000Z,7.572
2026-03-09T14:00:00.000Z,9.424
2026-03-09T15:00:00.000Z,11.415
2026-03-09T16:00:00.000Z,14.818
2026-03-09T17:00:00.000Z,19.638
2026-03-09T18:00:00.000Z,12.098
2026-03-09T19:00:00.000Z,7.628
2026-03-09T20:00:00.000Z,4.627
2026-03-09T21:00:00.000Z,3.572
2026-03-09T22:00:00.000Z,3.069
2026-03-09T23:00:00.000Z,2.500
2026-03-10T00:00:00.000Z,1.997
2026-03-10T01:00:00.000Z,1.920
2026-03-10T02:00:00.000Z,1.973
2026-03-10T03:00:00.000Z,2.071
2026-03-10T04:00:00.000Z,3.393
2026-03-10T05:00:00.000Z,4.120
2026-03-10T06:00:00.000Z,5.500
2026-03-10T07:00:00.000Z,3.968
2026-03-10T08:00:00.000Z,3.741
2026-03-10T09:00:00.000Z,3.817
2026-03-10T10:00:00.000Z,3.989
2026-03-10T11:00:00.000Z,3.877
2026-03-10T12:00:00.000Z,3.639
2026-03-10T13:00:00.000Z,3.398
2026-03-10T14:00:00.000Z,3.300
2026-03-10T15:00:00.000Z,3.257
2026-03-10T16:00:00.000Z,2.948
2026-03-10T17:00:00.000Z,2.806
2026-03-10T18:00:00.000Z,2.600
2026-03-10T19:00:00.000Z,2.450
2026-03-10T20:00:00.000Z,2.490
2026-03-10T21:00:00.000Z,2.418
2026-03-10T22:00:00.000Z,2.500
2026-03-10T23:00:00.000Z,2.297
2026-03-11T00:00:00.000Z,2.538
2026-03-11T01:00:00.000Z,2.690
2026-03-11T02:00:00.000Z,2.593
2026-03-11T03:00:00.000Z,2.773
2026-03-11T04:00:00.000Z,3.505
2026-03-11T05:00:00.000Z,3.892
2026-03-11T06:00:00.000Z,4.791
2026-03-11T07:00:00.000Z,4.826
2026-03-11T08:00:00.000Z,4.331
2026-03-11T09:00:00.000Z,3.213
2026-03-11T10:00:00.000Z,3.039
2026-03-11T11:00:00.000Z,3.007
2026-03-11T12:00:00.000Z,2.837
2026-03-11T13:00:00.000Z,3.366
2026-03-11T14:00:00.000Z,4.450
2026-03-11T15:00:00.000Z,4.275
2026-03-11T16:00:00.000Z,3.283
2026-03-11T17:00:00.000Z,2.645
2026-03-11T18:00:00.000Z,2.587
2026-03-11T19:00:00.000Z,2.323
2026-03-11T20:00:00.000Z,2.204
2026-03-11T21:00:00.000Z,2.098
2026-03-11T22:00:00.000Z,1.459
2026-03-11T23:00:00.000Z,1.165
2026-03-12T00:00:00.000Z,0.920
2026-03-12T01:00:00.000Z,0.655
2026-03-12T02:00:00.000Z,0.647
2026-03-12T03:00:00.000Z,0.765
2026-03-12T04:00:00.000Z,1.509
2026-03-12T05:00:00.000Z,1.819
2026-03-12T06:00:00.000Z,2.282
2026-03-12T07:00:00.000Z,2.620
2026-03-12T08:00:00.000Z,2.599
2026-03-12T09:00:00.000Z,1.883
2026-03-12T10:00:00.000Z,1.137
2026-03-12T11:00:00.000Z,0.974
2026-03-12T12:00:00.000Z,0.977
2026-03-12T13:00:00.000Z,0.838
2026-03-12T14:00:00.000Z,0.653
2026-03-12T15:00:00.000Z,0.816
2026-03-12T16:00:00.000Z,0.951
2026-03-12T17:00:00.000Z,0.980
2026-03-12T18:00:00.000Z,0.874
2026-03-12T19:00:00.000Z,0.624
2026-03-12T20:00:00.000Z,0.483
2026-03-12T21:00:00.000Z,0.344
2026-03-12T22:00:00.000Z,0.294
2026-03-12T23:00:00.000Z,0.202
2026-03-13T00:00:00.000Z,0.198
2026-03-13T01:00:00.000Z,0.141
2026-03-13T02:00:00.000Z,0.195
2026-03-13T03:00:00.000Z,0.194
2026-03-13T04:00:00.000Z,0.243
2026-03-13T05:00:00.000Z,0.380
2026-03-13T06:00:00.000Z,0.498
2026-03-13T07:00:00.000Z,0.396
2026-03-13T08:00:00.000Z,0.254
2026-03-13T09:00:00.000Z,0.219
2026-03-13T10:00:00.000Z,0.200
2026-03-13T11:00:00.000Z,0.200
2026-03-13T12:00:00.000Z,0.206
2026-03-13T13:00:00.000Z,0.226
2026-03-13T14:00:00.000Z,0.344
2026-03-13T15:00:00.000Z,0.667
2026-03-13T16:00:00.000Z,0.789
2026-03-13T17:00:00.000Z,0.831
2026-03-13T18:00:00.000Z,0.802
2026-03-13T19:00:00.000Z,0.718
2026-03-13T20:00:00.000Z,0.681
2026-03-13T21:00:00.000Z,0.601
2026-03-13T22:00:00.000Z,0.535
2026-03-13T23:00:00.000Z,0.499
2026-03-14T00:00:00.000Z,0.494
2026-03-14T01:00:00.000Z,0.497
2026-03-14T02:00:00.000Z,0.536
2026-03-14T03:00:00.000Z,0.831
2026-03-14T04:00:00.000Z,0.995
2026-03-14T05:00:00.000Z,1.073
2026-03-14T06:00:00.000Z,1.274
2026-03-14T07:00:00.000Z,1.475
2026-03-14T08:00:00.000Z,1.700
2026-03-14T09:00:00.000Z,1.846
2026-03-14T10:00:00.000Z,1.983
2026-03-14T11:00:00.000Z,2.000
2026-03-14T12:00:00.000Z,2.030
2026-03-14T13:00:00.000Z,2.311
2026-03-14T14:00:00.000Z,2.851
2026-03-14T15:00:00.000Z,3.140
2026-03-14T16:00:00.000Z,3.110
2026-03-14T17:00:00.000Z,3.239
2026-03-14T18:00:00.000Z,2.902
2026-03-14T19:00:00.000Z,2.892
2026-03-14T20:00:00.000Z,2.995
2026-03-14T21:00:00.000Z,3.181
2026-03-14T22:00:00.000Z,2.877
2026-03-14T23:00:00.000Z,2.166
2026-03-15T00:00:00.000Z,2.581
2026-03-15T01:00:00.000Z,3.040
2026-03-15T02:00:00.000Z,3.238
2026-03-15T03:00:00.000Z,3.395
2026-03-15T04:00:00.000Z,3.719
2026-03-15T05:00:00.000Z,3.600
2026-03-15T06:00:00.000Z,3.779
2026-03-15T07:00:00.000Z,3.539
2026-03-15T08:00:00.000Z,3.923
2026-03-15T09:00:00.000Z,4.310
2026-03-15T10:00:00.000Z,4.316
2026-03-15T11:00:00.000Z,3.988
2026-03-15T12:00:00.000Z,3.065
2026-03-15T13:00:00.000Z,3.241
2026-03-15T14:00:00.000Z,4.345
2026-03-15T15:00:00.000Z,5.184
2026-03-15T16:00:00.000Z,5.022
2026-03-15T17:00:00.000Z,5.943
2026-03-15T18:00:00.000Z,4.368
2026-03-15T19:00:00.000Z,4.000
2026-03-15T20:00:00.000Z,3.610
2026-03-15T21:00:00.000Z,3.292
2026-03-15T22:00:00.000Z,2.835
2026-03-15T23:00:00.000Z,2.126
2026-03-16T00:00:00.000Z,2.034
2026-03-16T01:00:00.000Z,1.721
2026-03-16T02:00:00.000Z,1.613
2026-03-16T03:00:00.000Z,1.833
2026-03-16T04:00:00.000Z,2.379
2026-03-16T05:00:00.000Z,3.011
2026-03-16T06:00:00.000Z,4.240
2026-03-16T07:00:00.000Z,5.283
2026-03-16T08:00:00.000Z,4.466
2026-03-16T09:00:00.000Z,3.384
2026-03-16T10:00:00.000Z,1.795
2026-03-16T11:00:00.000Z,1.662
2026-03-16T12:00:00.000Z,1.812
2026-03-16T13:00:00.000Z,3.274
2026-03-16T14:00:00.000Z,3.730
2026-03-16T15:00:00.000Z,3.850
2026-03-16T16:00:00.000Z,3.786
2026-03-16T17:00:00.000Z,3.581
2026-03-16T18:00:00.000Z,3.213
2026-03-16T19:00:00.000Z,2.164
2026-03-16T20:00:00.000Z,1.800
2026-03-16T21:00:00.000Z,1.794
2026-03-16T22:00:00.000Z,2.104
2026-03-16T23:00:00.000Z,1.691
2026-03-17T00:00:00.000Z,1.742
2026-03-17T01:00:00.000Z,1.720
2026-03-17T02:00:00.000Z,1.863
2026-03-17T03:00:00.000Z,1.974
2026-03-17T04:00:00.000Z,2.526
2026-03-17T05:00:00.000Z,3.770
2026-03-17T06:00:00.000Z,5.484
2026-03-17T07:00:00.000Z,5.458
2026-03-17T08:00:00.000Z,3.925
2026-03-17T09:00:00.000Z,2.767
2026-03-17T10:00:00.000Z,2.400
2026-03-17T11:00:00.000Z,2.082
2026-03-17T12:00:00.000Z,1.494
2026-03-17T13:00:00.000Z,1.724
2026-03-17T14:00:00.000Z,2.500
2026-03-17T15:00:00.000Z,1.798
2026-03-17T16:00:00.000Z,0.967
2026-03-17T17:00:00.000Z,0.854
2026-03-17T18:00:00.000Z,0.663
2026-03-17T19:00:00.000Z,0.429
2026-03-17T20:00:00.000Z,0.317
2026-03-17T21:00:00.000Z,0.190
2026-03-17T22:00:00.000Z,0.032
2026-03-17T23:00:00.000Z,0.198
2026-03-18T00:00:00.000Z,0.127
2026-03-18T01:00:00.000Z,0.029
2026-03-18T02:00:00.000Z,0.046
2026-03-18T03:00:00.000Z,0.164
2026-03-18T04:00:00.000Z,0.203
2026-03-18T05:00:00.000Z,0.468
2026-03-18T06:00:00.000Z,0.442
2026-03-18T07:00:00.000Z,0.422
2026-03-18T08:00:00.000Z,0.463
2026-03-18T09:00:00.000Z,0.427
2026-03-18T10:00:00.000Z,0.279
2026-03-18T11:00:00.000Z,0.245
2026-03-18T12:00:00.000Z,0.260
2026-03-18T13:00:00.000Z,0.292
2026-03-18T14:00:00.000Z,0.499
2026-03-18T15:00:00.000Z,0.472
2026-03-18T16:00:00.000Z,0.623
2026-03-18T17:00:00.000Z,0.511
2026-03-18T18:00:00.000Z,0.442
2026-03-18T19:00:00.000Z,0.338
2026-03-18T20:00:00.000Z,0.255
2026-03-18T21:00:00.000Z,0.197
2026-03-18T22:00:00.000Z,0.179
2026-03-18T23:00:00.000Z,0.200
2026-03-19T00:00:00.000Z,0.205
2026-03-19T01:00:00.000Z,0.224
2026-03-19T02:00:00.000Z,0.200
2026-03-19T03:00:00.000Z,0.223
2026-03-19T04:00:00.000Z,0.446
2026-03-19T05:00:00.000Z,0.581
2026-03-19T06:00:00.000Z,0.921
2026-03-19T07:00:00.000Z,1.245
2026-03-19T08:00:00.000Z,1.067
2026-03-19T09:00:00.000Z,0.859
2026-03-19T10:00:00.000Z,0.816
2026-03-19T11:00:00.000Z,0.714
2026-03-19T12:00:00.000Z,0.783
2026-03-19T13:00:00.000Z,0.806
2026-03-19T14:00:00.000Z,0.924
2026-03-19T15:00:00.000Z,1.136
2026-03-19T16:00:00.000Z,1.568
2026-03-19T17:00:00.000Z,1.840
2026-03-19T18:00:00.000Z,1.750
2026-03-19T19:00:00.000Z,1.478
2026-03-19T20:00:00.000Z,1.702
2026-03-19T21:00:00.000Z,1.577
2026-03-19T22:00:00.000Z,1.434
2026-03-19T23:00:00.000Z,1.399
2026-03-20T00:00:00.000Z,1.459
2026-03-20T01:00:00.000Z,1.701
2026-03-20T02:00:00.000Z,2.510
2026-03-20T03:00:00.000Z,3.001
2026-03-20T04:00:00.000Z,6.033
2026-03-20T05:00:00.000Z,9.196
2026-03-20T06:00:00.000Z,10.103
2026-03-20T07:00:00.000Z,8.404
2026-03-20T08:00:00.000Z,6.922
2026-03-20T09:00:00.000Z,4.207
2026-03-20T10:00:00.000Z,2.490
2026-03-20T11:00:00.000Z,2.433
2026-03-20T12:00:00.000Z,1.731
2026-03-20T13:00:00.000Z,2.029
2026-03-20T14:00:00.000Z,2.628
2026-03-20T15:00:00.000Z,3.249
2026-03-20T16:00:00.000Z,2.599
2026-03-20T17:00:00.000Z,2.294
2026-03-20T18:00:00.000Z,1.534
2026-03-20T19:00:00.000Z,1.249
2026-03-20T20:00:00.000Z,1.021
2026-03-20T21:00:00.000Z,1.100
2026-03-20T22:00:00.000Z,1.141
2026-03-20T23:00:00.000Z,0.725
2026-03-21T00:00:00.000Z,0.807
2026-03-21T01:00:00.000Z,0.706
2026-03-21T02:00:00.000Z,0.732
2026-03-21T03:00:00.000Z,0.699
2026-03-21T04:00:00.000Z,0.537
2026-03-21T05:00:00.000Z,0.725
2026-03-21T06:00:00.000Z,0.625
2026-03-21T07:00:00.000Z,0.747
2026-03-21T08:00:00.000Z,0.609
2026-03-21T09:00:00.000Z,0.621
2026-03-21T10:00:00.000Z,0.563
2026-03-21T11:00:00.000Z,0.497
2026-03-21T12:00:00.000Z,0.432
2026-03-21T13:00:00.000Z,0.551
2026-03-21T14:00:00.000Z,0.659
2026-03-21T15:00:00.000Z,1.275
2026-03-21T16:00:00.000Z,1.066
2026-03-21T17:00:00.000Z,1.013
2026-03-21T18:00:00.000Z,1.107
2026-03-21T19:00:00.000Z,1.168
2026-03-21T20:00:00.000Z,1.485
2026-03-21T21:00:00.000Z,1.416
2026-03-21T22:00:00.000Z,1.484
2026-03-21T23:00:00.000Z,1.228
2026-03-22T00:00:00.000Z,1.383
2026-03-22T01:00:00.000Z,1.437
2026-03-22T02:00:00.000Z,1.599
2026-03-22T03:00:00.000Z,1.610
2026-03-22T04:00:00.000Z,1.542
2026-03-22T05:00:00.000Z,1.678
2026-03-22T06:00:00.000Z,1.463
2026-03-22T07:00:00.000Z,1.152
2026-03-22T08:00:00.000Z,0.629
2026-03-22T09:00:00.000Z,0.324
2026-03-22T10:00:00.000Z,0.303
2026-03-22T11:00:00.000Z,0.318
2026-03-22T12:00:00.000Z,0.251
2026-03-22T13:00:00.000Z,0.229
2026-03-22T14:00:00.000Z,0.429
2026-03-22T15:00:00.000Z,0.646
2026-03-22T16:00:00.000Z,1.258
2026-03-22T17:00:00.000Z,1.241
2026-03-22T18:00:00.000Z,1.162
2026-03-22T19:00:00.000Z,0.896
2026-03-22T20:00:00.000Z,0.669
2026-03-22T21:00:00.000Z,0.630
2026-03-22T22:00:00.000Z,0.552
2026-03-22T23:00:00.000Z,0.316
2026-03-23T00:00:00.000Z,0.263
2026-03-23T01:00:00.000Z,0.267
2026-03-23T02:00:00.000Z,0.377
2026-03-23T03:00:00.000Z,0.514
2026-03-23T04:00:00.000Z,0.700
2026-03-23T05:00:00.000Z,0.605
2026-03-23T06:00:00.000Z,0.985
2026-03-23T07:00:00.000Z,1.099
2026-03-23T08:00:00.000Z,0.954
2026-03-23T09:00:00.000Z,0.714
2026-03-23T10:00:00.000Z,0.603
2026-03-23T11:00:00.000Z,0.502
2026-03-23T12:00:00.000Z,0.500
2026-03-23T13:00:00.000Z,0.500
2026-03-23T14:00:00.000Z,0.825
2026-03-23T15:00:00.000Z,1.115
2026-03-23T16:00:00.000Z,1.224
2026-03-23T17:00:00.000Z,1.184
2026-03-23T18:00:00.000Z,1.002
2026-03-23T19:00:00.000Z,0.977
2026-03-23T20:00:00.000Z,1.002
2026-03-23T21:00:00.000Z,1.010
2026-03-23T22:00:00.000Z,0.818
2026-03-23T23:00:00.000Z,0.957
2026-03-24T00:00:00.000Z,1.120
2026-03-24T01:00:00.000Z,1.024
2026-03-24T02:00:00.000Z,1.103
2026-03-24T03:00:00.000Z,1.325
2026-03-24T04:00:00.000Z,1.432
2026-03-24T05:00:00.000Z,1.147
2026-03-24T06:00:00.000Z,1.274
2026-03-24T07:00:00.000Z,1.465
2026-03-24T08:00:00.000Z,1.341
2026-03-24T09:00:00.000Z,0.988
2026-03-24T10:00:00.000Z,0.487
2026-03-24T11:00:00.000Z,0.372
2026-03-24T12:00:00.000Z,0.353
2026-03-24T13:00:00.000Z,0.369
2026-03-24T14:00:00.000Z,0.519
2026-03-24T15:00:00.000Z,0.671
2026-03-24T16:00:00.000Z,1.005
2026-03-24T17:00:00.000Z,1.081
2026-03-24T18:00:00.000Z,1.073
2026-03-24T19:00:00.000Z,0.831
2026-03-24T20:00:00.000Z,0.593
2026-03-24T21:00:00.000Z,0.495
2026-03-24T22:00:00.000Z,0.401
2026-03-24T23:00:00.000Z,0.379
2026-03-25T00:00:00.000Z,0.384
2026-03-25T01:00:00.000Z,0.386
2026-03-25T02:00:00.000Z,0.421
2026-03-25T03:00:00.000Z,0.579
2026-03-25T04:00:00.000Z,0.842
2026-03-25T05:00:00.000Z,1.190
2026-03-25T06:00:00.000Z,1.602
2026-03-25T07:00:00.000Z,1.664
2026-03-25T08:00:00.000Z,1.694
2026-03-25T09:00:00.000Z,1.557
2026-03-25T10:00:00.000Z,1.338
2026-03-25T11:00:00.000Z,1.346
2026-03-25T12:00:00.000Z,1.282
2026-03-25T13:00:00.000Z,1.206
2026-03-25T14:00:00.000Z,1.390
2026-03-25T15:00:00.000Z,2.256
2026-03-25T16:00:00.000Z,2.400
2026-03-25T17:00:00.000Z,2.735
2026-03-25T18:00:00.000Z,2.218
2026-03-25T19:00:00.000Z,1.734
2026-03-25T20:00:00.000Z,1.558
2026-03-25T21:00:00.000Z,1.346
2026-03-25T22:00:00.000Z,1.080
2026-03-25T23:00:00.000Z,0.601
2026-03-26T00:00:00.000Z,0.500
2026-03-26T01:00:00.000Z,0.500
2026-03-26T02:00:00.000Z,0.500
2026-03-26T03:00:00.000Z,0.736
2026-03-26T04:00:00.000Z,0.984
2026-03-26T05:00:00.000Z,1.522
2026-03-26T06:00:00.000Z,1.599
2026-03-26T07:00:00.000Z,1.621
2026-03-26T08:00:00.000Z,1.687
2026-03-26T09:00:00.000Z,1.296
2026-03-26T10:00:00.000Z,0.996
2026-03-26T11:00:00.000Z,0.757
2026-03-26T12:00:00.000Z,0.589
2026-03-26T13:00:00.000Z,0.823
2026-03-26T14:00:00.000Z,1.200
2026-03-26T15:00:00.000Z,1.637
2026-03-26T16:00:00.000Z,1.698
2026-03-26T17:00:00.000Z,1.641
2026-03-26T18:00:00.000Z,1.510
2026-03-26T19:00:00.000Z,1.373
2026-03-26T20:00:00.000Z,1.252
2026-03-26T21:00:00.000Z,1.204
2026-03-26T22:00:00.000Z,1.102
2026-03-26T23:00:00.000Z,1.086
2026-03-27T00:00:00.000Z,1.098
2026-03-27T01:00:00.000Z,1.193
2026-03-27T02:00:00.000Z,1.342
2026-03-27T03:00:00.000Z,1.506
2026-03-27T04:00:00.000Z,1.779
2026-03-27T05:00:00.000Z,4.130
2026-03-27T06:00:00.000Z,5.002
2026-03-27T07:00:00.000Z,4.800
2026-03-27T08:00:00.000Z,3.797
2026-03-27T09:00:00.000Z,2.876
2026-03-27T10:00:00.000Z,3.197
2026-03-27T11:00:00.000Z,2.489
2026-03-27T12:00:00.000Z,2.500
2026-03-27T13:00:00.000Z,1.948
2026-03-27T14:00:00.000Z,2.630
2026-03-27T15:00:00.000Z,3.001
2026-03-27T16:00:00.000Z,3.223
2026-03-27T17:00:00.000Z,3.801
2026-03-27T18:00:00.000Z,3.955
2026-03-27T19:00:00.000Z,3.194
2026-03-27T20:00:00.000Z,3.129
2026-03-27T21:00:00.000Z,2.480
2026-03-27T22:00:00.000Z,2.168
2026-03-27T23:00:00.000Z,1.574
2026-03-28T00:00:00.000Z,1.423
2026-03-28T01:00:00.000Z,1.302
2026-03-28T02:00:00.000Z,1.142
2026-03-28T03:00:00.000Z,1.052
2026-03-28T04:00:00.000Z,1.058
2026-03-28T05:00:00.000Z,1.029
2026-03-28T06:00:00.000Z,1.163
2026-03-28T07:00:00.000Z,1.283
2026-03-28T08:00:00.000Z,1.224
2026-03-28T09:00:00.000Z,1.030
2026-03-28T10:00:00.000Z,0.800
2026-03-28T11:00:00.000Z,0.691
2026-03-28T12:00:00.000Z,0.791
2026-03-28T13:00:00.000Z,0.949
2026-03-28T14:00:00.000Z,1.492
2026-03-28T15:00:00.000Z,1.926
2026-03-28T16:00:00.000Z,2.017
2026-03-28T17:00:00.000Z,2.200
2026-03-28T18:00:00.000Z,1.868
2026-03-28T19:00:00.000Z,1.667
2026-03-28T20:00:00.000Z,1.645
2026-03-28T21:00:00.000Z,1.576
2026-03-28T22:00:00.000Z,1.485
2026-03-28T23:00:00.000Z,1.619
2026-03-29T00:00:00.000Z,1.808
2026-03-29T01:00:00.000Z,1.860
2026-03-29T02:00:00.000Z,1.938
2026-03-29T03:00:00.000Z,1.951
2026-03-29T04:00:00.000Z,1.894
2026-03-29T05:00:00.000Z,1.872
2026-03-29T06:00:00.000Z,1.858
2026-03-29T07:00:00.000Z,1.978
2026-03-29T08:00:00.000Z,2.003
2026-03-29T09:00:00.000Z,1.787
2026-03-29T10:00:00.000Z,1.212
2026-03-29T11:00:00.000Z,0.927
2026-03-29T12:00:00.000Z,0.958
2026-03-29T13:00:00.000Z,1.018
2026-03-29T14:00:00.000Z,1.100
2026-03-29T15:00:00.000Z,2.198
2026-03-29T16:00:00.000Z,2.276
2026-03-29T17:00:00.000Z,1.853
2026-03-29T18:00:00.000Z,1.436
2026-03-29T19:00:00.000Z,1.140
2026-03-29T20:00:00.000Z,0.950
2026-03-29T21:00:00.000Z,0.828
2026-03-29T22:00:00.000Z,0.813
2026-03-29T23:00:00.000Z,0.498
2026-03-30T00:00:00.000Z,0.500
2026-03-30T01:00:00.000Z,0.514
2026-03-30T02:00:00.000Z,0.802
2026-03-30T03:00:00.000Z,1.441
2026-03-30T04:00:00.000Z,2.189
2026-03-30T05:00:00.000Z,3.220
2026-03-30T06:00:00.000Z,2.948
2026-03-30T07:00:00.000Z,3.000
2026-03-30T08:00:00.000Z,2.581
2026-03-30T09:00:00.000Z,2.093
2026-03-30T10:00:00.000Z,1.669
2026-03-30T11:00:00.000Z,1.253
2026-03-30T12:00:00.000Z,1.182
2026-03-30T13:00:00.000Z,1.360
2026-03-30T14:00:00.000Z,2.595
2026-03-30T15:00:00.000Z,3.898
2026-03-30T16:00:00.000Z,4.651
2026-03-30T17:00:00.000Z,3.870
2026-03-30T18:00:00.000Z,2.968
2026-03-30T19:00:00.000Z,2.527
2026-03-30T20:00:00.000Z,2.375
2026-03-30T21:00:00.000Z,3.035
2026-03-30T22:00:00.000Z,2.661
2026-03-30T23:00:00.000Z,3.141
2026-03-31T00:00:00.000Z,4.423
2026-03-31T01:00:00.000Z,4.986
2026-03-31T02:00:00.000Z,5.160
2026-03-31T03:00:00.000Z,9.786
2026-03-31T04:00:00.000Z,11.508
2026-03-31T05:00:00.000Z,12.266
2026-03-31T06:00:00.000Z,12.452
2026-03-31T07:00:00.000Z,12.091
2026-03-31T08:00:00.000Z,10.335
2026-03-31T09:00:00.000Z,8.276
2026-03-31T10:00:00.000Z,7.454
2026-03-31T11:00:00.000Z,5.531
2026-03-31T12:00:00.000Z,5.376
2026-03-31T13:00:00.000Z,6.095
2026-03-31T14:00:00.000Z,7.835
2026-03-31T15:00:00.000Z,9.761
2026-03-31T16:00:00.000Z,12.255
2026-03-31T17:00:00.000Z,13.204
2026-03-31T18:00:00.000Z,12.573
2026-03-31T19:00:00.000Z,10.867
2026-03-31T20:00:00.000Z,7.129
2026-03-31T21:00:00.000Z,4.517
2026-03-31T22:00:00.000Z,2.907
2026-03-31T23:00:00.000Z,1.841
2026-04-01T00:00:00.000Z,1.754
2026-04-01T01:00:00.000Z,1.700
2026-04-01T02:00:00.000Z,1.701
2026-04-01T03:00:00.000Z,1.825
2026-04-01T04:00:00.000Z,1.676
2026-04-01T05:00:00.000Z,1.374
2026-04-01T06:00:00.000Z,1.356
2026-04-01T07:00:00.000Z,1.179
2026-04-01T08:00:00.000Z,1.082
2026-04-01T09:00:00.000Z,0.856
2026-04-01T10:00:00.000Z,0.542
2026-04-01T11:00:00.000Z,0.430
2026-04-01T12:00:00.000Z,0.273
2026-04-01T13:00:00.000Z,0.475
2026-04-01T14:00:00.000Z,0.637
2026-04-01T15:00:00.000Z,1.059
2026-04-01T16:00:00.000Z,1.025
2026-04-01T17:00:00.000Z,0.991
2026-04-01T18:00:00.000Z,1.067
2026-04-01T19:00:00.000Z,1.446
2026-04-01T20:00:00.000Z,1.459
2026-04-01T21:00:00.000Z,1.526
2026-04-01T22:00:00.000Z,1.575
2026-04-01T23:00:00.000Z,2.500
2026-04-02T00:00:00.000Z,2.909
2026-04-02T01:00:00.000Z,2.958
2026-04-02T02:00:00.000Z,3.278
2026-04-02T03:00:00.000Z,3.901
2026-04-02T04:00:00.000Z,3.771
2026-04-02T05:00:00.000Z,5.207
2026-04-02T06:00:00.000Z,5.721
2026-04-02T07:00:00.000Z,5.301
2026-04-02T08:00:00.000Z,5.722
2026-04-02T09:00:00.000Z,4.743
2026-04-02T10:00:00.000Z,3.891
2026-04-02T11:00:00.000Z,3.451
2026-04-02T12:00:00.000Z,3.670
2026-04-02T13:00:00.000Z,4.260
2026-04-02T14:00:00.000Z,7.131
2026-04-02T15:00:00.000Z,8.824
2026-04-02T16:00:00.000Z,10.923
2026-04-02T17:00:00.000Z,11.652
2026-04-02T18:00:00.000Z,10.906
2026-04-02T19:00:00.000Z,9.799
2026-04-02T20:00:00.000Z,7.737
2026-04-02T21:00:00.000Z,5.060
2026-04-02T22:00:00.000Z,3.038
2026-04-02T23:00:00.000Z,3.086
2026-04-03T00:00:00.000Z,3.197
2026-04-03T01:00:00.000Z,3.323
2026-04-03T02:00:00.000Z,3.374
2026-04-03T03:00:00.000Z,3.401
2026-04-03T04:00:00.000Z,3.727
2026-04-03T05:00:00.000Z,4.245
2026-04-03T06:00:00.000Z,4.773
2026-04-03T07:00:00.000Z,5.220
2026-04-03T08:00:00.000Z,5.534
2026-04-03T09:00:00.000Z,4.233
2026-04-03T10:00:00.000Z,2.557
2026-04-03T11:00:00.000Z,2.059
2026-04-03T12:00:00.000Z,2.305
2026-04-03T13:00:00.000Z,2.331
2026-04-03T14:00:00.000Z,3.100
2026-04-03T15:00:00.000Z,6.351
2026-04-03T16:00:00.000Z,8.150
2026-04-03T17:00:00.000Z,8.166
2026-04-03T18:00:00.000Z,5.502
2026-04-03T19:00:00.000Z,5.204
2026-04-03T20:00:00.000Z,5.037
2026-04-03T21:00:00.000Z,3.644
2026-04-03T22:00:00.000Z,2.737
2026-04-03T23:00:00.000Z,1.632
2026-04-04T00:00:00.000Z,1.621
2026-04-04T01:00:00.000Z,1.233
2026-04-04T02:00:00.000Z,1.171
2026-04-04T03:00:00.000Z,1.313
2026-04-04T04:00:00.000Z,1.450
2026-04-04T05:00:00.000Z,1.882
2026-04-04T06:00:00.000Z,1.776
2026-04-04T07:00:00.000Z,1.435
2026-04-04T08:00:00.000Z,1.385
2026-04-04T09:00:00.000Z,1.191
2026-04-04T10:00:00.000Z,1.223
2026-04-04T11:00:00.000Z,1.121
2026-04-04T12:00:00.000Z,1.057
2026-04-04T13:00:00.000Z,1.063
2026-04-04T14:00:00.000Z,1.840
2026-04-04T15:00:00.000Z,2.681
2026-04-04T16:00:00.000Z,2.712
2026-04-04T17:00:00.000Z,2.645
2026-04-04T18:00:00.000Z,2.591
2026-04-04T19:00:00.000Z,2.563
2026-04-04T20:00:00.000Z,2.838
2026-04-04T21:00:00.000Z,2.667
2026-04-04T22:00:00.000Z,1.180
2026-04-04T23:00:00.000Z,1.114
2026-04-05T00:00:00.000Z,1.150
2026-04-05T01:00:00.000Z,1.134
2026-04-05T02:00:00.000Z,1.119
2026-04-05T03:00:00.000Z,1.093
2026-04-05T04:00:00.000Z,1.053
2026-04-05T05:00:00.000Z,1.041
2026-04-05T06:00:00.000Z,1.007
2026-04-05T07:00:00.000Z,1.316
2026-04-05T08:00:00.000Z,0.839
2026-04-05T09:00:00.000Z,0.706
2026-04-05T10:00:00.000Z,0.554
2026-04-05T11:00:00.000Z,0.457
2026-04-05T12:00:00.000Z,0.414
2026-04-05T13:00:00.000Z,0.424
2026-04-05T14:00:00.000Z,0.447
2026-04-05T15:00:00.000Z,0.649
2026-04-05T16:00:00.000Z,0.794
2026-04-05T17:00:00.000Z,0.877
2026-04-05T18:00:00.000Z,0.727
2026-04-05T19:00:00.000Z,0.712
2026-04-05T20:00:00.000Z,0.638
2026-04-05T21:00:00.000Z,0.608
2026-04-05T22:00:00.000Z,0.355
2026-04-05T23:00:00.000Z,0.262
2026-04-06T00:00:00.000Z,0.206
2026-04-06T01:00:00.000Z,0.207
2026-04-06T02:00:00.000Z,0.252
2026-04-06T03:00:00.000Z,0.299
2026-04-06T04:00:00.000Z,0.320
2026-04-06T05:00:00.000Z,0.439
2026-04-06T06:00:00.000Z,0.591
2026-04-06T07:00:00.000Z,0.679
2026-04-06T08:00:00.000Z,0.647
2026-04-06T09:00:00.000Z,0.575
2026-04-06T10:00:00.000Z,0.561
2026-04-06T11:00:00.000Z,0.527
2026-04-06T12:00:00.000Z,0.835
2026-04-06T13:00:00.000Z,1.924
2026-04-06T14:00:00.000Z,2.499
2026-04-06T15:00:00.000Z,1.917
2026-04-06T16:00:00.000Z,1.309
2026-04-06T17:00:00.000Z,1.198
2026-04-06T18:00:00.000Z,1.110
2026-04-06T19:00:00.000Z,1.073
2026-04-06T20:00:00.000Z,0.681
2026-04-06T21:00:00.000Z,0.559
2026-04-06T22:00:00.000Z,0.837
2026-04-06T23:00:00.000Z,0.758
2026-04-07T00:00:00.000Z,0.740
2026-04-07T01:00:00.000Z,0.788
2026-04-07T02:00:00.000Z,0.866
2026-04-07T03:00:00.000Z,1.301
2026-04-07T04:00:00.000Z,5.116
2026-04-07T05:00:00.000Z,5.232
2026-04-07T06:00:00.000Z,4.439
2026-04-07T07:00:00.000Z,3.700
2026-04-07T08:00:00.000Z,2.090
2026-04-07T09:00:00.000Z,1.180
2026-04-07T10:00:00.000Z,1.184
2026-04-07T11:00:00.000Z,1.098
2026-04-07T12:00:00.000Z,0.901
2026-04-07T13:00:00.000Z,0.945
2026-04-07T14:00:00.000Z,0.997
2026-04-07T15:00:00.000Z,2.886
2026-04-07T16:00:00.000Z,3.724
2026-04-07T17:00:00.000Z,3.619
2026-04-07T18:00:00.000Z,3.394
2026-04-07T19:00:00.000Z,3.083
2026-04-07T20:00:00.000Z,2.788
2026-04-07T21:00:00.000Z,2.545
2026-04-07T22:00:00.000Z,3.610
2026-04-07T23:00:00.000Z,3.697
2026-04-08T00:00:00.000Z,4.034
2026-04-08T01:00:00.000Z,4.109
2026-04-08T02:00:00.000Z,4.209
2026-04-08T03:00:00.000Z,5.214
2026-04-08T04:00:00.000Z,8.751
2026-04-08T05:00:00.000Z,11.142
2026-04-08T06:00:00.000Z,10.446
2026-04-08T07:00:00.000Z,7.243
2026-04-08T08:00:00.000Z,8.062
2026-04-08T09:00:00.000Z,5.559
2026-04-08T10:00:00.000Z,6.529
2026-04-08T11:00:00.000Z,6.658
2026-04-08T12:00:00.000Z,6.037
2026-04-08T13:00:00.000Z,4.000
2026-04-08T14:00:00.000Z,6.470
2026-04-08T15:00:00.000Z,10.607
2026-04-08T16:00:00.000Z,13.936
2026-04-08T17:00:00.000Z,17.089
2026-04-08T18:00:00.000Z,14.213
2026-04-08T19:00:00.000Z,9.866
2026-04-08T20:00:00.000Z,5.975
2026-04-08T21:00:00.000Z,2.499
2026-04-08T22:00:00.000Z,3.504
2026-04-08T23:00:00.000Z,3.714
2026-04-09T00:00:00.000Z,3.716
2026-04-09T01:00:00.000Z,5.729
2026-04-09T02:00:00.000Z,10.086
2026-04-09T03:00:00.000Z,11.453
2026-04-09T04:00:00.000Z,13.942
2026-04-09T05:00:00.000Z,14.974
2026-04-09T06:00:00.000Z,16.005
2026-04-09T07:00:00.000Z,11.435
2026-04-09T08:00:00.000Z,9.100
2026-04-09T09:00:00.000Z,9.188
2026-04-09T10:00:00.000Z,9.100
2026-04-09T11:00:00.000Z,9.143
2026-04-09T12:00:00.000Z,8.165
2026-04-09T13:00:00.000Z,7.900
2026-04-09T14:00:00.000Z,9.553
2026-04-09T15:00:00.000Z,11.022
2026-04-09T16:00:00.000Z,15.000
2026-04-09T17:00:00.000Z,14.654
2026-04-09T18:00:00.000Z,8.508
2026-04-09T19:00:00.000Z,6.342
2026-04-09T20:00:00.000Z,2.694
2026-04-09T21:00:00.000Z,1.597
2026-04-09T22:00:00.000Z,1.233
2026-04-09T23:00:00.000Z,1.276
2026-04-10T00:00:00.000Z,1.575
2026-04-10T01:00:00.000Z,1.838
2026-04-10T02:00:00.000Z,4.017
2026-04-10T03:00:00.000Z,8.474
2026-04-10T04:00:00.000Z,12.504
2026-04-10T05:00:00.000Z,13.010
2026-04-10T06:00:00.000Z,15.234
2026-04-10T07:00:00.000Z,13.009
2026-04-10T08:00:00.000Z,7.779
2026-04-10T09:00:00.000Z,5.918
2026-04-10T10:00:00.000Z,5.120
2026-04-10T11:00:00.000Z,4.829
2026-04-10T12:00:00.000Z,4.340
2026-04-10T13:00:00.000Z,6.476
2026-04-10T14:00:00.000Z,7.500
2026-04-10T15:00:00.000Z,12.098
2026-04-10T16:00:00.000Z,15.464
2026-04-10T17:00:00.000Z,18.821
2026-04-10T18:00:00.000Z,18.660
2026-04-10T19:00:00.000Z,15.556
2026-04-10T20:00:00.000Z,9.999
2026-04-10T21:00:00.000Z,7.506
2026-04-10T22:00:00.000Z,4.531
2026-04-10T23:00:00.000Z,4.649
2026-04-11T00:00:00.000Z,5.609
2026-04-11T01:00:00.000Z,9.300
2026-04-11T02:00:00.000Z,11.273
2026-04-11T03:00:00.000Z,11.778
2026-04-11T04:00:00.000Z,11.452
2026-04-11T05:00:00.000Z,9.701
2026-04-11T06:00:00.000Z,6.686
2026-04-11T07:00:00.000Z,7.418
2026-04-11T08:00:00.000Z,8.546
2026-04-11T09:00:00.000Z,3.600
2026-04-11T10:00:00.000Z,3.600
2026-04-11T11:00:00.000Z,4.500
2026-04-11T12:00:00.000Z,3.642
2026-04-11T13:00:00.000Z,3.754
2026-04-11T14:00:00.000Z,6.295
2026-04-11T15:00:00.000Z,12.000
2026-04-11T16:00:00.000Z,14.958
2026-04-11T17:00:00.000Z,15.272
2026-04-11T18:00:00.000Z,11.742
2026-04-11T19:00:00.000Z,9.864
2026-04-11T20:00:00.000Z,6.600
2026-04-11T21:00:00.000Z,5.300
2026-04-11T22:00:00.000Z,4.531
2026-04-11T23:00:00.000Z,4.397
2026-04-12T00:00:00.000Z,4.603
2026-04-12T01:00:00.000Z,4.284
2026-04-12T02:00:00.000Z,4.579
2026-04-12T03:00:00.000Z,6.001
2026-04-12T04:00:00.000Z,4.553
2026-04-12T05:00:00.000Z,4.370
2026-04-12T06:00:00.000Z,5.158
2026-04-12T07:00:00.000Z,4.816
2026-04-12T08:00:00.000Z,4.944
2026-04-12T09:00:00.000Z,3.897
2026-04-12T10:00:00.000Z,3.458
2026-04-12T11:00:00.000Z,4.645
2026-04-12T12:00:00.000Z,3.369
2026-04-12T13:00:00.000Z,3.684
2026-04-12T14:00:00.000Z,5.722
2026-04-12T15:00:00.000Z,10.697
2026-04-12T16:00:00.000Z,12.538
2026-04-12T17:00:00.000Z,12.872
2026-04-12T18:00:00.000Z,12.608
2026-04-12T19:00:00.000Z,11.170
2026-04-12T20:00:00.000Z,8.837
2026-04-12T21:00:00.000Z,6.500
2026-04-12T22:00:00.000Z,4.977
2026-04-12T23:00:00.000Z,5.508
2026-04-13T00:00:00.000Z,6.421
2026-04-13T01:00:00.000Z,7.478
2026-04-13T02:00:00.000Z,9.146
2026-04-13T03:00:00.000Z,12.957
2026-04-13T04:00:00.000Z,16.343
2026-04-13T05:00:00.000Z,17.810
2026-04-13T06:00:00.000Z,13.219
2026-04-13T07:00:00.000Z,10.602
2026-04-13T08:00:00.000Z,8.183
2026-04-13T09:00:00.000Z,10.603
2026-04-13T10:00:00.000Z,10.104
2026-04-13T11:00:00.000Z,8.815
2026-04-13T12:00:00.000Z,8.000
2026-04-13T13:00:00.000Z,6.613
2026-04-13T14:00:00.000Z,9.999
2026-04-13T15:00:00.000Z,12.805
2026-04-13T16:00:00.000Z,13.893
2026-04-13T17:00:00.000Z,15.009
2026-04-13T18:00:00.000Z,12.995
2026-04-13T19:00:00.000Z,12.307
2026-04-13T20:00:00.000Z,9.302
2026-04-13T21:00:00.000Z,8.824
2026-04-13T22:00:00.000Z,8.829
2026-04-13T23:00:00.000Z,8.561
2026-04-14T00:00:00.000Z,7.021
2026-04-14T01:00:00.000Z,9.280
2026-04-14T02:00:00.000Z,9.307
2026-04-14T03:00:00.000Z,11.878
2026-04-14T04:00:00.000Z,13.030
2026-04-14T05:00:00.000Z,11.280
2026-04-14T06:00:00.000Z,11.206
2026-04-14T07:00:00.000Z,9.403
2026-04-14T08:00:00.000Z,9.780
2026-04-14T09:00:00.000Z,7.591
2026-04-14T10:00:00.000Z,7.542
2026-04-14T11:00:00.000Z,6.000
2026-04-14T12:00:00.000Z,7.284
2026-04-14T13:00:00.000Z,6.846
2026-04-14T14:00:00.000Z,7.562
2026-04-14T15:00:00.000Z,9.606
2026-04-14T16:00:00.000Z,11.745
2026-04-14T17:00:00.000Z,12.241
2026-04-14T18:00:00.000Z,12.095
2026-04-14T19:00:00.000Z,11.711
2026-04-14T20:00:00.000Z,8.267
2026-04-14T21:00:00.000Z,7.000
2026-04-14T22:00:00.000Z,7.415
2026-04-14T23:00:00.000Z,7.636
2026-04-15T00:00:00.000Z,7.545
2026-04-15T01:00:00.000Z,7.915
2026-04-15T02:00:00.000Z,10.000
2026-04-15T03:00:00.000Z,13.035
2026-04-15T04:00:00.000Z,15.345
2026-04-15T05:00:00.000Z,16.143
2026-04-15T06:00:00.000Z,14.253
2026-04-15T07:00:00.000Z,12.000
2026-04-15T08:00:00.000Z,9.980
2026-04-15T09:00:00.000Z,7.371
2026-04-15T10:00:00.000Z,6.035
2026-04-15T11:00:00.000Z,5.259
2026-04-15T12:00:00.000Z,6.655
2026-04-15T13:00:00.000Z,7.884
2026-04-15T14:00:00.000Z,10.633
2026-04-15T15:00:00.000Z,11.891
2026-04-15T16:00:00.000Z,14.271
2026-04-15T17:00:00.000Z,14.756
2026-04-15T18:00:00.000Z,14.305
2026-04-15T19:00:00.000Z,14.383
2026-04-15T20:00:00.000Z,13.297
2026-04-15T21:00:00.000Z,11.892
2026-04-15T22:00:00.000Z,9.844
2026-04-15T23:00:00.000Z,10.034
2026-04-16T00:00:00.000Z,10.031
2026-04-16T01:00:00.000Z,9.900
2026-04-16T02:00:00.000Z,12.185
2026-04-16T03:00:00.000Z,15.535
2026-04-16T04:00:00.000Z,17.594
2026-04-16T05:00:00.000Z,16.516
2026-04-16T06:00:00.000Z,16.544
2026-04-16T07:00:00.000Z,14.313
2026-04-16T08:00:00.000Z,12.116
2026-04-16T09:00:00.000Z,11.224
2026-04-16T10:00:00.000Z,10.907
2026-04-16T11:00:00.000Z,8.820
2026-04-16T12:00:00.000Z,10.083
2026-04-16T13:00:00.000Z,7.996
2026-04-16T14:00:00.000Z,8.725
2026-04-16T15:00:00.000Z,11.267
2026-04-16T16:00:00.000Z,13.162
2026-04-16T17:00:00.000Z,13.734
2026-04-16T18:00:00.000Z,14.611
2026-04-16T19:00:00.000Z,12.455
2026-04-16T20:00:00.000Z,10.983
2026-04-16T21:00:00.000Z,9.612
2026-04-16T22:00:00.000Z,9.900
2026-04-16T23:00:00.000Z,8.773
2026-04-17T00:00:00.000Z,8.800
2026-04-17T01:00:00.000Z,8.623
2026-04-17T02:00:00.000Z,9.087
2026-04-17T03:00:00.000Z,10.623
2026-04-17T04:00:00.000Z,13.983
2026-04-17T05:00:00.000Z,15.192
2026-04-17T06:00:00.000Z,13.551
2026-04-17T07:00:00.000Z,10.412
2026-04-17T08:00:00.000Z,9.025
2026-04-17T09:00:00.000Z,6.624
2026-04-17T10:00:00.000Z,5.416
2026-04-17T11:00:00.000Z,4.823
2026-04-17T12:00:00.000Z,4.776
2026-04-17T13:00:00.000Z,5.750
2026-04-17T14:00:00.000Z,7.558
2026-04-17T15:00:00.000Z,9.814
2026-04-17T16:00:00.000Z,11.331
2026-04-17T17:00:00.000Z,11.292
2026-04-17T18:00:00.000Z,8.990
2026-04-17T19:00:00.000Z,7.003
2026-04-17T20:00:00.000Z,6.208
2026-04-17T21:00:00.000Z,5.665
2026-04-17T22:00:00.000Z,4.115
2026-04-17T23:00:00.000Z,4.250
2026-04-18T00:00:00.000Z,4.904
2026-04-18T01:00:00.000Z,4.899
2026-04-18T02:00:00.000Z,4.899
2026-04-18T03:00:00.000Z,4.964
2026-04-18T04:00:00.000Z,4.721
2026-04-18T05:00:00.000Z,4.877
2026-04-18T06:00:00.000Z,4.671
2026-04-18T07:00:00.000Z,4.146
2026-04-18T08:00:00.000Z,2.965
2026-04-18T09:00:00.000Z,2.383
2026-04-18T10:00:00.000Z,1.795
2026-04-18T11:00:00.000Z,1.913
2026-04-18T12:00:00.000Z,1.547
2026-04-18T13:00:00.000Z,1.710
2026-04-18T14:00:00.000Z,3.095
2026-04-18T15:00:00.000Z,5.361
2026-04-18T16:00:00.000Z,5.208
2026-04-18T17:00:00.000Z,5.191
2026-04-18T18:00:00.000Z,4.457
2026-04-18T19:00:00.000Z,3.165
2026-04-18T20:00:00.000Z,3.724
2026-04-18T21:00:00.000Z,2.742
2026-04-18T22:00:00.000Z,2.020
2026-04-18T23:00:00.000Z,2.388
2026-04-19T00:00:00.000Z,2.649
2026-04-19T01:00:00.000Z,3.656
2026-04-19T02:00:00.000Z,3.716
2026-04-19T03:00:00.000Z,3.857
2026-04-19T04:00:00.000Z,3.944
2026-04-19T05:00:00.000Z,4.074
2026-04-19T06:00:00.000Z,4.065
2026-04-19T07:00:00.000Z,3.429
2026-04-19T08:00:00.000Z,2.722
2026-04-19T09:00:00.000Z,1.970
2026-04-19T10:00:00.000Z,1.256
2026-04-19T11:00:00.000Z,1.364
2026-04-19T12:00:00.000Z,1.496
2026-04-19T13:00:00.000Z,1.858
2026-04-19T14:00:00.000Z,2.958
2026-04-19T15:00:00.000Z,6.013
2026-04-19T16:00:00.000Z,8.036
2026-04-19T17:00:00.000Z,8.407
2026-04-19T18:00:00.000Z,8.002
2026-04-19T19:00:00.000Z,7.491
2026-04-19T20:00:00.000Z,6.494
2026-04-19T21:00:00.000Z,6.003
2026-04-19T22:00:00.000Z,5.938
2026-04-19T23:00:00.000Z,5.759
2026-04-20T00:00:00.000Z,5.819
2026-04-20T01:00:00.000Z,5.773
2026-04-20T02:00:00.000Z,6.170
2026-04-20T03:00:00.000Z,10.888
2026-04-20T04:00:00.000Z,10.010
2026-04-20T05:00:00.000Z,10.501
2026-04-20T06:00:00.000Z,10.419
2026-04-20T07:00:00.000Z,6.423
2026-04-20T08:00:00.000Z,4.739
2026-04-20T09:00:00.000Z,4.218
2026-04-20T10:00:00.000Z,3.391
2026-04-20T11:00:00.000Z,2.503
2026-04-20T12:00:00.000Z,2.286
2026-04-20T13:00:00.000Z,3.170
2026-04-20T14:00:00.000Z,5.046
2026-04-20T15:00:00.000Z,7.358
2026-04-20T16:00:00.000Z,10.504
2026-04-20T17:00:00.000Z,11.792
2026-04-20T18:00:00.000Z,10.387
2026-04-20T19:00:00.000Z,9.196
2026-04-20T20:00:00.000Z,6.403
2026-04-20T21:00:00.000Z,5.000
2026-04-20T22:00:00.000Z,9.006
2026-04-20T23:00:00.000Z,8.859
2026-04-21T00:00:00.000Z,8.991
2026-04-21T01:00:00.000Z,9.162
2026-04-21T02:00:00.000Z,9.852
2026-04-21T03:00:00.000Z,10.941
2026-04-21T04:00:00.000Z,12.771
2026-04-21T05:00:00.000Z,11.628
2026-04-21T06:00:00.000Z,9.397
2026-04-21T07:00:00.000Z,6.896
2026-04-21T08:00:00.000Z,3.885
2026-04-21T09:00:00.000Z,1.679
2026-04-21T10:00:00.000Z,1.055
2026-04-21T11:00:00.000Z,0.583
2026-04-21T12:00:00.000Z,0.654
2026-04-21T13:00:00.000Z,0.549
2026-04-21T14:00:00.000Z,1.012
2026-04-21T15:00:00.000Z,0.794
2026-04-21T16:00:00.000Z,0.987
2026-04-21T17:00:00.000Z,1.181
2026-04-21T18:00:00.000Z,1.043
2026-04-21T19:00:00.000Z,0.568
2026-04-21T20:00:00.000Z,0.216
2026-04-21T21:00:00.000Z,0.000
2026-04-21T22:00:00.000Z,0.114
2026-04-21T23:00:00.000Z,0.042
2026-04-22T00:00:00.000Z,0.000
2026-04-22T01:00:00.000Z,0.000
2026-04-22T02:00:00.000Z,0.000
2026-04-22T03:00:00.000Z,0.066
2026-04-22T04:00:00.000Z,0.163
2026-04-22T05:00:00.000Z,0.416
2026-04-22T06:00:00.000Z,0.216
2026-04-22T07:00:00.000Z,0.143
2026-04-22T08:00:00.000Z,0.060
2026-04-22T09:00:00.000Z,0.043
2026-04-22T10:00:00.000Z,0.000
2026-04-22T11:00:00.000Z,-0.022
2026-04-22T12:00:00.000Z,-0.032
2026-04-22T13:00:00.000Z,-0.006
2026-04-22T14:00:00.000Z,0.025
2026-04-22T15:00:00.000Z,0.197
2026-04-22T16:00:00.000Z,0.216
2026-04-22T17:00:00.000Z,0.211
2026-04-22T18:00:00.000Z,0.313
2026-04-22T19:00:00.000Z,0.395
2026-04-22T20:00:00.000Z,0.451
2026-04-22T21:00:00.000Z,0.407
2026-04-22T22:00:00.000Z,0.269
2026-04-22T23:00:00.000Z,0.276
2026-04-23T00:00:00.000Z,0.298
2026-04-23T01:00:00.000Z,0.356
2026-04-23T02:00:00.000Z,0.386
2026-04-23T03:00:00.000Z,1.065
2026-04-23T04:00:00.000Z,2.393
2026-04-23T05:00:00.000Z,4.683
2026-04-23T06:00:00.000Z,2.366
2026-04-23T07:00:00.000Z,1.383
2026-04-23T08:00:00.000Z,0.768
2026-04-23T09:00:00.000Z,0.386
2026-04-23T10:00:00.000Z,0.246
2026-04-23T11:00:00.000Z,0.206
2026-04-23T12:00:00.000Z,0.196
2026-04-23T13:00:00.000Z,0.196
2026-04-23T14:00:00.000Z,0.236
2026-04-23T15:00:00.000Z,1.099
2026-04-23T16:00:00.000Z,3.001
2026-04-23T17:00:00.000Z,4.737
2026-04-23T18:00:00.000Z,4.788
2026-04-23T19:00:00.000Z,3.172
2026-04-23T20:00:00.000Z,0.738
2026-04-23T21:00:00.000Z,0.172
2026-04-23T22:00:00.000Z,0.353
2026-04-23T23:00:00.000Z,0.251
2026-04-24T00:00:00.000Z,0.200
2026-04-24T01:00:00.000Z,0.200
2026-04-24T02:00:00.000Z,0.407
2026-04-24T03:00:00.000Z,1.389
2026-04-24T04:00:00.000Z,1.901
2026-04-24T05:00:00.000Z,2.296
2026-04-24T06:00:00.000Z,2.600
2026-04-24T07:00:00.000Z,2.137
2026-04-24T08:00:00.000Z,1.127
2026-04-24T09:00:00.000Z,0.584
2026-04-24T10:00:00.000Z,0.482
2026-04-24T11:00:00.000Z,0.413
2026-04-24T12:00:00.000Z,0.381
2026-04-24T13:00:00.000Z,0.393
2026-04-24T14:00:00.000Z,0.639
2026-04-24T15:00:00.000Z,2.690
2026-04-24T16:00:00.000Z,5.743
2026-04-24T17:00:00.000Z,6.742
2026-04-24T18:00:00.000Z,7.593
2026-04-24T19:00:00.000Z,6.116
2026-04-24T20:00:00.000Z,6.376
2026-04-24T21:00:00.000Z,4.501
2026-04-24T22:00:00.000Z,4.201
2026-04-24T23:00:00.000Z,3.023
2026-04-25T00:00:00.000Z,1.534
2026-04-25T01:00:00.000Z,1.272
2026-04-25T02:00:00.000Z,1.208
2026-04-25T03:00:00.000Z,1.145
2026-04-25T04:00:00.000Z,1.207
2026-04-25T05:00:00.000Z,1.370
2026-04-25T06:00:00.000Z,0.661
2026-04-25T07:00:00.000Z,0.241
2026-04-25T08:00:00.000Z,0.232
2026-04-25T09:00:00.000Z,0.163
2026-04-25T10:00:00.000Z,0.064
2026-04-25T11:00:00.000Z,0.004
2026-04-25T12:00:00.000Z,0.000
2026-04-25T13:00:00.000Z,0.007
2026-04-25T14:00:00.000Z,0.132
2026-04-25T15:00:00.000Z,0.163
2026-04-25T16:00:00.000Z,0.313
2026-04-25T17:00:00.000Z,0.718
2026-04-25T18:00:00.000Z,0.913
2026-04-25T19:00:00.000Z,0.876
2026-04-25T20:00:00.000Z,0.839
2026-04-25T21:00:00.000Z,0.474
2026-04-25T22:00:00.000Z,0.449
2026-04-25T23:00:00.000Z,0.417
2026-04-26T00:00:00.000Z,0.389
2026-04-26T01:00:00.000Z,0.382
2026-04-26T02:00:00.000Z,0.400
2026-04-26T03:00:00.000Z,0.430
2026-04-26T04:00:00.000Z,0.455
2026-04-26T05:00:00.000Z,0.461
2026-04-26T06:00:00.000Z,0.255
2026-04-26T07:00:00.000Z,0.129
2026-04-26T08:00:00.000Z,0.005
2026-04-26T09:00:00.000Z,-0.001
2026-04-26T10:00:00.000Z,-0.068
2026-04-26T11:00:00.000Z,-0.066
2026-04-26T12:00:00.000Z,-0.067
2026-04-26T13:00:00.000Z,-0.069
2026-04-26T14:00:00.000Z,0.032
2026-04-26T15:00:00.000Z,0.465
2026-04-26T16:00:00.000Z,1.584
2026-04-26T17:00:00.000Z,1.882
2026-04-26T18:00:00.000Z,1.974
2026-04-26T19:00:00.000Z,1.938
2026-04-26T20:00:00.000Z,1.874
2026-04-26T21:00:00.000Z,1.795
2026-04-26T22:00:00.000Z,1.764
2026-04-26T23:00:00.000Z,1.759
2026-04-27T00:00:00.000Z,1.734
2026-04-27T01:00:00.000Z,1.728
2026-04-27T02:00:00.000Z,1.836
2026-04-27T03:00:00.000Z,2.159
2026-04-27T04:00:00.000Z,7.229
2026-04-27T05:00:00.000Z,7.241
2026-04-27T06:00:00.000Z,3.451
2026-04-27T07:00:00.000Z,1.055
2026-04-27T08:00:00.000Z,0.772
2026-04-27T09:00:00.000Z,0.449
2026-04-27T10:00:00.000Z,0.387
2026-04-27T11:00:00.000Z,0.465
2026-04-27T12:00:00.000Z,0.313
2026-04-27T13:00:00.000Z,0.321
2026-04-27T14:00:00.000Z,0.403
2026-04-27T15:00:00.000Z,0.513
2026-04-27T16:00:00.000Z,1.166
2026-04-27T17:00:00.000Z,0.988
2026-04-27T18:00:00.000Z,1.097
2026-04-27T19:00:00.000Z,0.973
2026-04-27T20:00:00.000Z,0.843
2026-04-27T21:00:00.000Z,0.674
2026-04-27T22:00:00.000Z,0.503
2026-04-27T23:00:00.000Z,0.485
2026-04-28T00:00:00.000Z,0.490
2026-04-28T01:00:00.000Z,0.534
2026-04-28T02:00:00.000Z,0.749
2026-04-28T03:00:00.000Z,1.214
2026-04-28T04:00:00.000Z,1.878
2026-04-28T05:00:00.000Z,1.824
2026-04-28T06:00:00.000Z,1.756
2026-04-28T07:00:00.000Z,0.928
2026-04-28T08:00:00.000Z,0.602
2026-04-28T09:00:00.000Z,0.543
2026-04-28T10:00:00.000Z,0.515
2026-04-28T11:00:00.000Z,0.500
2026-04-28T12:00:00.000Z,0.503
2026-04-28T13:00:00.000Z,0.515
2026-04-28T14:00:00.000Z,0.665
2026-04-28T15:00:00.000Z,1.620
2026-04-28T16:00:00.000Z,2.290
2026-04-28T17:00:00.000Z,4.374
2026-04-28T18:00:00.000Z,4.800
2026-04-28T19:00:00.000Z,6.189
2026-04-28T20:00:00.000Z,5.110
2026-04-28T21:00:00.000Z,4.559
2026-04-28T22:00:00.000Z,4.442
2026-04-28T23:00:00.000Z,4.719
2026-04-29T00:00:00.000Z,5.287
2026-04-29T01:00:00.000Z,6.624
2026-04-29T02:00:00.000Z,8.672
2026-04-29T03:00:00.000Z,9.663
2026-04-29T04:00:00.000Z,11.944
2026-04-29T05:00:00.000Z,11.993
2026-04-29T06:00:00.000Z,10.906
2026-04-29T07:00:00.000Z,7.051
2026-04-29T08:00:00.000Z,3.339
2026-04-29T09:00:00.000Z,3.282
2026-04-29T10:00:00.000Z,2.441
2026-04-29T11:00:00.000Z,2.194
2026-04-29T12:00:00.000Z,1.922
2026-04-29T13:00:00.000Z,1.612
2026-04-29T14:00:00.000Z,2.240
2026-04-29T15:00:00.000Z,4.500
2026-04-29T16:00:00.000Z,8.137
2026-04-29T17:00:00.000Z,8.919
2026-04-29T18:00:00.000Z,12.788
2026-04-29T19:00:00.000Z,10.977
2026-04-29T20:00:00.000Z,9.041
2026-04-29T21:00:00.000Z,8.308
2026-04-29T22:00:00.000Z,4.493
2026-04-29T23:00:00.000Z,6.294
2026-04-30T00:00:00.000Z,5.934
2026-04-30T01:00:00.000Z,5.767
2026-04-30T02:00:00.000Z,3.642
2026-04-30T03:00:00.000Z,7.753
2026-04-30T04:00:00.000Z,9.173
2026-04-30T05:00:00.000Z,10.249
2026-04-30T06:00:00.000Z,8.850
2026-04-30T07:00:00.000Z,5.106
2026-04-30T08:00:00.000Z,2.750
2026-04-30T09:00:00.000Z,3.500
2026-04-30T10:00:00.000Z,3.583
2026-04-30T11:00:00.000Z,3.534
2026-04-30T12:00:00.000Z,2.956
2026-04-30T13:00:00.000Z,3.036
2026-04-30T14:00:00.000Z,2.965
2026-04-30T15:00:00.000Z,3.031
2026-04-30T16:00:00.000Z,8.067
2026-04-30T17:00:00.000Z,11.442
2026-04-30T18:00:00.000Z,5.972
2026-04-30T19:00:00.000Z,6.198
2026-04-30T20:00:00.000Z,3.041
2026-04-30T21:00:00.000Z,2.446
2026-04-30T22:00:00.000Z,1.927
2026-04-30T23:00:00.000Z,1.881
2026-05-01T00:00:00.000Z,1.776
2026-05-01T01:00:00.000Z,1.836
2026-05-01T02:00:00.000Z,2.016
2026-05-01T03:00:00.000Z,1.882
2026-05-01T04:00:00.000Z,2.000
2026-05-01T05:00:00.000Z,1.763
2026-05-01T06:00:00.000Z,1.354
2026-05-01T07:00:00.000Z,0.389
2026-05-01T08:00:00.000Z,0.343
2026-05-01T09:00:00.000Z,0.210
2026-05-01T10:00:00.000Z,0.184
2026-05-01T11:00:00.000Z,0.023
2026-05-01T12:00:00.000Z,0.017
2026-05-01T13:00:00.000Z,0.054
2026-05-01T14:00:00.000Z,0.197
2026-05-01T15:00:00.000Z,0.733
2026-05-01T16:00:00.000Z,1.330
2026-05-01T17:00:00.000Z,1.642
2026-05-01T18:00:00.000Z,1.365
2026-05-01T19:00:00.000Z,1.320
2026-05-01T20:00:00.000Z,0.985
2026-05-01T21:00:00.000Z,0.837
2026-05-01T22:00:00.000Z,0.565
2026-05-01T23:00:00.000Z,0.451
2026-05-02T00:00:00.000Z,0.444
2026-05-02T01:00:00.000Z,0.444
2026-05-02T02:00:00.000Z,0.445
2026-05-02T03:00:00.000Z,0.444
2026-05-02T04:00:00.000Z,0.445
2026-05-02T05:00:00.000Z,0.582
2026-05-02T06:00:00.000Z,0.707
2026-05-02T07:00:00.000Z,0.397
2026-05-02T08:00:00.000Z,0.236
2026-05-02T09:00:00.000Z,0.041
2026-05-02T10:00:00.000Z,-0.054
2026-05-02T11:00:00.000Z,-0.209
2026-05-02T12:00:00.000Z,-0.201
2026-05-02T13:00:00.000Z,-0.030
2026-05-02T14:00:00.000Z,0.214
2026-05-02T15:00:00.000Z,0.461
2026-05-02T16:00:00.000Z,0.798
2026-05-02T17:00:00.000Z,1.410
2026-05-02T18:00:00.000Z,1.657
2026-05-02T19:00:00.000Z,1.656
2026-05-02T20:00:00.000Z,1.416
2026-05-02T21:00:00.000Z,1.022
2026-05-02T22:00:00.000Z,1.619
2026-05-02T23:00:00.000Z,1.506
2026-05-03T00:00:00.000Z,1.550
2026-05-03T01:00:00.000Z,1.764
2026-05-03T02:00:00.000Z,2.057
2026-05-03T03:00:00.000Z,2.311
2026-05-03T04:00:00.000Z,2.643
2026-05-03T05:00:00.000Z,2.930
2026-05-03T06:00:00.000Z,3.296
2026-05-03T07:00:00.000Z,3.235
2026-05-03T08:00:00.000Z,2.721
2026-05-03T09:00:00.000Z,2.663
2026-05-03T10:00:00.000Z,2.917
2026-05-03T11:00:00.000Z,2.999
2026-05-03T12:00:00.000Z,3.023
2026-05-03T13:00:00.000Z,3.385
2026-05-03T14:00:00.000Z,4.568
2026-05-03T15:00:00.000Z,7.016
2026-05-03T16:00:00.000Z,11.049
2026-05-03T17:00:00.000Z,11.927
2026-05-03T18:00:00.000Z,12.030
2026-05-03T19:00:00.000Z,11.261
2026-05-03T20:00:00.000Z,10.271
2026-05-03T21:00:00.000Z,9.372
2026-05-03T22:00:00.000Z,2.985
2026-05-03T23:00:00.000Z,2.951
2026-05-04T00:00:00.000Z,2.915
2026-05-04T01:00:00.000Z,2.899
2026-05-04T02:00:00.000Z,2.888
2026-05-04T03:00:00.000Z,3.149
2026-05-04T04:00:00.000Z,4.801
2026-05-04T05:00:00.000Z,8.529
2026-05-04T06:00:00.000Z,10.706
2026-05-04T07:00:00.000Z,7.875
2026-05-04T08:00:00.000Z,6.459
2026-05-04T09:00:00.000Z,6.006
2026-05-04T10:00:00.000Z,5.252
2026-05-04T11:00:00.000Z,3.897
2026-05-04T12:00:00.000Z,3.846
2026-05-04T13:00:00.000Z,3.857
2026-05-04T14:00:00.000Z,3.852
2026-05-04T15:00:00.000Z,5.824
2026-05-04T16:00:00.000Z,6.988
2026-05-04T17:00:00.000Z,6.753
2026-05-04T18:00:00.000Z,6.248
2026-05-04T19:00:00.000Z,5.674
2026-05-04T20:00:00.000Z,4.359
2026-05-04T21:00:00.000Z,3.477
2026-05-04T22:00:00.000Z,3.832
2026-05-04T23:00:00.000Z,3.166
2026-05-05T00:00:00.000Z,2.959
2026-05-05T01:00:00.000Z,2.817
2026-05-05T02:00:00.000Z,3.000
2026-05-05T03:00:00.000Z,4.008
2026-05-05T04:00:00.000Z,4.654
2026-05-05T05:00:00.000Z,5.864
2026-05-05T06:00:00.000Z,5.972
2026-05-05T07:00:00.000Z,4.592
2026-05-05T08:00:00.000Z,3.327
2026-05-05T09:00:00.000Z,3.581
2026-05-05T10:00:00.000Z,3.716
2026-05-05T11:00:00.000Z,3.296
2026-05-05T12:00:00.000Z,3.377
2026-05-05T13:00:00.000Z,3.326
2026-05-05T14:00:00.000Z,4.531
2026-05-05T15:00:00.000Z,4.899
2026-05-05T16:00:00.000Z,5.916
2026-05-05T17:00:00.000Z,7.113
2026-05-05T18:00:00.000Z,7.064
2026-05-05T19:00:00.000Z,6.530
2026-05-05T20:00:00.000Z,5.380
2026-05-05T21:00:00.000Z,4.393
2026-05-05T22:00:00.000Z,3.897
2026-05-05T23:00:00.000Z,3.902
2026-05-06T00:00:00.000Z,3.921
2026-05-06T01:00:00.000Z,4.000
2026-05-06T02:00:00.000Z,4.558
2026-05-06T03:00:00.000Z,7.106
2026-05-06T04:00:00.000Z,8.613
2026-05-06T05:00:00.000Z,11.890
2026-05-06T06:00:00.000Z,11.823
2026-05-06T07:00:00.000Z,8.694
2026-05-06T08:00:00.000Z,7.884
2026-05-06T09:00:00.000Z,7.932
2026-05-06T10:00:00.000Z,7.824
2026-05-06T11:00:00.000Z,7.837
2026-05-06T12:00:00.000Z,8.683
2026-05-06T13:00:00.000Z,9.247
2026-05-06T14:00:00.000Z,11.043
2026-05-06T15:00:00.000Z,12.411
2026-05-06T16:00:00.000Z,13.483
2026-05-06T17:00:00.000Z,15.004
2026-05-06T18:00:00.000Z,15.245
2026-05-06T19:00:00.000Z,15.020
2026-05-06T20:00:00.000Z,13.939
2026-05-06T21:00:00.000Z,12.433
2026-05-06T22:00:00.000Z,11.986
2026-05-06T23:00:00.000Z,11.311
2026-05-07T00:00:00.000Z,11.192
2026-05-07T01:00:00.000Z,11.307
2026-05-07T02:00:00.000Z,11.587
2026-05-07T03:00:00.000Z,12.306
2026-05-07T04:00:00.000Z,14.875
2026-05-07T05:00:00.000Z,16.749
2026-05-07T06:00:00.000Z,15.574
2026-05-07T07:00:00.000Z,13.606
2026-05-07T08:00:00.000Z,12.013
2026-05-07T09:00:00.000Z,11.371
2026-05-07T10:00:00.000Z,10.599
2026-05-07T11:00:00.000Z,10.379
2026-05-07T12:00:00.000Z,10.364
2026-05-07T13:00:00.000Z,10.859
2026-05-07T14:00:00.000Z,11.439
2026-05-07T15:00:00.000Z,13.009
2026-05-07T16:00:00.000Z,14.478
2026-05-07T17:00:00.000Z,18.010
2026-05-07T18:00:00.000Z,21.119
2026-05-07T19:00:00.000Z,17.760
2026-05-07T20:00:00.000Z,15.035
2026-05-07T21:00:00.000Z,13.780
2026-05-07T22:00:00.000Z,12.637
2026-05-07T23:00:00.000Z,11.703
2026-05-08T00:00:00.000Z,11.473
2026-05-08T01:00:00.000Z,11.371
2026-05-08T02:00:00.000Z,11.489
2026-05-08T03:00:00.000Z,12.018
2026-05-08T04:00:00.000Z,13.644
2026-05-08T05:00:00.000Z,14.285
2026-05-08T06:00:00.000Z,13.347
2026-05-08T07:00:00.000Z,11.343
2026-05-08T08:00:00.000Z,9.706
2026-05-08T09:00:00.000Z,7.645
2026-05-08T10:00:00.000Z,6.617
2026-05-08T11:00:00.000Z,5.955
2026-05-08T12:00:00.000Z,6.402
2026-05-08T13:00:00.000Z,6.320
2026-05-08T14:00:00.000Z,7.564
2026-05-08T15:00:00.000Z,8.637
2026-05-08T16:00:00.000Z,11.556
2026-05-08T17:00:00.000Z,12.457
2026-05-08T18:00:00.000Z,11.050
2026-05-08T19:00:00.000Z,12.530
2026-05-08T20:00:00.000Z,8.388
2026-05-08T21:00:00.000Z,4.221
2026-05-08T22:00:00.000Z,4.500
2026-05-08T23:00:00.000Z,3.314
2026-05-09T00:00:00.000Z,3.117
2026-05-09T01:00:00.000Z,2.987
2026-05-09T02:00:00.000Z,2.839
2026-05-09T03:00:00.000Z,2.605
2026-05-09T04:00:00.000Z,2.660
2026-05-09T05:00:00.000Z,3.166
2026-05-09T06:00:00.000Z,5.150
2026-05-09T07:00:00.000Z,4.834
2026-05-09T08:00:00.000Z,1.539
2026-05-09T09:00:00.000Z,0.819
2026-05-09T10:00:00.000Z,0.669
2026-05-09T11:00:00.000Z,0.630
2026-05-09T12:00:00.000Z,0.639
2026-05-09T13:00:00.000Z,0.682
2026-05-09T14:00:00.000Z,2.605
2026-05-09T15:00:00.000Z,3.301
2026-05-09T16:00:00.000Z,4.000
2026-05-09T17:00:00.000Z,4.233
2026-05-09T18:00:00.000Z,3.114
2026-05-09T19:00:00.000Z,2.980
2026-05-09T20:00:00.000Z,2.500
2026-05-09T21:00:00.000Z,2.043
2026-05-09T22:00:00.000Z,2.642
2026-05-09T23:00:00.000Z,2.587
2026-05-10T00:00:00.000Z,2.529
2026-05-10T01:00:00.000Z,2.592
2026-05-10T02:00:00.000Z,2.568
2026-05-10T03:00:00.000Z,2.656
2026-05-10T04:00:00.000Z,2.987
2026-05-10T05:00:00.000Z,4.377
2026-05-10T06:00:00.000Z,4.924
2026-05-10T07:00:00.000Z,2.882
2026-05-10T08:00:00.000Z,2.173
2026-05-10T09:00:00.000Z,1.650
2026-05-10T10:00:00.000Z,1.317
2026-05-10T11:00:00.000Z,1.206
2026-05-10T12:00:00.000Z,1.442
2026-05-10T13:00:00.000Z,2.193
2026-05-10T14:00:00.000Z,3.105
2026-05-10T15:00:00.000Z,6.402
2026-05-10T16:00:00.000Z,8.685
2026-05-10T17:00:00.000Z,8.974
2026-05-10T18:00:00.000Z,8.715
2026-05-10T19:00:00.000Z,8.911
2026-05-10T20:00:00.000Z,8.168
2026-05-10T21:00:00.000Z,6.508
2026-05-10T22:00:00.000Z,7.398
2026-05-10T23:00:00.000Z,6.519
2026-05-11T00:00:00.000Z,6.523
2026-05-11T01:00:00.000Z,6.647
2026-05-11T02:00:00.000Z,7.332
2026-05-11T03:00:00.000Z,8.589
2026-05-11T04:00:00.000Z,10.199
2026-05-11T05:00:00.000Z,14.000
2026-05-11T06:00:00.000Z,14.008
2026-05-11T07:00:00.000Z,9.995
2026-05-11T08:00:00.000Z,8.596
2026-05-11T09:00:00.000Z,8.314
2026-05-11T10:00:00.000Z,8.357
2026-05-11T11:00:00.000Z,8.393
2026-05-11T12:00:00.000Z,8.512
2026-05-11T13:00:00.000Z,8.828
2026-05-11T14:00:00.000Z,9.961
2026-05-11T15:00:00.000Z,11.610
2026-05-11T16:00:00.000Z,12.340
2026-05-11T17:00:00.000Z,12.810
2026-05-11T18:00:00.000Z,12.798
2026-05-11T19:00:00.000Z,12.510
2026-05-11T20:00:00.000Z,11.674
2026-05-11T21:00:00.000Z,10.337
2026-05-11T22:00:00.000Z,9.580
2026-05-11T23:00:00.000Z,9.063
2026-05-12T00:00:00.000Z,8.895
2026-05-12T01:00:00.000Z,8.748
2026-05-12T02:00:00.000Z,8.869
2026-05-12T03:00:00.000Z,9.334
2026-05-12T04:00:00.000Z,11.087
2026-05-12T05:00:00.000Z,12.354
2026-05-12T06:00:00.000Z,11.752
2026-05-12T07:00:00.000Z,11.273
2026-05-12T08:00:00.000Z,10.268
2026-05-12T09:00:00.000Z,9.480
2026-05-12T10:00:00.000Z,9.174
2026-05-12T11:00:00.000Z,9.200
2026-05-12T12:00:00.000Z,9.110
2026-05-12T13:00:00.000Z,8.618
2026-05-12T14:00:00.000Z,9.489
2026-05-12T15:00:00.000Z,11.378
2026-05-12T16:00:00.000Z,12.067
2026-05-12T17:00:00.000Z,13.557
2026-05-12T18:00:00.000Z,14.009
2026-05-12T19:00:00.000Z,13.907
2026-05-12T20:00:00.000Z,12.822
2026-05-12T21:00:00.000Z,11.598
2026-05-12T22:00:00.000Z,11.252
2026-05-12T23:00:00.000Z,9.364
2026-05-13T00:00:00.000Z,7.656
2026-05-13T01:00:00.000Z,7.138
2026-05-13T02:00:00.000Z,6.860
2026-05-13T03:00:00.000Z,7.553
2026-05-13T04:00:00.000Z,7.767
2026-05-13T05:00:00.000Z,9.846
2026-05-13T06:00:00.000Z,11.804
2026-05-13T07:00:00.000Z,10.449
2026-05-13T08:00:00.000Z,9.817
2026-05-13T09:00:00.000Z,8.946
2026-05-13T10:00:00.000Z,8.276
2026-05-13T11:00:00.000Z,8.149
2026-05-13T12:00:00.000Z,7.779
2026-05-13T13:00:00.000Z,8.048
2026-05-13T14:00:00.000Z,8.062
2026-05-13T15:00:00.000Z,7.159
2026-05-13T16:00:00.000Z,5.911
2026-05-13T17:00:00.000Z,4.676
2026-05-13T18:00:00.000Z,3.030
2026-05-13T19:00:00.000Z,2.707
2026-05-13T20:00:00.000Z,2.091
2026-05-13T21:00:00.000Z,1.131
2026-05-13T22:00:00.000Z,0.747
2026-05-13T23:00:00.000Z,0.590
2026-05-14T00:00:00.000Z,0.483
2026-05-14T01:00:00.000Z,0.413
2026-05-14T02:00:00.000Z,0.380
2026-05-14T03:00:00.000Z,0.465
2026-05-14T04:00:00.000Z,0.848
2026-05-14T05:00:00.000Z,1.202
2026-05-14T06:00:00.000Z,2.098
2026-05-14T07:00:00.000Z,1.919
2026-05-14T08:00:00.000Z,1.550
2026-05-14T09:00:00.000Z,1.484
2026-05-14T10:00:00.000Z,1.449
2026-05-14T11:00:00.000Z,0.946
2026-05-14T12:00:00.000Z,0.906
2026-05-14T13:00:00.000Z,2.011
2026-05-14T14:00:00.000Z,3.371
2026-05-14T15:00:00.000Z,4.886
2026-05-14T16:00:00.000Z,5.536
2026-05-14T17:00:00.000Z,5.339
2026-05-14T18:00:00.000Z,5.656
2026-05-14T19:00:00.000Z,5.391
2026-05-14T20:00:00.000Z,5.250
2026-05-14T21:00:00.000Z,5.088
2026-05-14T22:00:00.000Z,4.831
2026-05-14T23:00:00.000Z,4.550
2026-05-15T00:00:00.000Z,4.935
2026-05-15T01:00:00.000Z,5.176
2026-05-15T02:00:00.000Z,5.571
2026-05-15T03:00:00.000Z,5.607
2026-05-15T04:00:00.000Z,7.265
2026-05-15T05:00:00.000Z,8.310
2026-05-15T06:00:00.000Z,8.064
2026-05-15T07:00:00.000Z,5.890
2026-05-15T08:00:00.000Z,5.186
2026-05-15T09:00:00.000Z,5.413
2026-05-15T10:00:00.000Z,5.346
2026-05-15T11:00:00.000Z,4.243
2026-05-15T12:00:00.000Z,4.197
2026-05-15T13:00:00.000Z,5.339
2026-05-15T14:00:00.000Z,7.641
2026-05-15T15:00:00.000Z,10.121
2026-05-15T16:00:00.000Z,11.100
2026-05-15T17:00:00.000Z,12.561
2026-05-15T18:00:00.000Z,10.427
2026-05-15T19:00:00.000Z,11.107
2026-05-15T20:00:00.000Z,10.000
2026-05-15T21:00:00.000Z,9.526
2026-05-15T22:00:00.000Z,10.032
2026-05-15T23:00:00.000Z,10.585
2026-05-16T00:00:00.000Z,10.450
2026-05-16T01:00:00.000Z,9.716
2026-05-16T02:00:00.000Z,9.480
2026-05-16T03:00:00.000Z,9.627
2026-05-16T04:00:00.000Z,10.007
2026-05-16T05:00:00.000Z,9.761
2026-05-16T06:00:00.000Z,8.321
2026-05-16T07:00:00.000Z,5.352
2026-05-16T08:00:00.000Z,3.933
2026-05-16T09:00:00.000Z,4.092
2026-05-16T10:00:00.000Z,3.834
2026-05-16T11:00:00.000Z,3.540
2026-05-16T12:00:00.000Z,3.820
2026-05-16T13:00:00.000Z,3.859
2026-05-16T14:00:00.000Z,4.400
2026-05-16T15:00:00.000Z,6.565
2026-05-16T16:00:00.000Z,9.867
2026-05-16T17:00:00.000Z,11.414
2026-05-16T18:00:00.000Z,10.460
2026-05-16T19:00:00.000Z,9.979
2026-05-16T20:00:00.000Z,9.616
2026-05-16T21:00:00.000Z,7.775
2026-05-16T22:00:00.000Z,6.109
2026-05-16T23:00:00.000Z,5.527
2026-05-17T00:00:00.000Z,5.038
2026-05-17T01:00:00.000Z,4.805
2026-05-17T02:00:00.000Z,4.812
2026-05-17T03:00:00.000Z,5.067
2026-05-17T04:00:00.000Z,5.998
2026-05-17T05:00:00.000Z,7.274
2026-05-17T06:00:00.000Z,5.323
2026-05-17T07:00:00.000Z,2.428
2026-05-17T08:00:00.000Z,1.682
2026-05-17T09:00:00.000Z,1.228
2026-05-17T10:00:00.000Z,1.023
2026-05-17T11:00:00.000Z,0.940
2026-05-17T12:00:00.000Z,0.949
2026-05-17T13:00:00.000Z,1.716
2026-05-17T14:00:00.000Z,4.389
2026-05-17T15:00:00.000Z,6.903
2026-05-17T16:00:00.000Z,7.974
2026-05-17T17:00:00.000Z,8.459
2026-05-17T18:00:00.000Z,8.222
2026-05-17T19:00:00.000Z,9.069
2026-05-17T20:00:00.000Z,7.930
2026-05-17T21:00:00.000Z,6.709
2026-05-17T22:00:00.000Z,5.539
2026-05-17T23:00:00.000Z,4.988
2026-05-18T00:00:00.000Z,4.963
2026-05-18T01:00:00.000Z,5.180
2026-05-18T02:00:00.000Z,7.332
2026-05-18T03:00:00.000Z,8.532
2026-05-18T04:00:00.000Z,11.664
2026-05-18T05:00:00.000Z,12.706
2026-05-18T06:00:00.000Z,13.067
2026-05-18T07:00:00.000Z,11.844
2026-05-18T08:00:00.000Z,10.041
2026-05-18T09:00:00.000Z,9.950
2026-05-18T10:00:00.000Z,9.502
2026-05-18T11:00:00.000Z,9.635
2026-05-18T12:00:00.000Z,9.817
2026-05-18T13:00:00.000Z,10.217
2026-05-18T14:00:00.000Z,10.985
2026-05-18T15:00:00.000Z,12.404
2026-05-18T16:00:00.000Z,13.688
2026-05-18T17:00:00.000Z,13.231
2026-05-18T18:00:00.000Z,14.470
2026-05-18T19:00:00.000Z,11.006
2026-05-18T20:00:00.000Z,7.778
2026-05-18T21:00:00.000Z,6.335
2026-05-18T22:00:00.000Z,5.005
2026-05-18T23:00:00.000Z,4.612
2026-05-19T00:00:00.000Z,4.326
2026-05-19T01:00:00.000Z,4.196
2026-05-19T02:00:00.000Z,4.079
2026-05-19T03:00:00.000Z,4.341
2026-05-19T04:00:00.000Z,5.231
2026-05-19T05:00:00.000Z,7.674
2026-05-19T06:00:00.000Z,9.390
2026-05-19T07:00:00.000Z,9.115
2026-05-19T08:00:00.000Z,8.676
2026-05-19T09:00:00.000Z,6.558
2026-05-19T10:00:00.000Z,5.818
2026-05-19T11:00:00.000Z,5.695
2026-05-19T12:00:00.000Z,5.540
2026-05-19T13:00:00.000Z,5.713
2026-05-19T14:00:00.000Z,5.564
2026-05-19T15:00:00.000Z,5.129
2026-05-19T16:00:00.000Z,4.202
2026-05-19T17:00:00.000Z,4.141
2026-05-19T18:00:00.000Z,3.629
2026-05-19T19:00:00.000Z,3.435
2026-05-19T20:00:00.000Z,3.021
2026-05-19T21:00:00.000Z,2.400
2026-05-19T22:00:00.000Z,1.000
2026-05-19T23:00:00.000Z,1.172
2026-05-20T00:00:00.000Z,1.677
2026-05-20T01:00:00.000Z,2.289
2026-05-20T02:00:00.000Z,3.150
2026-05-20T03:00:00.000Z,4.026
2026-05-20T04:00:00.000Z,4.969
2026-05-20T05:00:00.000Z,6.170
2026-05-20T06:00:00.000Z,7.544
2026-05-20T07:00:00.000Z,7.943
2026-05-20T08:00:00.000Z,5.879
2026-05-20T09:00:00.000Z,5.489
2026-05-20T10:00:00.000Z,5.672
2026-05-20T11:00:00.000Z,4.565
2026-05-20T12:00:00.000Z,3.988
2026-05-20T13:00:00.000Z,4.679
2026-05-20T14:00:00.000Z,5.520
2026-05-20T15:00:00.000Z,5.984
2026-05-20T16:00:00.000Z,6.139
2026-05-20T17:00:00.000Z,6.042
2026-05-20T18:00:00.000Z,5.380
2026-05-20T19:00:00.000Z,4.864
2026-05-20T20:00:00.000Z,4.368
2026-05-20T21:00:00.000Z,3.186
2026-05-20T22:00:00.000Z,2.672
2026-05-20T23:00:00.000Z,2.787
2026-05-21T00:00:00.000Z,2.864
2026-05-21T01:00:00.000Z,2.866
2026-05-21T02:00:00.000Z,4.316
2026-05-21T03:00:00.000Z,6.172
2026-05-21T04:00:00.000Z,7.065
2026-05-21T05:00:00.000Z,11.451
2026-05-21T06:00:00.000Z,11.371
2026-05-21T07:00:00.000Z,9.061
2026-05-21T08:00:00.000Z,7.448
2026-05-21T09:00:00.000Z,5.014
2026-05-21T10:00:00.000Z,4.246
2026-05-21T11:00:00.000Z,3.723
2026-05-21T12:00:00.000Z,3.342
2026-05-21T13:00:00.000Z,4.168
2026-05-21T14:00:00.000Z,7.012
2026-05-21T15:00:00.000Z,9.022
2026-05-21T16:00:00.000Z,11.898
2026-05-21T17:00:00.000Z,12.635
2026-05-21T18:00:00.000Z,13.663
2026-05-21T19:00:00.000Z,12.703
2026-05-21T20:00:00.000Z,11.400
2026-05-21T21:00:00.000Z,8.203
2026-05-21T22:00:00.000Z,7.047
2026-05-21T23:00:00.000Z,6.893
2026-05-22T00:00:00.000Z,6.866
2026-05-22T01:00:00.000Z,6.900
2026-05-22T02:00:00.000Z,6.870
2026-05-22T03:00:00.000Z,9.544
2026-05-22T04:00:00.000Z,11.502
2026-05-22T05:00:00.000Z,12.385
2026-05-22T06:00:00.000Z,11.885
2026-05-22T07:00:00.000Z,8.894
2026-05-22T08:00:00.000Z,4.754
2026-05-22T09:00:00.000Z,3.799
2026-05-22T10:00:00.000Z,2.883
2026-05-22T11:00:00.000Z,2.574
2026-05-22T12:00:00.000Z,2.033
2026-05-22T13:00:00.000Z,2.674
2026-05-22T14:00:00.000Z,5.185
2026-05-22T15:00:00.000Z,7.082
2026-05-22T16:00:00.000Z,9.174
2026-05-22T17:00:00.000Z,10.497
2026-05-22T18:00:00.000Z,10.114
2026-05-22T19:00:00.000Z,10.049
2026-05-22T20:00:00.000Z,4.705
2026-05-22T21:00:00.000Z,3.162
2026-05-22T22:00:00.000Z,3.808
2026-05-22T23:00:00.000Z,3.778
2026-05-23T00:00:00.000Z,3.766
2026-05-23T01:00:00.000Z,3.772
2026-05-23T02:00:00.000Z,3.960
2026-05-23T03:00:00.000Z,4.085
2026-05-23T04:00:00.000Z,4.108
2026-05-23T05:00:00.000Z,4.291
2026-05-23T06:00:00.000Z,3.217
2026-05-23T07:00:00.000Z,0.542
2026-05-23T08:00:00.000Z,0.310
2026-05-23T09:00:00.000Z,0.243
2026-05-23T10:00:00.000Z,0.191
2026-05-23T11:00:00.000Z,0.235
2026-05-23T12:00:00.000Z,0.145
2026-05-23T13:00:00.000Z,0.111
2026-05-23T14:00:00.000Z,0.203
2026-05-23T15:00:00.000Z,0.972
2026-05-23T16:00:00.000Z,2.229
2026-05-23T17:00:00.000Z,3.194
2026-05-23T18:00:00.000Z,2.137
2026-05-23T19:00:00.000Z,2.755
2026-05-23T20:00:00.000Z,2.104
2026-05-23T21:00:00.000Z,0.581
2026-05-23T22:00:00.000Z,1.500
2026-05-23T23:00:00.000Z,0.583
2026-05-24T00:00:00.000Z,0.334
2026-05-24T01:00:00.000Z,0.241
2026-05-24T02:00:00.000Z,0.225
2026-05-24T03:00:00.000Z,0.217
2026-05-24T04:00:00.000Z,0.209
2026-05-24T05:00:00.000Z,0.193
2026-05-24T06:00:00.000Z,0.158
2026-05-24T07:00:00.000Z,-0.002
2026-05-24T08:00:00.000Z,-0.110
2026-05-24T09:00:00.000Z,-0.334
2026-05-24T10:00:00.000Z,-0.614
2026-05-24T11:00:00.000Z,-0.857
2026-05-24T12:00:00.000Z,-0.957
2026-05-24T13:00:00.000Z,-0.621
2026-05-24T14:00:00.000Z,-0.070
2026-05-24T15:00:00.000Z,0.122
2026-05-24T16:00:00.000Z,0.252
2026-05-24T17:00:00.000Z,0.322
2026-05-24T18:00:00.000Z,0.288
2026-05-24T19:00:00.000Z,0.221
2026-05-24T20:00:00.000Z,0.125
2026-05-24T21:00:00.000Z,0.168
2026-05-24T22:00:00.000Z,0.014
2026-05-24T23:00:00.000Z,0.001
2026-05-25T00:00:00.000Z,0.001
2026-05-25T01:00:00.000Z,0.000
2026-05-25T02:00:00.000Z,0.006
2026-05-25T03:00:00.000Z,0.172
2026-05-25T04:00:00.000Z,0.251
2026-05-25T05:00:00.000Z,0.329
2026-05-25T06:00:00.000Z,0.321
2026-05-25T07:00:00.000Z,0.218
2026-05-25T08:00:00.000Z,0.006
2026-05-25T09:00:00.000Z,-0.005
2026-05-25T10:00:00.000Z,-0.034
2026-05-25T11:00:00.000Z,-0.067
2026-05-25T12:00:00.000Z,-0.003
2026-05-25T13:00:00.000Z,-0.001
2026-05-25T14:00:00.000Z,0.087
2026-05-25T15:00:00.000Z,0.465
2026-05-25T16:00:00.000Z,2.168
2026-05-25T17:00:00.000Z,1.277
2026-05-25T18:00:00.000Z,1.049
2026-05-25T19:00:00.000Z,1.389
2026-05-25T20:00:00.000Z,1.307
2026-05-25T21:00:00.000Z,2.519
2026-05-25T22:00:00.000Z,2.110
2026-05-25T23:00:00.000Z,1.621
2026-05-26T00:00:00.000Z,1.957
2026-05-26T01:00:00.000Z,2.438
2026-05-26T02:00:00.000Z,3.022
2026-05-26T03:00:00.000Z,3.324
2026-05-26T04:00:00.000Z,6.665
2026-05-26T05:00:00.000Z,6.320
2026-05-26T06:00:00.000Z,3.935
2026-05-26T07:00:00.000Z,2.635
2026-05-26T08:00:00.000Z,0.755
2026-05-26T09:00:00.000Z,0.435
2026-05-26T10:00:00.000Z,0.387
2026-05-26T11:00:00.000Z,0.313
2026-05-26T12:00:00.000Z,0.281
2026-05-26T13:00:00.000Z,0.253
2026-05-26T14:00:00.000Z,0.470
2026-05-26T15:00:00.000Z,2.187
2026-05-26T16:00:00.000Z,3.512
2026-05-26T17:00:00.000Z,4.590
2026-05-26T18:00:00.000Z,4.946
2026-05-26T19:00:00.000Z,4.744
2026-05-26T20:00:00.000Z,3.293
2026-05-26T21:00:00.000Z,2.938
2026-05-26T22:00:00.000Z,2.756
2026-05-26T23:00:00.000Z,2.629
2026-05-27T00:00:00.000Z,2.643
2026-05-27T01:00:00.000Z,2.630
2026-05-27T02:00:00.000Z,2.643
2026-05-27T03:00:00.000Z,2.783
2026-05-27T04:00:00.000Z,3.066
2026-05-27T05:00:00.000Z,2.753
2026-05-27T06:00:00.000Z,1.552
2026-05-27T07:00:00.000Z,0.634
2026-05-27T08:00:00.000Z,0.259
2026-05-27T09:00:00.000Z,0.127
2026-05-27T10:00:00.000Z,0.079
2026-05-27T11:00:00.000Z,0.045
2026-05-27T12:00:00.000Z,0.066
2026-05-27T13:00:00.000Z,0.069
2026-05-27T14:00:00.000Z,0.122
2026-05-27T15:00:00.000Z,0.466
2026-05-27T16:00:00.000Z,1.392
2026-05-27T17:00:00.000Z,0.676
2026-05-27T18:00:00.000Z,0.482
2026-05-27T19:00:00.000Z,0.500
2026-05-27T20:00:00.000Z,0.481
2026-05-27T21:00:00.000Z,0.422
2026-05-27T22:00:00.000Z,0.307
2026-05-27T23:00:00.000Z,0.277
2026-05-28T00:00:00.000Z,0.236
2026-05-28T01:00:00.000Z,0.223
2026-05-28T02:00:00.000Z,0.228
2026-05-28T03:00:00.000Z,0.402
2026-05-28T04:00:00.000Z,0.519
2026-05-28T05:00:00.000Z,0.616
2026-05-28T06:00:00.000Z,0.628
2026-05-28T07:00:00.000Z,0.472
2026-05-28T08:00:00.000Z,0.448
2026-05-28T09:00:00.000Z,0.227
2026-05-28T10:00:00.000Z,0.197
2026-05-28T11:00:00.000Z,0.191
2026-05-28T12:00:00.000Z,0.196
2026-05-28T13:00:00.000Z,0.279
2026-05-28T14:00:00.000Z,0.657
2026-05-28T15:00:00.000Z,1.626
2026-05-28T16:00:00.000Z,5.876
2026-05-28T17:00:00.000Z,8.501
2026-05-28T18:00:00.000Z,7.509
2026-05-28T19:00:00.000Z,7.012
2026-05-28T20:00:00.000Z,4.340
2026-05-28T21:00:00.000Z,1.232
2026-05-28T22:00:00.000Z,1.187
2026-05-28T23:00:00.000Z,1.161
2026-05-29T00:00:00.000Z,1.022
2026-05-29T01:00:00.000Z,1.161
2026-05-29T02:00:00.000Z,2.000
2026-05-29T03:00:00.000Z,3.846
2026-05-29T04:00:00.000Z,4.510
2026-05-29T05:00:00.000Z,4.774
2026-05-29T06:00:00.000Z,4.371
2026-05-29T07:00:00.000Z,3.991
2026-05-29T08:00:00.000Z,2.012
2026-05-29T09:00:00.000Z,0.940
2026-05-29T10:00:00.000Z,0.944
2026-05-29T11:00:00.000Z,0.847
2026-05-29T12:00:00.000Z,0.807
2026-05-29T13:00:00.000Z,1.289
2026-05-29T14:00:00.000Z,4.115
2026-05-29T15:00:00.000Z,5.993
2026-05-29T16:00:00.000Z,8.092
2026-05-29T17:00:00.000Z,10.950
2026-05-29T18:00:00.000Z,10.000
2026-05-29T19:00:00.000Z,10.008
2026-05-29T20:00:00.000Z,9.529
2026-05-29T21:00:00.000Z,5.525
2026-05-29T22:00:00.000Z,8.003
2026-05-29T23:00:00.000Z,5.663
2026-05-30T00:00:00.000Z,5.000
2026-05-30T01:00:00.000Z,4.540
2026-05-30T02:00:00.000Z,3.627
2026-05-30T03:00:00.000Z,4.694
2026-05-30T04:00:00.000Z,5.123
2026-05-30T05:00:00.000Z,5.943
2026-05-30T06:00:00.000Z,6.375
2026-05-30T07:00:00.000Z,3.759
2026-05-30T08:00:00.000Z,2.163
2026-05-30T09:00:00.000Z,2.181
2026-05-30T10:00:00.000Z,2.251
2026-05-30T11:00:00.000Z,2.194
2026-05-30T12:00:00.000Z,2.155
2026-05-30T13:00:00.000Z,2.205
2026-05-30T14:00:00.000Z,2.485
2026-05-30T15:00:00.000Z,5.953
2026-05-30T16:00:00.000Z,9.077
2026-05-30T17:00:00.000Z,10.433
2026-05-30T18:00:00.000Z,7.854
2026-05-30T19:00:00.000Z,6.755
2026-05-30T20:00:00.000Z,4.242
2026-05-30T21:00:00.000Z,3.913
2026-05-30T22:00:00.000Z,5.914
2026-05-30T23:00:00.000Z,6.148
2026-05-31T00:00:00.000Z,6.146
2026-05-31T01:00:00.000Z,6.145
2026-05-31T02:00:00.000Z,6.184
2026-05-31T03:00:00.000Z,6.361
2026-05-31T04:00:00.000Z,6.753
2026-05-31T05:00:00.000Z,7.937
2026-05-31T06:00:00.000Z,7.834
2026-05-31T07:00:00.000Z,5.472
2026-05-31T08:00:00.000Z,3.816
2026-05-31T09:00:00.000Z,3.849
2026-05-31T10:00:00.000Z,3.838
2026-05-31T11:00:00.000Z,3.884
2026-05-31T12:00:00.000Z,3.898
2026-05-31T13:00:00.000Z,4.073
2026-05-31T14:00:00.000Z,5.342
2026-05-31T15:00:00.000Z,8.934
2026-05-31T16:00:00.000Z,10.700
2026-05-31T17:00:00.000Z,10.910
2026-05-31T18:00:00.000Z,10.809
2026-05-31T19:00:00.000Z,10.790
2026-05-31T20:00:00.000Z,9.946
2026-05-31T21:00:00.000Z,6.461
2026-05-31T22:00:00.000Z,8.810
2026-05-31T23:00:00.000Z,9.134
2026-06-01T00:00:00.000Z,9.134
2026-06-01T01:00:00.000Z,9.142
2026-06-01T02:00:00.000Z,9.178
2026-06-01T03:00:00.000Z,8.387
2026-06-01T04:00:00.000Z,13.234
2026-06-01T05:00:00.000Z,14.410
2026-06-01T06:00:00.000Z,13.697
2026-06-01T07:00:00.000Z,12.843
2026-06-01T08:00:00.000Z,11.513
2026-06-01T09:00:00.000Z,10.688
2026-06-01T10:00:00.000Z,9.435
2026-06-01T11:00:00.000Z,9.177
2026-06-01T12:00:00.000Z,8.747
2026-06-01T13:00:00.000Z,9.384
2026-06-01T14:00:00.000Z,9.504
2026-06-01T15:00:00.000Z,10.829
2026-06-01T16:00:00.000Z,12.788
2026-06-01T17:00:00.000Z,18.196
2026-06-01T18:00:00.000Z,22.749
2026-06-01T19:00:00.000Z,18.632
2026-06-01T20:00:00.000Z,16.413
2026-06-01T21:00:00.000Z,9.897
2026-06-01T22:00:00.000Z,12.446
2026-06-01T23:00:00.000Z,12.169
2026-06-02T00:00:00.000Z,11.960
2026-06-02T01:00:00.000Z,11.820
2026-06-02T02:00:00.000Z,11.998
2026-06-02T03:00:00.000Z,10.843
2026-06-02T04:00:00.000Z,12.713
2026-06-02T05:00:00.000Z,13.290
2026-06-02T06:00:00.000Z,12.369
2026-06-02T07:00:00.000Z,10.744
2026-06-02T08:00:00.000Z,9.260
2026-06-02T09:00:00.000Z,8.774
2026-06-02T10:00:00.000Z,8.573
2026-06-02T11:00:00.000Z,8.768
2026-06-02T12:00:00.000Z,9.353
2026-06-02T13:00:00.000Z,10.284
2026-06-02T14:00:00.000Z,11.603
2026-06-02T15:00:00.000Z,13.268
2026-06-02T16:00:00.000Z,14.899
2026-06-02T17:00:00.000Z,15.959
2026-06-02T18:00:00.000Z,15.366
2026-06-02T19:00:00.000Z,16.881
2026-06-02T20:00:00.000Z,15.100
2026-06-02T21:00:00.000Z,12.455
2026-06-02T22:00:00.000Z,12.389
2026-06-02T23:00:00.000Z,11.484
2026-06-03T00:00:00.000Z,11.046
2026-06-03T01:00:00.000Z,11.096
2026-06-03T02:00:00.000Z,11.260
2026-06-03T03:00:00.000Z,11.482
2026-06-03T04:00:00.000Z,13.368
2026-06-03T05:00:00.000Z,14.010
2026-06-03T06:00:00.000Z,13.401
2026-06-03T07:00:00.000Z,11.512
2026-06-03T08:00:00.000Z,9.512
2026-06-03T09:00:00.000Z,7.942
2026-06-03T10:00:00.000Z,6.827
2026-06-03T11:00:00.000Z,6.490
2026-06-03T12:00:00.000Z,6.121
2026-06-03T13:00:00.000Z,6.341
2026-06-03T14:00:00.000Z,7.755
2026-06-03T15:00:00.000Z,9.416
2026-06-03T16:00:00.000Z,11.700
2026-06-03T17:00:00.000Z,11.770
2026-06-03T18:00:00.000Z,11.763
2026-06-03T19:00:00.000Z,10.233
2026-06-03T20:00:00.000Z,8.647
2026-06-03T21:00:00.000Z,4.951
2026-06-03T22:00:00.000Z,4.505
2026-06-03T23:00:00.000Z,3.905
2026-06-04T00:00:00.000Z,3.543
2026-06-04T01:00:00.000Z,3.388
2026-06-04T02:00:00.000Z,3.340
2026-06-04T03:00:00.000Z,4.201
2026-06-04T04:00:00.000Z,5.519
2026-06-04T05:00:00.000Z,8.313
2026-06-04T06:00:00.000Z,6.988
2026-06-04T07:00:00.000Z,4.148
2026-06-04T08:00:00.000Z,1.888
2026-06-04T09:00:00.000Z,0.925
2026-06-04T10:00:00.000Z,0.994
2026-06-04T11:00:00.000Z,0.983
2026-06-04T12:00:00.000Z,0.957
2026-06-04T13:00:00.000Z,1.198
2026-06-04T14:00:00.000Z,3.147
2026-06-04T15:00:00.000Z,5.368
2026-06-04T16:00:00.000Z,7.175
2026-06-04T17:00:00.000Z,7.607
2026-06-04T18:00:00.000Z,5.358
2026-06-04T19:00:00.000Z,4.295
2026-06-04T20:00:00.000Z,3.476
2026-06-04T21:00:00.000Z,1.430
2026-06-04T22:00:00.000Z,0.406
2026-06-04T23:00:00.000Z,0.492
2026-06-05T00:00:00.000Z,0.496
2026-06-05T01:00:00.000Z,0.201
2026-06-05T02:00:00.000Z,0.492
2026-06-05T03:00:00.000Z,1.693
2026-06-05T04:00:00.000Z,3.625
2026-06-05T05:00:00.000Z,3.977
2026-06-05T06:00:00.000Z,3.633
2026-06-05T07:00:00.000Z,2.210
2026-06-05T08:00:00.000Z,1.076
2026-06-05T09:00:00.000Z,0.996
2026-06-05T10:00:00.000Z,0.986
2026-06-05T11:00:00.000Z,0.646
2026-06-05T12:00:00.000Z,0.869
2026-06-05T13:00:00.000Z,1.011
2026-06-05T14:00:00.000Z,2.500
2026-06-05T15:00:00.000Z,5.015
2026-06-05T16:00:00.000Z,9.034
2026-06-05T17:00:00.000Z,10.547
2026-06-05T18:00:00.000Z,11.696
2026-06-05T19:00:00.000Z,12.584
2026-06-05T20:00:00.000Z,11.570
2026-06-05T21:00:00.000Z,10.613
2026-06-05T22:00:00.000Z,7.686
2026-06-05T23:00:00.000Z,6.949
2026-06-06T00:00:00.000Z,9.256
2026-06-06T01:00:00.000Z,10.025
2026-06-06T02:00:00.000Z,10.000
2026-06-06T03:00:00.000Z,10.709
2026-06-06T04:00:00.000Z,10.852
2026-06-06T05:00:00.000Z,9.950
2026-06-06T06:00:00.000Z,7.769
2026-06-06T07:00:00.000Z,5.205
2026-06-06T08:00:00.000Z,4.183
2026-06-06T09:00:00.000Z,3.824
2026-06-06T10:00:00.000Z,3.831
2026-06-06T11:00:00.000Z,3.656
2026-06-06T12:00:00.000Z,3.594
2026-06-06T13:00:00.000Z,3.516
2026-06-06T14:00:00.000Z,4.702
2026-06-06T15:00:00.000Z,8.339
2026-06-06T16:00:00.000Z,10.815
2026-06-06T17:00:00.000Z,9.479
2026-06-06T18:00:00.000Z,6.128
2026-06-06T19:00:00.000Z,5.001
2026-06-06T20:00:00.000Z,4.063
2026-06-06T21:00:00.000Z,2.453
2026-06-06T22:00:00.000Z,0.556
2026-06-06T23:00:00.000Z,0.490
2026-06-07T00:00:00.000Z,0.484
2026-06-07T01:00:00.000Z,0.511
2026-06-07T02:00:00.000Z,0.622
2026-06-07T03:00:00.000Z,0.929
2026-06-07T04:00:00.000Z,0.497
2026-06-07T05:00:00.000Z,0.107
2026-06-07T06:00:00.000Z,0.147
2026-06-07T07:00:00.000Z,0.128
2026-06-07T08:00:00.000Z,0.111
2026-06-07T09:00:00.000Z,0.144
2026-06-07T10:00:00.000Z,0.117
2026-06-07T11:00:00.000Z,0.123
2026-06-07T12:00:00.000Z,0.106
2026-06-07T13:00:00.000Z,0.122
2026-06-07T14:00:00.000Z,0.381
2026-06-07T15:00:00.000Z,0.836
2026-06-07T16:00:00.000Z,4.622
2026-06-07T17:00:00.000Z,5.048
2026-06-07T18:00:00.000Z,4.909
2026-06-07T19:00:00.000Z,4.642
2026-06-07T20:00:00.000Z,4.170
2026-06-07T21:00:00.000Z,3.539
2026-06-07T22:00:00.000Z,3.792
2026-06-07T23:00:00.000Z,3.767
2026-06-08T00:00:00.000Z,3.648
2026-06-08T01:00:00.000Z,3.866
2026-06-08T02:00:00.000Z,4.429
2026-06-08T03:00:00.000Z,6.897
2026-06-08T04:00:00.000Z,9.633
2026-06-08T05:00:00.000Z,13.946
2026-06-08T06:00:00.000Z,13.113
2026-06-08T07:00:00.000Z,11.447
2026-06-08T08:00:00.000Z,10.078
2026-06-08T09:00:00.000Z,8.752
2026-06-08T10:00:00.000Z,9.021
2026-06-08T11:00:00.000Z,8.594
2026-06-08T12:00:00.000Z,8.736
2026-06-08T13:00:00.000Z,9.701
2026-06-08T14:00:00.000Z,10.620
2026-06-08T15:00:00.000Z,13.001
2026-06-08T16:00:00.000Z,15.791
2026-06-08T17:00:00.000Z,20.591
2026-06-08T18:00:00.000Z,18.459
2026-06-08T19:00:00.000Z,18.260
2026-06-08T20:00:00.000Z,14.810
2026-06-08T21:00:00.000Z,10.433
2026-06-08T22:00:00.000Z,10.039
2026-06-08T23:00:00.000Z,9.345
2026-06-09T00:00:00.000Z,8.821
2026-06-09T01:00:00.000Z,8.852
2026-06-09T02:00:00.000Z,8.905
2026-06-09T03:00:00.000Z,11.354
2026-06-09T04:00:00.000Z,13.824
2026-06-09T05:00:00.000Z,14.679
2026-06-09T06:00:00.000Z,13.074
2026-06-09T07:00:00.000Z,11.217
2026-06-09T08:00:00.000Z,9.006
2026-06-09T09:00:00.000Z,6.871
2026-06-09T10:00:00.000Z,4.469
2026-06-09T11:00:00.000Z,4.288
2026-06-09T12:00:00.000Z,4.063
2026-06-09T13:00:00.000Z,4.001
2026-06-09T14:00:00.000Z,4.518
2026-06-09T15:00:00.000Z,9.575
2026-06-09T16:00:00.000Z,13.483
2026-06-09T17:00:00.000Z,14.779
2026-06-09T18:00:00.000Z,10.674
2026-06-09T19:00:00.000Z,6.996
2026-06-09T20:00:00.000Z,5.191
2026-06-09T21:00:00.000Z,4.519
2026-06-09T22:00:00.000Z,4.000
2026-06-09T23:00:00.000Z,3.844
2026-06-10T00:00:00.000Z,3.825
2026-06-10T01:00:00.000Z,3.877
2026-06-10T02:00:00.000Z,3.762
2026-06-10T03:00:00.000Z,4.470
2026-06-10T04:00:00.000Z,5.233
2026-06-10T05:00:00.000Z,6.145
2026-06-10T06:00:00.000Z,5.887
2026-06-10T07:00:00.000Z,4.487
2026-06-10T08:00:00.000Z,3.696
2026-06-10T09:00:00.000Z,2.715
2026-06-10T10:00:00.000Z,1.950
2026-06-10T11:00:00.000Z,1.396
2026-06-10T12:00:00.000Z,1.019
2026-06-10T13:00:00.000Z,0.742
2026-06-10T14:00:00.000Z,0.717
2026-06-10T15:00:00.000Z,1.046
2026-06-10T16:00:00.000Z,1.833
2026-06-10T17:00:00.000Z,2.371
2026-06-10T18:00:00.000Z,2.375
2026-06-10T19:00:00.000Z,2.349
2026-06-10T20:00:00.000Z,2.174
2026-06-10T21:00:00.000Z,1.639
2026-06-10T22:00:00.000Z,0.421
2026-06-10T23:00:00.000Z,0.390
2026-06-11T00:00:00.000Z,0.406
2026-06-11T01:00:00.000Z,0.436
2026-06-11T02:00:00.000Z,0.711
2026-06-11T03:00:00.000Z,2.748
2026-06-11T04:00:00.000Z,4.001
2026-06-11T05:00:00.000Z,4.453
2026-06-11T06:00:00.000Z,4.578
2026-06-11T07:00:00.000Z,4.667
2026-06-11T08:00:00.000Z,5.205
2026-06-11T09:00:00.000Z,5.568
2026-06-11T10:00:00.000Z,6.059
2026-06-11T11:00:00.000Z,5.714
2026-06-11T12:00:00.000Z,4.935
2026-06-11T13:00:00.000Z,6.218
2026-06-11T14:00:00.000Z,8.549
2026-06-11T15:00:00.000Z,11.461
2026-06-11T16:00:00.000Z,13.979
2026-06-11T17:00:00.000Z,15.124
2026-06-11T18:00:00.000Z,15.199
2026-06-11T19:00:00.000Z,13.903
2026-06-11T20:00:00.000Z,9.237
2026-06-11T21:00:00.000Z,7.809
2026-06-11T22:00:00.000Z,4.772
2026-06-11T23:00:00.000Z,4.129
2026-06-12T00:00:00.000Z,3.929
2026-06-12T01:00:00.000Z,3.917
2026-06-12T02:00:00.000Z,3.794
2026-06-12T03:00:00.000Z,4.007
2026-06-12T04:00:00.000Z,4.293
2026-06-12T05:00:00.000Z,4.442
2026-06-12T06:00:00.000Z,4.651
2026-06-12T07:00:00.000Z,4.295
2026-06-12T08:00:00.000Z,4.037
2026-06-12T09:00:00.000Z,3.790
2026-06-12T10:00:00.000Z,3.658
2026-06-12T11:00:00.000Z,3.545
2026-06-12T12:00:00.000Z,2.902
2026-06-12T13:00:00.000Z,2.531
2026-06-12T14:00:00.000Z,2.284
2026-06-12T15:00:00.000Z,2.486
2026-06-12T16:00:00.000Z,2.633
2026-06-12T17:00:00.000Z,3.061
2026-06-12T18:00:00.000Z,2.870
2026-06-12T19:00:00.000Z,2.832
2026-06-12T20:00:00.000Z,2.122
2026-06-12T21:00:00.000Z,1.092
2026-06-12T22:00:00.000Z,0.866
2026-06-12T23:00:00.000Z,0.888
2026-06-13T00:00:00.000Z,0.880
2026-06-13T01:00:00.000Z,1.166
2026-06-13T02:00:00.000Z,1.428
2026-06-13T03:00:00.000Z,1.744
2026-06-13T04:00:00.000Z,2.500
2026-06-13T05:00:00.000Z,1.373
2026-06-13T06:00:00.000Z,0.534
2026-06-13T07:00:00.000Z,0.963
2026-06-13T08:00:00.000Z,1.045
2026-06-13T09:00:00.000Z,1.022
2026-06-13T10:00:00.000Z,1.355
2026-06-13T11:00:00.000Z,1.545
2026-06-13T12:00:00.000Z,1.642
2026-06-13T13:00:00.000Z,1.702
2026-06-13T14:00:00.000Z,2.364
2026-06-13T15:00:00.000Z,3.602
2026-06-13T16:00:00.000Z,3.922
2026-06-13T17:00:00.000Z,4.274
2026-06-13T18:00:00.000Z,6.508
2026-06-13T19:00:00.000Z,5.594
2026-06-13T20:00:00.000Z,3.516
2026-06-13T21:00:00.000Z,1.825
2026-06-13T22:00:00.000Z,1.635
2026-06-13T23:00:00.000Z,0.603
2026-06-14T00:00:00.000Z,0.341
2026-06-14T01:00:00.000Z,0.206
2026-06-14T02:00:00.000Z,0.184
2026-06-14T03:00:00.000Z,0.175
2026-06-14T04:00:00.000Z,0.182
2026-06-14T05:00:00.000Z,0.049
2026-06-14T06:00:00.000Z,0.000
2026-06-14T07:00:00.000Z,0.001
2026-06-14T08:00:00.000Z,0.001
2026-06-14T09:00:00.000Z,0.001
2026-06-14T10:00:00.000Z,0.010
2026-06-14T11:00:00.000Z,0.000
2026-06-14T12:00:00.000Z,0.072
2026-06-14T13:00:00.000Z,0.106
2026-06-14T14:00:00.000Z,0.183
2026-06-14T15:00:00.000Z,0.280
2026-06-14T16:00:00.000Z,2.123
2026-06-14T17:00:00.000Z,8.025
2026-06-14T18:00:00.000Z,8.320
2026-06-14T19:00:00.000Z,9.208
2026-06-14T20:00:00.000Z,5.701
2026-06-14T21:00:00.000Z,4.110
2026-06-14T22:00:00.000Z,3.392
2026-06-14T23:00:00.000Z,2.987
2026-06-15T00:00:00.000Z,2.826
2026-06-15T01:00:00.000Z,2.633
2026-06-15T02:00:00.000Z,2.881
2026-06-15T03:00:00.000Z,3.917
2026-06-15T04:00:00.000Z,7.754
2026-06-15T05:00:00.000Z,10.728
2026-06-15T06:00:00.000Z,9.463
2026-06-15T07:00:00.000Z,6.420
2026-06-15T08:00:00.000Z,3.645
2026-06-15T09:00:00.000Z,3.773
2026-06-15T10:00:00.000Z,3.972
2026-06-15T11:00:00.000Z,3.497
2026-06-15T12:00:00.000Z,3.111
2026-06-15T13:00:00.000Z,2.543
2026-06-15T14:00:00.000Z,2.074
2026-06-15T15:00:00.000Z,4.806
2026-06-15T16:00:00.000Z,6.990
2026-06-15T17:00:00.000Z,6.781
2026-06-15T18:00:00.000Z,6.295
2026-06-15T19:00:00.000Z,6.410
2026-06-15T20:00:00.000Z,4.801
2026-06-15T21:00:00.000Z,3.192
2026-06-15T22:00:00.000Z,2.674
2026-06-15T23:00:00.000Z,2.643
2026-06-16T00:00:00.000Z,2.646
2026-06-16T01:00:00.000Z,2.503
2026-06-16T02:00:00.000Z,2.350
2026-06-16T03:00:00.000Z,2.779
2026-06-16T04:00:00.000Z,4.455
2026-06-16T05:00:00.000Z,5.359
2026-06-16T06:00:00.000Z,5.848
2026-06-16T07:00:00.000Z,5.561
2026-06-16T08:00:00.000Z,5.576
2026-06-16T09:00:00.000Z,5.468
2026-06-16T10:00:00.000Z,5.921
2026-06-16T11:00:00.000Z,5.159
2026-06-16T12:00:00.000Z,4.661
2026-06-16T13:00:00.000Z,4.292
2026-06-16T14:00:00.000Z,3.920
2026-06-16T15:00:00.000Z,3.581
2026-06-16T16:00:00.000Z,3.900
2026-06-16T17:00:00.000Z,3.451
2026-06-16T18:00:00.000Z,3.009
2026-06-16T19:00:00.000Z,2.409
2026-06-16T20:00:00.000Z,1.111
2026-06-16T21:00:00.000Z,0.706
2026-06-16T22:00:00.000Z,0.691
2026-06-16T23:00:00.000Z,0.424
2026-06-17T00:00:00.000Z,0.222
2026-06-17T01:00:00.000Z,0.209
2026-06-17T02:00:00.000Z,0.199
2026-06-17T03:00:00.000Z,0.216
2026-06-17T04:00:00.000Z,0.671
2026-06-17T05:00:00.000Z,0.565
2026-06-17T06:00:00.000Z,0.530
2026-06-17T07:00:00.000Z,0.515
2026-06-17T08:00:00.000Z,0.442
2026-06-17T09:00:00.000Z,0.439
2026-06-17T10:00:00.000Z,0.393
2026-06-17T11:00:00.000Z,0.382
2026-06-17T12:00:00.000Z,0.411
2026-06-17T13:00:00.000Z,0.578
2026-06-17T14:00:00.000Z,1.199
2026-06-17T15:00:00.000Z,2.532
2026-06-17T16:00:00.000Z,2.899
2026-06-17T17:00:00.000Z,3.230
2026-06-17T18:00:00.000Z,3.234
2026-06-17T19:00:00.000Z,3.300
2026-06-17T20:00:00.000Z,3.255
2026-06-17T21:00:00.000Z,2.202
2026-06-17T22:00:00.000Z,3.416
2026-06-17T23:00:00.000Z,3.156
2026-06-18T00:00:00.000Z,2.964
2026-06-18T01:00:00.000Z,3.173
2026-06-18T02:00:00.000Z,3.481
2026-06-18T03:00:00.000Z,4.000
2026-06-18T04:00:00.000Z,4.353
2026-06-18T05:00:00.000Z,5.375
2026-06-18T06:00:00.000Z,5.369
2026-06-18T07:00:00.000Z,4.853
2026-06-18T08:00:00.000Z,4.498
2026-06-18T09:00:00.000Z,4.282
2026-06-18T10:00:00.000Z,2.892
2026-06-18T11:00:00.000Z,2.294
2026-06-18T12:00:00.000Z,2.667
2026-06-18T13:00:00.000Z,4.057
2026-06-18T14:00:00.000Z,5.011
2026-06-18T15:00:00.000Z,5.944
2026-06-18T16:00:00.000Z,5.903
2026-06-18T17:00:00.000Z,6.069
2026-06-18T18:00:00.000Z,7.334
2026-06-18T19:00:00.000Z,5.870
2026-06-18T20:00:00.000Z,4.039
2026-06-18T21:00:00.000Z,4.001
2026-06-18T22:00:00.000Z,2.642
2026-06-18T23:00:00.000Z,2.564
2026-06-19T00:00:00.000Z,2.540
2026-06-19T01:00:00.000Z,2.527
2026-06-19T02:00:00.000Z,2.631
2026-06-19T03:00:00.000Z,3.017
2026-06-19T04:00:00.000Z,3.322
2026-06-19T05:00:00.000Z,3.646
2026-06-19T06:00:00.000Z,3.621
2026-06-19T07:00:00.000Z,3.464
2026-06-19T08:00:00.000Z,3.155
2026-06-19T09:00:00.000Z,2.706
2026-06-19T10:00:00.000Z,1.512
2026-06-19T11:00:00.000Z,1.169
2026-06-19T12:00:00.000Z,1.420
2026-06-19T13:00:00.000Z,1.599
2026-06-19T14:00:00.000Z,2.143
2026-06-19T15:00:00.000Z,2.491
2026-06-19T16:00:00.000Z,2.962
2026-06-19T17:00:00.000Z,2.519
2026-06-19T18:00:00.000Z,2.171
2026-06-19T19:00:00.000Z,1.058
2026-06-19T20:00:00.000Z,0.434
2026-06-19T21:00:00.000Z,0.267
2026-06-19T22:00:00.000Z,0.760
2026-06-19T23:00:00.000Z,0.543
2026-06-20T00:00:00.000Z,0.290
2026-06-20T01:00:00.000Z,0.188
2026-06-20T02:00:00.000Z,0.141
2026-06-20T03:00:00.000Z,0.149
2026-06-20T04:00:00.000Z,0.213
2026-06-20T05:00:00.000Z,0.269
2026-06-20T06:00:00.000Z,0.203
2026-06-20T07:00:00.000Z,0.071
2026-06-20T08:00:00.000Z,0.000
2026-06-20T09:00:00.000Z,-0.001
2026-06-20T10:00:00.000Z,-0.002
2026-06-20T11:00:00.000Z,-0.002
2026-06-20T12:00:00.000Z,-0.002
2026-06-20T13:00:00.000Z,-0.002
2026-06-20T14:00:00.000Z,0.039
2026-06-20T15:00:00.000Z,0.174
2026-06-20T16:00:00.000Z,0.187
2026-06-20T17:00:00.000Z,0.186
2026-06-20T18:00:00.000Z,0.124
2026-06-20T19:00:00.000Z,0.123
2026-06-20T20:00:00.000Z,0.028
2026-06-20T21:00:00.000Z,0.000
2026-06-20T22:00:00.000Z,0.000
2026-06-20T23:00:00.000Z,-0.001
2026-06-21T00:00:00.000Z,-0.001
2026-06-21T01:00:00.000Z,-0.001
2026-06-21T02:00:00.000Z,-0.001
2026-06-21T03:00:00.000Z,0.044
2026-06-21T04:00:00.000Z,0.187
2026-06-21T05:00:00.000Z,0.321
2026-06-21T06:00:00.000Z,0.470
2026-06-21T07:00:00.000Z,0.501
2026-06-21T08:00:00.000Z,0.168
2026-06-21T09:00:00.000Z,0.075
2026-06-21T10:00:00.000Z,0.067
2026-06-21T11:00:00.000Z,0.051
2026-06-21T12:00:00.000Z,0.054
2026-06-21T13:00:00.000Z,0.057
2026-06-21T14:00:00.000Z,0.251
2026-06-21T15:00:00.000Z,0.491
2026-06-21T16:00:00.000Z,0.622
2026-06-21T17:00:00.000Z,0.821
2026-06-21T18:00:00.000Z,0.730
2026-06-21T19:00:00.000Z,0.687
2026-06-21T20:00:00.000Z,0.493
2026-06-21T21:00:00.000Z,0.367
2026-06-21T22:00:00.000Z,0.296
2026-06-21T23:00:00.000Z,0.205
2026-06-22T00:00:00.000Z,0.191
2026-06-22T01:00:00.000Z,0.186
2026-06-22T02:00:00.000Z,0.192
2026-06-22T03:00:00.000Z,0.313
2026-06-22T04:00:00.000Z,0.450
2026-06-22T05:00:00.000Z,0.486
2026-06-22T06:00:00.000Z,0.424
2026-06-22T07:00:00.000Z,0.331
2026-06-22T08:00:00.000Z,0.203
2026-06-22T09:00:00.000Z,0.199
2026-06-22T10:00:00.000Z,0.198
2026-06-22T11:00:00.000Z,0.168
2026-06-22T12:00:00.000Z,0.148
2026-06-22T13:00:00.000Z,0.188
2026-06-22T14:00:00.000Z,0.237
2026-06-22T15:00:00.000Z,0.400
2026-06-22T16:00:00.000Z,0.488
2026-06-22T17:00:00.000Z,0.590
2026-06-22T18:00:00.000Z,0.652
2026-06-22T19:00:00.000Z,0.671
2026-06-22T20:00:00.000Z,0.659
2026-06-22T21:00:00.000Z,0.548
2026-06-22T22:00:00.000Z,0.200
2026-06-22T23:00:00.000Z,0.199
2026-06-23T00:00:00.000Z,0.199
2026-06-23T01:00:00.000Z,0.276
2026-06-23T02:00:00.000Z,1.387
2026-06-23T03:00:00.000Z,2.921
2026-06-23T04:00:00.000Z,3.542
2026-06-23T05:00:00.000Z,3.966
2026-06-23T06:00:00.000Z,3.472
2026-06-23T07:00:00.000Z,3.246
2026-06-23T08:00:00.000Z,2.976
2026-06-23T09:00:00.000Z,3.030
2026-06-23T10:00:00.000Z,3.003
2026-06-23T11:00:00.000Z,2.992
2026-06-23T12:00:00.000Z,3.029
2026-06-23T13:00:00.000Z,3.133
2026-06-23T14:00:00.000Z,3.630
2026-06-23T15:00:00.000Z,4.757
2026-06-23T16:00:00.000Z,7.525
2026-06-23T17:00:00.000Z,6.899
2026-06-23T18:00:00.000Z,6.941
2026-06-23T19:00:00.000Z,7.570
2026-06-23T20:00:00.000Z,6.756
2026-06-23T21:00:00.000Z,5.098
2026-06-23T22:00:00.000Z,5.068
2026-06-23T23:00:00.000Z,5.051
2026-06-24T00:00:00.000Z,5.662
2026-06-24T01:00:00.000Z,5.131
2026-06-24T02:00:00.000Z,5.865
2026-06-24T03:00:00.000Z,8.002
2026-06-24T04:00:00.000Z,10.558
2026-06-24T05:00:00.000Z,12.808
2026-06-24T06:00:00.000Z,11.736
2026-06-24T07:00:00.000Z,10.043
2026-06-24T08:00:00.000Z,8.907
2026-06-24T09:00:00.000Z,7.574
2026-06-24T10:00:00.000Z,6.799
2026-06-24T11:00:00.000Z,6.501
2026-06-24T12:00:00.000Z,6.649
2026-06-24T13:00:00.000Z,7.360
2026-06-24T14:00:00.000Z,9.206
2026-06-24T15:00:00.000Z,10.324
2026-06-24T16:00:00.000Z,12.719
2026-06-24T17:00:00.000Z,11.395
2026-06-24T18:00:00.000Z,10.926
2026-06-24T19:00:00.000Z,9.830
2026-06-24T20:00:00.000Z,6.650
2026-06-24T21:00:00.000Z,4.807
2026-06-24T22:00:00.000Z,4.836
2026-06-24T23:00:00.000Z,4.395
2026-06-25T00:00:00.000Z,3.951
2026-06-25T01:00:00.000Z,3.613
2026-06-25T02:00:00.000Z,3.382
2026-06-25T03:00:00.000Z,3.757
2026-06-25T04:00:00.000Z,5.535
2026-06-25T05:00:00.000Z,6.105
2026-06-25T06:00:00.000Z,6.554
2026-06-25T07:00:00.000Z,5.401
2026-06-25T08:00:00.000Z,7.989
2026-06-25T09:00:00.000Z,6.270
2026-06-25T10:00:00.000Z,4.056
2026-06-25T11:00:00.000Z,3.296
2026-06-25T12:00:00.000Z,3.490
2026-06-25T13:00:00.000Z,3.903
2026-06-25T14:00:00.000Z,3.445
2026-06-25T15:00:00.000Z,3.748
2026-06-25T16:00:00.000Z,6.767
2026-06-25T17:00:00.000Z,5.815
2026-06-25T18:00:00.000Z,4.791
2026-06-25T19:00:00.000Z,5.357
2026-06-25T20:00:00.000Z,3.698
2026-06-25T21:00:00.000Z,2.637
2026-06-25T22:00:00.000Z,2.436
2026-06-25T23:00:00.000Z,1.997
2026-06-26T00:00:00.000Z,1.700
2026-06-26T01:00:00.000Z,1.950
2026-06-26T02:00:00.000Z,2.342
2026-06-26T03:00:00.000Z,4.011
2026-06-26T04:00:00.000Z,6.422
2026-06-26T05:00:00.000Z,8.496
2026-06-26T06:00:00.000Z,8.278
2026-06-26T07:00:00.000Z,7.090
2026-06-26T08:00:00.000Z,6.502
2026-06-26T09:00:00.000Z,5.819
2026-06-26T10:00:00.000Z,4.172
2026-06-26T11:00:00.000Z,3.271
2026-06-26T12:00:00.000Z,3.174
2026-06-26T13:00:00.000Z,3.134
2026-06-26T14:00:00.000Z,3.240
2026-06-26T15:00:00.000Z,3.874
2026-06-26T16:00:00.000Z,3.812
2026-06-26T17:00:00.000Z,3.638
2026-06-26T18:00:00.000Z,3.800
2026-06-26T19:00:00.000Z,4.007
2026-06-26T20:00:00.000Z,3.746
2026-06-26T21:00:00.000Z,3.000
2026-06-26T22:00:00.000Z,3.497
2026-06-26T23:00:00.000Z,3.044
2026-06-27T00:00:00.000Z,2.844
2026-06-27T01:00:00.000Z,2.846
2026-06-27T02:00:00.000Z,2.829
2026-06-27T03:00:00.000Z,3.430
2026-06-27T04:00:00.000Z,4.203
2026-06-27T05:00:00.000Z,4.354
2026-06-27T06:00:00.000Z,4.206
2026-06-27T07:00:00.000Z,3.958
2026-06-27T08:00:00.000Z,3.445
2026-06-27T09:00:00.000Z,2.181
2026-06-27T10:00:00.000Z,1.325
2026-06-27T11:00:00.000Z,0.672
2026-06-27T12:00:00.000Z,0.774
2026-06-27T13:00:00.000Z,1.786
2026-06-27T14:00:00.000Z,3.532
2026-06-27T15:00:00.000Z,4.060
2026-06-27T16:00:00.000Z,4.859
2026-06-27T17:00:00.000Z,4.954
2026-06-27T18:00:00.000Z,4.960
2026-06-27T19:00:00.000Z,4.802
2026-06-27T20:00:00.000Z,4.795
2026-06-27T21:00:00.000Z,4.204
2026-06-27T22:00:00.000Z,4.213
2026-06-27T23:00:00.000Z,3.959
2026-06-28T00:00:00.000Z,3.799
2026-06-28T01:00:00.000Z,3.481
2026-06-28T02:00:00.000Z,3.069
2026-06-28T03:00:00.000Z,3.265
2026-06-28T04:00:00.000Z,3.482
2026-06-28T05:00:00.000Z,3.683
2026-06-28T06:00:00.000Z,4.076
2026-06-28T07:00:00.000Z,3.142
2026-06-28T08:00:00.000Z,1.701
2026-06-28T09:00:00.000Z,1.777
2026-06-28T10:00:00.000Z,1.323
2026-06-28T11:00:00.000Z,1.355
2026-06-28T12:00:00.000Z,1.631
2026-06-28T13:00:00.000Z,2.031
2026-06-28T14:00:00.000Z,3.575
2026-06-28T15:00:00.000Z,6.894
2026-06-28T16:00:00.000Z,8.079
2026-06-28T17:00:00.000Z,7.798
2026-06-28T18:00:00.000Z,7.887
2026-06-28T19:00:00.000Z,8.396
2026-06-28T20:00:00.000Z,7.685
2026-06-28T21:00:00.000Z,7.089
2026-06-28T22:00:00.000Z,3.739
2026-06-28T23:00:00.000Z,3.517
2026-06-29T00:00:00.000Z,3.357
2026-06-29T01:00:00.000Z,3.166
2026-06-29T02:00:00.000Z,3.048
2026-06-29T03:00:00.000Z,3.353
2026-06-29T04:00:00.000Z,4.196
2026-06-29T05:00:00.000Z,4.001
2026-06-29T06:00:00.000Z,3.895
2026-06-29T07:00:00.000Z,3.567
2026-06-29T08:00:00.000Z,2.196
2026-06-29T09:00:00.000Z,1.822
2026-06-29T10:00:00.000Z,1.899
2026-06-29T11:00:00.000Z,1.846
2026-06-29T12:00:00.000Z,1.831
2026-06-29T13:00:00.000Z,1.988
2026-06-29T14:00:00.000Z,1.685
2026-06-29T15:00:00.000Z,3.452
2026-06-29T16:00:00.000Z,4.116
2026-06-29T17:00:00.000Z,2.189
2026-06-29T18:00:00.000Z,0.266
2026-06-29T19:00:00.000Z,-0.001
2026-06-29T20:00:00.000Z,-0.100
2026-06-29T21:00:00.000Z,-0.950
2026-06-29T22:00:00.000Z,0.476
2026-06-29T23:00:00.000Z,0.360
2026-06-30T00:00:00.000Z,0.229
2026-06-30T01:00:00.000Z,0.227
2026-06-30T02:00:00.000Z,0.208
2026-06-30T03:00:00.000Z,0.496
2026-06-30T04:00:00.000Z,0.982
2026-06-30T05:00:00.000Z,1.370
2026-06-30T06:00:00.000Z,1.549
2026-06-30T07:00:00.000Z,0.999
2026-06-30T08:00:00.000Z,1.007
2026-06-30T09:00:00.000Z,0.952
2026-06-30T10:00:00.000Z,0.932
2026-06-30T11:00:00.000Z,0.955
2026-06-30T12:00:00.000Z,0.975
2026-06-30T13:00:00.000Z,1.043
2026-06-30T14:00:00.000Z,1.387
2026-06-30T15:00:00.000Z,2.449
2026-06-30T16:00:00.000Z,3.711
2026-06-30T17:00:00.000Z,4.000
2026-06-30T18:00:00.000Z,4.615
2026-06-30T19:00:00.000Z,4.172
2026-06-30T20:00:00.000Z,3.633
2026-06-30T21:00:00.000Z,3.308
2026-06-30T22:00:00.000Z,1.822
2026-06-30T23:00:00.000Z,1.772
2026-07-01T00:00:00.000Z,1.788
2026-07-01T01:00:00.000Z,1.783
2026-07-01T02:00:00.000Z,1.973
2026-07-01T03:00:00.000Z,3.466
2026-07-01T04:00:00.000Z,4.403
2026-07-01T05:00:00.000Z,4.235
2026-07-01T06:00:00.000Z,4.275
2026-07-01T07:00:00.000Z,3.450
2026-07-01T08:00:00.000Z,3.178
2026-07-01T09:00:00.000Z,3.132
2026-07-01T10:00:00.000Z,3.169
2026-07-01T11:00:00.000Z,3.358
2026-07-01T12:00:00.000Z,3.238
2026-07-01T13:00:00.000Z,3.301
2026-07-01T14:00:00.000Z,3.520
2026-07-01T15:00:00.000Z,4.002
2026-07-01T16:00:00.000Z,4.747
2026-07-01T17:00:00.000Z,4.600
2026-07-01T18:00:00.000Z,4.140
2026-07-01T19:00:00.000Z,4.416
2026-07-01T20:00:00.000Z,4.753
2026-07-01T21:00:00.000Z,3.800
2026-07-01T22:00:00.000Z,3.285
2026-07-01T23:00:00.000Z,3.307
2026-07-02T00:00:00.000Z,3.286
2026-07-02T01:00:00.000Z,3.240
2026-07-02T02:00:00.000Z,3.291
2026-07-02T03:00:00.000Z,3.480
2026-07-02T04:00:00.000Z,3.605
2026-07-02T05:00:00.000Z,3.834
2026-07-02T06:00:00.000Z,4.301
2026-07-02T07:00:00.000Z,4.611
2026-07-02T08:00:00.000Z,3.684
2026-07-02T09:00:00.000Z,3.810
2026-07-02T10:00:00.000Z,3.495
2026-07-02T11:00:00.000Z,3.380
2026-07-02T12:00:00.000Z,3.364
2026-07-02T13:00:00.000Z,3.286
2026-07-02T14:00:00.000Z,2.873
2026-07-02T15:00:00.000Z,3.230
2026-07-02T16:00:00.000Z,3.858
2026-07-02T17:00:00.000Z,4.609
2026-07-02T18:00:00.000Z,4.112
2026-07-02T19:00:00.000Z,4.183
2026-07-02T20:00:00.000Z,3.896
2026-07-02T21:00:00.000Z,3.527
2026-07-02T22:00:00.000Z,3.627
2026-07-02T23:00:00.000Z,3.407
2026-07-03T00:00:00.000Z,3.225
2026-07-03T01:00:00.000Z,3.073
2026-07-03T02:00:00.000Z,2.728
2026-07-03T03:00:00.000Z,2.860
2026-07-03T04:00:00.000Z,3.812
2026-07-03T05:00:00.000Z,4.343
2026-07-03T06:00:00.000Z,4.252
2026-07-03T07:00:00.000Z,2.348
2026-07-03T08:00:00.000Z,2.015
2026-07-03T09:00:00.000Z,1.970
2026-07-03T10:00:00.000Z,2.104
2026-07-03T11:00:00.000Z,2.053
2026-07-03T12:00:00.000Z,2.000
2026-07-03T13:00:00.000Z,1.928
2026-07-03T14:00:00.000Z,1.914
2026-07-03T15:00:00.000Z,1.842
2026-07-03T16:00:00.000Z,2.440
2026-07-03T17:00:00.000Z,3.052
2026-07-03T18:00:00.000Z,2.877
2026-07-03T19:00:00.000Z,2.748
2026-07-03T20:00:00.000Z,2.387
2026-07-03T21:00:00.000Z,1.863
2026-07-03T22:00:00.000Z,2.180
2026-07-03T23:00:00.000Z,1.900
2026-07-04T00:00:00.000Z,1.805
2026-07-04T01:00:00.000Z,1.759
2026-07-04T02:00:00.000Z,1.725
2026-07-04T03:00:00.000Z,2.026
2026-07-04T04:00:00.000Z,2.236
2026-07-04T05:00:00.000Z,2.639
2026-07-04T06:00:00.000Z,2.138
2026-07-04T07:00:00.000Z,1.761
2026-07-04T08:00:00.000Z,1.807
2026-07-04T09:00:00.000Z,1.565
2026-07-04T10:00:00.000Z,1.334
2026-07-04T11:00:00.000Z,1.137
2026-07-04T12:00:00.000Z,1.419
2026-07-04T13:00:00.000Z,1.264
2026-07-04T14:00:00.000Z,1.860
2026-07-04T15:00:00.000Z,2.336
2026-07-04T16:00:00.000Z,3.304
2026-07-04T17:00:00.000Z,3.552
2026-07-04T18:00:00.000Z,3.349
2026-07-04T19:00:00.000Z,3.313
2026-07-04T20:00:00.000Z,3.109
2026-07-04T21:00:00.000Z,2.800
2026-07-04T22:00:00.000Z,2.941
2026-07-04T23:00:00.000Z,2.515
2026-07-05T00:00:00.000Z,2.302
2026-07-05T01:00:00.000Z,2.308
2026-07-05T02:00:00.000Z,2.302
2026-07-05T03:00:00.000Z,2.710
2026-07-05T04:00:00.000Z,3.028
2026-07-05T05:00:00.000Z,3.129
2026-07-05T06:00:00.000Z,1.573
2026-07-05T07:00:00.000Z,0.919
2026-07-05T08:00:00.000Z,1.030
2026-07-05T09:00:00.000Z,0.998
2026-07-05T10:00:00.000Z,0.736
2026-07-05T11:00:00.000Z,0.436
2026-07-05T12:00:00.000Z,0.288
2026-07-05T13:00:00.000Z,0.363
2026-07-05T14:00:00.000Z,0.397
2026-07-05T15:00:00.000Z,0.660
2026-07-05T16:00:00.000Z,1.809
2026-07-05T17:00:00.000Z,1.960
2026-07-05T18:00:00.000Z,1.792
2026-07-05T19:00:00.000Z,1.730
2026-07-05T20:00:00.000Z,1.402
2026-07-05T21:00:00.000Z,1.038
2026-07-05T22:00:00.000Z,0.839
2026-07-05T23:00:00.000Z,0.683
2026-07-06T00:00:00.000Z,0.663
2026-07-06T01:00:00.000Z,0.672
2026-07-06T02:00:00.000Z,0.831
2026-07-06T03:00:00.000Z,1.112
2026-07-06T04:00:00.000Z,0.692
2026-07-06T05:00:00.000Z,0.826
2026-07-06T06:00:00.000Z,0.823
2026-07-06T07:00:00.000Z,0.909
2026-07-06T08:00:00.000Z,0.936
2026-07-06T09:00:00.000Z,0.867
2026-07-06T10:00:00.000Z,0.888
2026-07-06T11:00:00.000Z,0.887
2026-07-06T12:00:00.000Z,0.905
2026-07-06T13:00:00.000Z,0.676
2026-07-06T14:00:00.000Z,0.768
2026-07-06T15:00:00.000Z,0.746
2026-07-06T16:00:00.000Z,0.741
2026-07-06T17:00:00.000Z,0.760
2026-07-06T18:00:00.000Z,0.651
2026-07-06T19:00:00.000Z,0.682
2026-07-06T20:00:00.000Z,0.606
2026-07-06T21:00:00.000Z,0.553
2026-07-06T22:00:00.000Z,1.459
2026-07-06T23:00:00.000Z,1.402
2026-07-07T00:00:00.000Z,1.366
2026-07-07T01:00:00.000Z,1.442
2026-07-07T02:00:00.000Z,1.492
2026-07-07T03:00:00.000Z,1.672
2026-07-07T04:00:00.000Z,1.818
2026-07-07T05:00:00.000Z,2.401
2026-07-07T06:00:00.000Z,2.452
2026-07-07T07:00:00.000Z,2.469
2026-07-07T08:00:00.000Z,2.434
2026-07-07T09:00:00.000Z,2.516
2026-07-07T10:00:00.000Z,2.404
2026-07-07T11:00:00.000Z,2.191
2026-07-07T12:00:00.000Z,2.077
2026-07-07T13:00:00.000Z,2.043
2026-07-07T14:00:00.000Z,2.380
2026-07-07T15:00:00.000Z,2.105
2026-07-07T16:00:00.000Z,2.548
2026-07-07T17:00:00.000Z,2.500
2026-07-07T18:00:00.000Z,2.243
2026-07-07T19:00:00.000Z,2.603
2026-07-07T20:00:00.000Z,2.401
2026-07-07T21:00:00.000Z,1.378
2026-07-07T22:00:00.000Z,1.562
2026-07-07T23:00:00.000Z,1.473
2026-07-08T00:00:00.000Z,1.481
2026-07-08T01:00:00.000Z,1.467
2026-07-08T02:00:00.000Z,1.499
2026-07-08T03:00:00.000Z,2.267
2026-07-08T04:00:00.000Z,2.500
2026-07-08T05:00:00.000Z,2.500
2026-07-08T06:00:00.000Z,1.906
2026-07-08T07:00:00.000Z,1.936
2026-07-08T08:00:00.000Z,1.337
2026-07-08T09:00:00.000Z,1.430
2026-07-08T10:00:00.000Z,1.716
2026-07-08T11:00:00.000Z,1.627
2026-07-08T12:00:00.000Z,1.326
2026-07-08T13:00:00.000Z,1.379
2026-07-08T14:00:00.000Z,1.509
2026-07-08T15:00:00.000Z,1.749
2026-07-08T16:00:00.000Z,1.810
2026-07-08T17:00:00.000Z,1.801
2026-07-08T18:00:00.000Z,1.617
2026-07-08T19:00:00.000Z,1.424
2026-07-08T20:00:00.000Z,1.038
2026-07-08T21:00:00.000Z,0.625
2026-07-08T22:00:00.000Z,0.498
2026-07-08T23:00:00.000Z,0.499
2026-07-09T00:00:00.000Z,0.510
2026-07-09T01:00:00.000Z,0.528
2026-07-09T02:00:00.000Z,0.603
2026-07-09T03:00:00.000Z,0.966
2026-07-09T04:00:00.000Z,1.517
2026-07-09T05:00:00.000Z,1.913
2026-07-09T06:00:00.000Z,2.363
2026-07-09T07:00:00.000Z,2.441
2026-07-09T08:00:00.000Z,2.390
2026-07-09T09:00:00.000Z,2.433
2026-07-09T10:00:00.000Z,2.417
2026-07-09T11:00:00.000Z,2.510
2026-07-09T12:00:00.000Z,2.525
2026-07-09T13:00:00.000Z,2.540
2026-07-09T14:00:00.000Z,2.387
2026-07-09T15:00:00.000Z,2.805
2026-07-09T16:00:00.000Z,2.903
2026-07-09T17:00:00.000Z,3.226
2026-07-09T18:00:00.000Z,2.902
2026-07-09T19:00:00.000Z,2.709
2026-07-09T20:00:00.000Z,2.131
2026-07-09T21:00:00.000Z,1.658
2026-07-09T22:00:00.000Z,1.769
2026-07-09T23:00:00.000Z,1.888
2026-07-10T00:00:00.000Z,2.011
2026-07-10T01:00:00.000Z,2.021
2026-07-10T02:00:00.000Z,2.157
2026-07-10T03:00:00.000Z,2.536
2026-07-10T04:00:00.000Z,2.913
2026-07-10T05:00:00.000Z,3.165
2026-07-10T06:00:00.000Z,3.477
2026-07-10T07:00:00.000Z,3.320
2026-07-10T08:00:00.000Z,3.466
2026-07-10T09:00:00.000Z,3.495
2026-07-10T10:00:00.000Z,3.984
2026-07-10T11:00:00.000Z,3.593
2026-07-10T12:00:00.000Z,3.473
2026-07-10T13:00:00.000Z,3.500
2026-07-10T14:00:00.000Z,3.452
2026-07-10T15:00:00.000Z,3.540
2026-07-10T16:00:00.000Z,3.452
2026-07-10T17:00:00.000Z,3.433
2026-07-10T18:00:00.000Z,3.091
2026-07-10T19:00:00.000Z,3.134
2026-07-10T20:00:00.000Z,2.703
2026-07-10T21:00:00.000Z,2.484
2026-07-10T22:00:00.000Z,2.019
2026-07-10T23:00:00.000Z,1.760
2026-07-11T00:00:00.000Z,1.724
2026-07-11T01:00:00.000Z,1.686
2026-07-11T02:00:00.000Z,1.688
2026-07-11T03:00:00.000Z,1.847
2026-07-11T04:00:00.000Z,1.873
2026-07-11T05:00:00.000Z,2.256
2026-07-11T06:00:00.000Z,1.972
2026-07-11T07:00:00.000Z,2.324
2026-07-11T08:00:00.000Z,1.707
2026-07-11T09:00:00.000Z,1.172
2026-07-11T10:00:00.000Z,1.269
2026-07-11T11:00:00.000Z,1.173
2026-07-11T12:00:00.000Z,1.117
2026-07-11T13:00:00.000Z,1.054
2026-07-11T14:00:00.000Z,1.294
2026-07-11T15:00:00.000Z,2.016
2026-07-11T16:00:00.000Z,1.953
2026-07-11T17:00:00.000Z,1.686
2026-07-11T18:00:00.000Z,1.505
2026-07-11T19:00:00.000Z,1.204
2026-07-11T20:00:00.000Z,1.033
2026-07-11T21:00:00.000Z,0.807
2026-07-11T22:00:00.000Z,0.644
2026-07-11T23:00:00.000Z,0.558
2026-07-12T00:00:00.000Z,0.530
2026-07-12T01:00:00.000Z,0.496
2026-07-12T02:00:00.000Z,0.533
2026-07-12T03:00:00.000Z,0.661
2026-07-12T04:00:00.000Z,0.864
2026-07-12T05:00:00.000Z,0.967
2026-07-12T06:00:00.000Z,1.201
2026-07-12T07:00:00.000Z,0.427
2026-07-12T08:00:00.000Z,0.277
2026-07-12T09:00:00.000Z,0.403
2026-07-12T10:00:00.000Z,0.242
2026-07-12T11:00:00.000Z,0.232
2026-07-12T12:00:00.000Z,0.150
2026-07-12T13:00:00.000Z,0.255
2026-07-12T14:00:00.000Z,0.331
2026-07-12T15:00:00.000Z,0.856
2026-07-12T16:00:00.000Z,1.258
2026-07-12T17:00:00.000Z,1.339
2026-07-12T18:00:00.000Z,1.352
2026-07-12T19:00:00.000Z,1.300
2026-07-12T20:00:00.000Z,0.958
2026-07-12T21:00:00.000Z,0.682
2026-07-12T22:00:00.000Z,0.163
2026-07-12T23:00:00.000Z,0.151
2026-07-13T00:00:00.000Z,0.106
2026-07-13T01:00:00.000Z,0.100
2026-07-13T02:00:00.000Z,0.163
2026-07-13T03:00:00.000Z,0.758
2026-07-13T04:00:00.000Z,1.560
2026-07-13T05:00:00.000Z,2.003
2026-07-13T06:00:00.000Z,2.305
2026-07-13T07:00:00.000Z,1.835
2026-07-13T08:00:00.000Z,1.436
2026-07-13T09:00:00.000Z,1.434
2026-07-13T10:00:00.000Z,1.430
2026-07-13T11:00:00.000Z,0.589
2026-07-13T12:00:00.000Z,0.804
2026-07-13T13:00:00.000Z,1.190
2026-07-13T14:00:00.000Z,1.554
2026-07-13T15:00:00.000Z,2.407
2026-07-13T16:00:00.000Z,2.708
2026-07-13T17:00:00.000Z,2.920
2026-07-13T18:00:00.000Z,2.907
2026-07-13T19:00:00.000Z,2.860
2026-07-13T20:00:00.000Z,2.142
2026-07-13T21:00:00.000Z,1.324
2026-07-13T22:00:00.000Z,1.176
2026-07-13T23:00:00.000Z,1.007
2026-07-14T00:00:00.000Z,1.006
2026-07-14T01:00:00.000Z,0.940
2026-07-14T02:00:00.000Z,0.944
2026-07-14T03:00:00.000Z,0.780
2026-07-14T04:00:00.000Z,1.084
2026-07-14T05:00:00.000Z,1.275
2026-07-14T06:00:00.000Z,1.353
2026-07-14T07:00:00.000Z,1.246
2026-07-14T08:00:00.000Z,1.072
2026-07-14T09:00:00.000Z,0.711
2026-07-14T10:00:00.000Z,0.633
2026-07-14T11:00:00.000Z,0.770
2026-07-14T12:00:00.000Z,0.681
2026-07-14T13:00:00.000Z,0.658
2026-07-14T14:00:00.000Z,0.710
2026-07-14T15:00:00.000Z,1.253
2026-07-14T16:00:00.000Z,1.414
2026-07-14T17:00:00.000Z,1.339
2026-07-14T18:00:00.000Z,1.263
2026-07-14T19:00:00.000Z,1.119
2026-07-14T20:00:00.000Z,0.818
2026-07-14T21:00:00.000Z,0.637
2026-07-14T22:00:00.000Z,0.738
2026-07-14T23:00:00.000Z,0.678
2026-07-15T00:00:00.000Z,0.670
2026-07-15T01:00:00.000Z,0.652
2026-07-15T02:00:00.000Z,0.675
2026-07-15T03:00:00.000Z,0.893
2026-07-15T04:00:00.000Z,1.023
2026-07-15T05:00:00.000Z,1.235
2026-07-15T06:00:00.000Z,1.246
2026-07-15T07:00:00.000Z,1.229
2026-07-15T08:00:00.000Z,0.920
2026-07-15T09:00:00.000Z,0.690
2026-07-15T10:00:00.000Z,0.427
2026-07-15T11:00:00.000Z,0.201
2026-07-15T12:00:00.000Z,0.125
2026-07-15T13:00:00.000Z,0.169
2026-07-15T14:00:00.000Z,0.747
2026-07-15T15:00:00.000Z,0.814
2026-07-15T16:00:00.000Z,1.041
2026-07-15T17:00:00.000Z,0.820
2026-07-15T18:00:00.000Z,1.024
2026-07-15T19:00:00.000Z,1.273
2026-07-15T20:00:00.000Z,1.128
2026-07-15T21:00:00.000Z,0.885
2026-07-15T22:00:00.000Z,1.069
2026-07-15T23:00:00.000Z,0.962
2026-07-16T00:00:00.000Z,1.023
2026-07-16T01:00:00.000Z,1.169
2026-07-16T02:00:00.000Z,1.113
2026-07-16T03:00:00.000Z,1.280
2026-07-16T04:00:00.000Z,1.293
2026-07-16T05:00:00.000Z,1.514
2026-07-16T06:00:00.000Z,1.505
2026-07-16T07:00:00.000Z,1.110
2026-07-16T08:00:00.000Z,1.069
2026-07-16T09:00:00.000Z,0.876
2026-07-16T10:00:00.000Z,0.812
2026-07-16T11:00:00.000Z,0.585
2026-07-16T12:00:00.000Z,0.479
2026-07-16T13:00:00.000Z,0.473
2026-07-16T14:00:00.000Z,0.461
2026-07-16T15:00:00.000Z,0.512
2026-07-16T16:00:00.000Z,0.520
2026-07-16T17:00:00.000Z,0.613
2026-07-16T18:00:00.000Z,0.386
2026-07-16T19:00:00.000Z,0.322
2026-07-16T20:00:00.000Z,0.243
2026-07-16T21:00:00.000Z,0.024
2026-07-16T22:00:00.000Z,0.147
2026-07-16T23:00:00.000Z,0.031
2026-07-17T00:00:00.000Z,0.000
2026-07-17T01:00:00.000Z,0.000
2026-07-17T02:00:00.000Z,0.000
2026-07-17T03:00:00.000Z,0.314
2026-07-17T04:00:00.000Z,0.996
2026-07-17T05:00:00.000Z,1.194
2026-07-17T06:00:00.000Z,1.246
2026-07-17T07:00:00.000Z,1.260
2026-07-17T08:00:00.000Z,1.180
2026-07-17T09:00:00.000Z,1.214
2026-07-17T10:00:00.000Z,1.147
2026-07-17T11:00:00.000Z,1.106
2026-07-17T12:00:00.000Z,1.126
2026-07-17T13:00:00.000Z,1.134
2026-07-17T14:00:00.000Z,1.106
2026-07-17T15:00:00.000Z,1.219
2026-07-17T16:00:00.000Z,1.456
2026-07-17T17:00:00.000Z,1.453
2026-07-17T18:00:00.000Z,1.406
2026-07-17T19:00:00.000Z,1.364
2026-07-17T20:00:00.000Z,1.194
2026-07-17T21:00:00.000Z,0.934
2026-07-17T22:00:00.000Z,1.287
2026-07-17T23:00:00.000Z,1.219
2026-07-18T00:00:00.000Z,1.055
2026-07-18T01:00:00.000Z,0.995
2026-07-18T02:00:00.000Z,0.993
2026-07-18T03:00:00.000Z,1.093
2026-07-18T04:00:00.000Z,1.316
2026-07-18T05:00:00.000Z,1.363
2026-07-18T06:00:00.000Z,1.361
2026-07-18T07:00:00.000Z,1.172
2026-07-18T08:00:00.000Z,1.080
2026-07-18T09:00:00.000Z,0.950
2026-07-18T10:00:00.000Z,0.786
2026-07-18T11:00:00.000Z,0.775
2026-07-18T12:00:00.000Z,0.792
2026-07-18T13:00:00.000Z,0.932
2026-07-18T14:00:00.000Z,1.022
2026-07-18T15:00:00.000Z,1.080
2026-07-18T16:00:00.000Z,1.339
2026-07-18T17:00:00.000Z,1.275
2026-07-18T18:00:00.000Z,0.980
2026-07-18T19:00:00.000Z,0.819
2026-07-18T20:00:00.000Z,0.553
2026-07-18T21:00:00.000Z,0.167
2026-07-18T22:00:00.000Z,0.247
2026-07-18T23:00:00.000Z,0.099
2026-07-19T00:00:00.000Z,0.001
2026-07-19T01:00:00.000Z,0.000
2026-07-19T02:00:00.000Z,-0.001
2026-07-19T03:00:00.000Z,-0.001
2026-07-19T04:00:00.000Z,-0.001
2026-07-19T05:00:00.000Z,-0.001
2026-07-19T06:00:00.000Z,0.000
2026-07-19T07:00:00.000Z,0.001
2026-07-19T08:00:00.000Z,0.000
2026-07-19T09:00:00.000Z,0.000
2026-07-19T10:00:00.000Z,0.018
2026-07-19T11:00:00.000Z,0.000
2026-07-19T12:00:00.000Z,0.020
2026-07-19T13:00:00.000Z,0.195
2026-07-19T14:00:00.000Z,0.378
2026-07-19T15:00:00.000Z,0.920
2026-07-19T16:00:00.000Z,1.243
2026-07-19T17:00:00.000Z,1.436
2026-07-19T18:00:00.000Z,1.391
2026-07-19T19:00:00.000Z,1.457
2026-07-19T20:00:00.000Z,1.288
2026-07-19T21:00:00.000Z,1.146
2026-07-19T22:00:00.000Z,1.598
2026-07-19T23:00:00.000Z,1.641
2026-07-20T00:00:00.000Z,1.669
2026-07-20T01:00:00.000Z,1.666
2026-07-20T02:00:00.000Z,1.803
2026-07-20T03:00:00.000Z,1.889
2026-07-20T04:00:00.000Z,2.164
2026-07-20T05:00:00.000Z,2.445
2026-07-20T06:00:00.000Z,2.366
2026-07-20T07:00:00.000Z,2.281
2026-07-20T08:00:00.000Z,2.132
2026-07-20T09:00:00.000Z,1.914
2026-07-20T10:00:00.000Z,1.820
2026-07-20T11:00:00.000Z,1.660
2026-07-20T12:00:00.000Z,1.658
2026-07-20T13:00:00.000Z,1.729
2026-07-20T14:00:00.000Z,1.859
2026-07-20T15:00:00.000Z,2.118
2026-07-20T16:00:00.000Z,2.740
2026-07-20T17:00:00.000Z,2.417
2026-07-20T18:00:00.000Z,2.614
2026-07-20T19:00:00.000Z,2.584
2026-07-20T20:00:00.000Z,2.297
2026-07-20T21:00:00.000Z,2.156
2026-07-20T22:00:00.000Z,2.006
2026-07-20T23:00:00.000Z,1.981
2026-07-21T00:00:00.000Z,1.926
2026-07-21T01:00:00.000Z,1.907
2026-07-21T02:00:00.000Z,1.872
2026-07-21T03:00:00.000Z,1.899
2026-07-21T04:00:00.000Z,2.051
2026-07-21T05:00:00.000Z,2.014
2026-07-21T06:00:00.000Z,2.046
2026-07-21T07:00:00.000Z,2.021
2026-07-21T08:00:00.000Z,1.971
2026-07-21T09:00:00.000Z,1.958
2026-07-21T10:00:00.000Z,2.084
2026-07-21T11:00:00.000Z,1.957
2026-07-21T12:00:00.000Z,1.893
2026-07-21T13:00:00.000Z,1.911
2026-07-21T14:00:00.000Z,1.989
2026-07-21T15:00:00.000Z,2.094
2026-07-21T16:00:00.000Z,2.306
2026-07-21T17:00:00.000Z,2.323
2026-07-21T18:00:00.000Z,2.184
2026-07-21T19:00:00.000Z,2.208
2026-07-21T20:00:00.000Z,2.155
2026-07-21T21:00:00.000Z,2.007
2026-07-21T22:00:00.000Z,1.942
2026-07-21T23:00:00.000Z,1.881
2026-07-22T00:00:00.000Z,1.852
2026-07-22T01:00:00.000Z,1.890
2026-07-22T02:00:00.000Z,1.875
2026-07-22T03:00:00.000Z,2.016
2026-07-22T04:00:00.000Z,2.040
2026-07-22T05:00:00.000Z,2.071
2026-07-22T06:00:00.000Z,2.113
2026-07-22T07:00:00.000Z,2.165
2026-07-22T08:00:00.000Z,2.186
2026-07-22T09:00:00.000Z,2.246
2026-07-22T10:00:00.000Z,2.248
2026-07-22T11:00:00.000Z,2.061
2026-07-22T12:00:00.000Z,2.073
2026-07-22T13:00:00.000Z,2.079
2026-07-22T14:00:00.000Z,2.056
2026-07-22T15:00:00.000Z,2.307
2026-07-22T16:00:00.000Z,2.191
2026-07-22T17:00:00.000Z,2.316
2026-07-22T18:00:00.000Z,1.994
2026-07-22T19:00:00.000Z,1.949
2026-07-22T20:00:00.000Z,1.413
2026-07-22T21:00:00.000Z,0.827
2026-07-22T22:00:00.000Z,0.759
2026-07-22T23:00:00.000Z,0.709
2026-07-23T00:00:00.000Z,0.621
2026-07-23T01:00:00.000Z,0.583
2026-07-23T02:00:00.000Z,0.652
2026-07-23T03:00:00.000Z,1.033
2026-07-23T04:00:00.000Z,1.346
2026-07-23T05:00:00.000Z,1.849
2026-07-23T06:00:00.000Z,1.907
2026-07-23T07:00:00.000Z,2.039
2026-07-23T08:00:00.000Z,2.339
2026-07-23T09:00:00.000Z,2.147
2026-07-23T10:00:00.000Z,1.955
2026-07-23T11:00:00.000Z,1.834
2026-07-23T12:00:00.000Z,1.812
2026-07-23T13:00:00.000Z,1.927
2026-07-23T14:00:00.000Z,2.032
2026-07-23T15:00:00.000Z,2.184
2026-07-23T16:00:00.000Z,2.202
2026-07-23T17:00:00.000Z,2.170
2026-07-23T18:00:00.000Z,2.181
2026-07-23T19:00:00.000Z,2.103
2026-07-23T20:00:00.000Z,2.012
2026-07-23T21:00:00.000Z,1.701
2026-07-23T22:00:00.000Z,1.560
2026-07-23T23:00:00.000Z,1.335
2026-07-24T00:00:00.000Z,1.268
2026-07-24T01:00:00.000Z,1.328
2026-07-24T02:00:00.000Z,1.217
2026-07-24T03:00:00.000Z,1.389
2026-07-24T04:00:00.000Z,1.341
2026-07-24T05:00:00.000Z,1.469
2026-07-24T06:00:00.000Z,1.648
2026-07-24T07:00:00.000Z,1.616
2026-07-24T08:00:00.000Z,1.321
2026-07-24T09:00:00.000Z,1.146
2026-07-24T10:00:00.000Z,1.044
2026-07-24T11:00:00.000Z,0.930
2026-07-24T12:00:00.000Z,0.716
2026-07-24T13:00:00.000Z,0.750
2026-07-24T14:00:00.000Z,0.800
2026-07-24T15:00:00.000Z,1.250
2026-07-24T16:00:00.000Z,1.770
2026-07-24T17:00:00.000Z,1.814
2026-07-24T18:00:00.000Z,1.860
2026-07-24T19:00:00.000Z,2.029
2026-07-24T20:00:00.000Z,1.743
2026-07-24T21:00:00.000Z,0.688
2026-07-24T22:00:00.000Z,0.352
2026-07-24T23:00:00.000Z,0.199
2026-07-25T00:00:00.000Z,0.200
2026-07-25T01:00:00.000Z,0.201
2026-07-25T02:00:00.000Z,0.200
2026-07-25T03:00:00.000Z,0.352
2026-07-25T04:00:00.000Z,0.689
2026-07-25T05:00:00.000Z,0.941
2026-07-25T06:00:00.000Z,1.022
2026-07-25T07:00:00.000Z,0.612
2026-07-25T08:00:00.000Z,0.385
2026-07-25T09:00:00.000Z,0.319
2026-07-25T10:00:00.000Z,0.318
2026-07-25T11:00:00.000Z,0.209
2026-07-25T12:00:00.000Z,0.263
2026-07-25T13:00:00.000Z,0.331
2026-07-25T14:00:00.000Z,0.445
2026-07-25T15:00:00.000Z,0.863
2026-07-25T16:00:00.000Z,1.193
2026-07-25T17:00:00.000Z,0.848
2026-07-25T18:00:00.000Z,0.512
2026-07-25T19:00:00.000Z,0.465
2026-07-25T20:00:00.000Z,0.324
2026-07-25T21:00:00.000Z,0.197
2026-07-25T22:00:00.000Z,0.141
2026-07-25T23:00:00.000Z,0.026
2026-07-26T00:00:00.000Z,0.001
2026-07-26T01:00:00.000Z,0.000
2026-07-26T02:00:00.000Z,0.000
2026-07-26T03:00:00.000Z,0.000
2026-07-26T04:00:00.000Z,0.001
2026-07-26T05:00:00.000Z,0.012
2026-07-26T06:00:00.000Z,0.010
2026-07-26T07:00:00.000Z,0.001
2026-07-26T08:00:00.000Z,0.001
2026-07-26T09:00:00.000Z,0.001
2026-07-26T10:00:00.000Z,0.000
2026-07-26T11:00:00.000Z,0.001
2026-07-26T12:00:00.000Z,0.001
2026-07-26T13:00:00.000Z,0.071
2026-07-26T14:00:00.000Z,0.324
2026-07-26T15:00:00.000Z,0.431
2026-07-26T16:00:00.000Z,0.445
2026-07-26T17:00:00.000Z,0.660
2026-07-26T18:00:00.000Z,0.450
2026-07-26T19:00:00.000Z,0.473
2026-07-26T20:00:00.000Z,0.438
2026-07-26T21:00:00.000Z,0.318
2026-07-26T22:00:00.000Z,0.794
2026-07-26T23:00:00.000Z,1.571
2026-07-27T00:00:00.000Z,1.749
2026-07-27T01:00:00.000Z,2.012
2026-07-27T02:00:00.000Z,2.071
2026-07-27T03:00:00.000Z,1.962
2026-07-27T04:00:00.000Z,2.082
2026-07-27T05:00:00.000Z,2.162
2026-07-27T06:00:00.000Z,2.179
2026-07-27T07:00:00.000Z,2.177
2026-07-27T08:00:00.000Z,1.914
2026-07-27T09:00:00.000Z,1.726
2026-07-27T10:00:00.000Z,1.812
2026-07-27T11:00:00.000Z,1.707
2026-07-27T12:00:00.000Z,1.689
2026-07-27T13:00:00.000Z,1.777
2026-07-27T14:00:00.000Z,1.720
2026-07-27T15:00:00.000Z,1.870
2026-07-27T16:00:00.000Z,1.982
2026-07-27T17:00:00.000Z,2.078
2026-07-27T18:00:00.000Z,2.068
2026-07-27T19:00:00.000Z,2.012
2026-07-27T20:00:00.000Z,1.887
2026-07-27T21:00:00.000Z,1.484
2026-07-27T22:00:00.000Z,1.551
2026-07-27T23:00:00.000Z,1.275
2026-07-28T00:00:00.000Z,0.970
2026-07-28T01:00:00.000Z,0.774
2026-07-28T02:00:00.000Z,0.720
2026-07-28T03:00:00.000Z,0.880
2026-07-28T04:00:00.000Z,1.175
2026-07-28T05:00:00.000Z,1.416
2026-07-28T06:00:00.000Z,1.059
2026-07-28T07:00:00.000Z,0.700
2026-07-28T08:00:00.000Z,0.557
2026-07-28T09:00:00.000Z,0.329
2026-07-28T10:00:00.000Z,0.231
2026-07-28T11:00:00.000Z,0.196
2026-07-28T12:00:00.000Z,0.200
2026-07-28T13:00:00.000Z,0.212
2026-07-28T14:00:00.000Z,0.345
2026-07-28T15:00:00.000Z,0.491
2026-07-28T16:00:00.000Z,0.670
2026-07-28T17:00:00.000Z,1.043
2026-07-28T18:00:00.000Z,0.850
2026-07-28T19:00:00.000Z,0.721
2026-07-28T20:00:00.000Z,0.484
2026-07-28T21:00:00.000Z,0.340
2026-07-28T22:00:00.000Z,0.765
2026-07-28T23:00:00.000Z,0.681
2026-07-29T00:00:00.000Z,0.844
2026-07-29T01:00:00.000Z,1.132
2026-07-29T02:00:00.000Z,1.471
2026-07-29T03:00:00.000Z,1.664
2026-07-29T04:00:00.000Z,1.833
2026-07-29T05:00:00.000Z,1.934
2026-07-29T06:00:00.000Z,1.939
2026-07-29T07:00:00.000Z,1.813
2026-07-29T08:00:00.000Z,1.719
2026-07-29T09:00:00.000Z,1.495
2026-07-29T10:00:00.000Z,1.068
2026-07-29T11:00:00.000Z,0.952
2026-07-29T12:00:00.000Z,1.170
2026-07-29T13:00:00.000Z,1.485
2026-07-29T14:00:00.000Z,1.746
2026-07-29T15:00:00.000Z,1.992
2026-07-29T16:00:00.000Z,2.091
2026-07-29T17:00:00.000Z,2.064
2026-07-29T18:00:00.000Z,2.004
2026-07-29T19:00:00.000Z,1.859
2026-07-29T20:00:00.000Z,1.803
2026-07-29T21:00:00.000Z,1.656
2026-07-29T22:00:00.000Z,1.627
2026-07-29T23:00:00.000Z,1.448
2026-07-30T00:00:00.000Z,1.424
2026-07-30T01:00:00.000Z,1.381
2026-07-30T02:00:00.000Z,1.315
2026-07-30T03:00:00.000Z,1.420
2026-07-30T04:00:00.000Z,1.636
2026-07-30T05:00:00.000Z,1.906
2026-07-30T06:00:00.000Z,1.906
2026-07-30T07:00:00.000Z,1.407
2026-07-30T08:00:00.000Z,0.999
2026-07-30T09:00:00.000Z,0.736
2026-07-30T10:00:00.000Z,0.607
2026-07-30T11:00:00.000Z,0.498
2026-07-30T12:00:00.000Z,0.627
2026-07-30T13:00:00.000Z,0.747
2026-07-30T14:00:00.000Z,0.988
2026-07-30T15:00:00.000Z,1.479
2026-07-30T16:00:00.000Z,1.865
2026-07-30T17:00:00.000Z,1.505
2026-07-30T18:00:00.000Z,1.432
2026-07-30T19:00:00.000Z,1.379
2026-07-30T20:00:00.000Z,1.124
2026-07-30T21:00:00.000Z,0.540
2026-07-30T22:00:00.000Z,0.516
2026-07-30T23:00:00.000Z,0.450
2026-07-31T00:00:00.000Z,0.416
2026-07-31T01:00:00.000Z,0.409
2026-07-31T02:00:00.000Z,0.416
2026-07-31T03:00:00.000Z,0.473
2026-07-31T04:00:00.000Z,0.527
2026-07-31T05:00:00.000Z,0.595
2026-07-31T06:00:00.000Z,0.577
2026-07-31T07:00:00.000Z,0.526
2026-07-31T08:00:00.000Z,0.501
2026-07-31T09:00:00.000Z,0.500
2026-07-31T10:00:00.000Z,0.484
2026-07-31T11:00:00.000Z,0.496
2026-07-31T12:00:00.000Z,0.500
2026-07-31T13:00:00.000Z,0.517
2026-07-31T14:00:00.000Z,0.794
2026-07-31T15:00:00.000Z,1.568
2026-07-31T16:00:00.000Z,1.712
2026-07-31T17:00:00.000Z,1.829
2026-07-31T18:00:00.000Z,1.800
2026-07-31T19:00:00.000Z,1.816
2026-07-31T20:00:00.000Z,1.801
2026-07-31T21:00:00.000Z,1.713